2026-06-16 13:52:46,951 | INFO     | src.fetcher | Processing 1/1: AAA
2026-06-16 13:52:46,951 | INFO     | src.fetcher | AAA — loaded from cache
2026-06-16 13:52:46,972 | INFO     | src.fetcher | Processing 1/1: BBB
2026-06-16 13:52:46,974 | WARNING  | src.fetcher | BBB — EDGAR description failed: no network in tests
2026-06-16 13:52:46,974 | WARNING  | src.fetcher | BBB — ev_ebitda outlier (12000000.0), setting None
2026-06-16 13:52:46,977 | WARNING  | src.fetcher | CCC — attempt 1 failed: boom. Retrying...
2026-06-16 13:52:46,977 | WARNING  | src.fetcher | CCC — attempt 2 failed: boom. Retrying...
2026-06-16 13:52:46,979 | INFO     | src.fetcher | Processing 1/1: DDD
2026-06-16 13:52:46,979 | WARNING  | src.fetcher | DDD — attempt 1 failed: boom. Retrying...
2026-06-16 13:52:46,979 | WARNING  | src.fetcher | DDD — attempt 2 failed: boom. Retrying...
2026-06-16 13:52:46,979 | ERROR    | src.fetcher | DDD — failed after 3 retries: boom
2026-06-16 13:52:46,980 | WARNING  | src.fetcher | EEE — ev_ebitda outlier (150), setting None
2026-06-16 13:52:46,981 | WARNING  | src.fetcher | FFF — ev_ebitda outlier (-3), setting None
2026-06-16 13:53:10,155 | WARNING  | src.universe_builder | yfinance sector screener failed: yfinance sector 'industrials' returned no companies. Falling back to hardcoded list.
2026-06-16 13:53:10,156 | INFO     | src.universe_builder | Found 104 candidate tickers before filtering
2026-06-16 13:53:11,320 | WARNING  | src.universe_builder | MMM — failed to fetch market cap: Too Many Requests. Rate limited. Try after a while.
2026-06-16 13:53:12,315 | WARNING  | src.universe_builder | HON — failed to fetch market cap: Too Many Requests. Rate limited. Try after a while.
2026-06-16 13:53:13,303 | WARNING  | src.universe_builder | GE — failed to fetch market cap: Too Many Requests. Rate limited. Try after a while.
2026-06-16 13:53:14,276 | WARNING  | src.universe_builder | EMR — failed to fetch market cap: Too Many Requests. Rate limited. Try after a while.
2026-06-16 13:53:15,123 | WARNING  | src.universe_builder | ITW — failed to fetch market cap: Too Many Requests. Rate limited. Try after a while.
2026-06-16 13:53:15,989 | WARNING  | src.universe_builder | PH — failed to fetch market cap: Too Many Requests. Rate limited. Try after a while.
2026-06-16 13:53:16,998 | WARNING  | src.universe_builder | ROK — failed to fetch market cap: Too Many Requests. Rate limited. Try after a while.
2026-06-16 13:53:17,996 | WARNING  | src.universe_builder | AME — failed to fetch market cap: Too Many Requests. Rate limited. Try after a while.
2026-06-16 13:53:18,905 | WARNING  | src.universe_builder | IEX — failed to fetch market cap: Too Many Requests. Rate limited. Try after a while.
2026-06-16 13:53:20,087 | WARNING  | src.universe_builder | GNRC — failed to fetch market cap: Too Many Requests. Rate limited. Try after a while.
2026-06-16 13:53:20,937 | WARNING  | src.universe_builder | SWK — failed to fetch market cap: Too Many Requests. Rate limited. Try after a while.
2026-06-16 13:53:21,936 | WARNING  | src.universe_builder | PNR — failed to fetch market cap: Too Many Requests. Rate limited. Try after a while.
2026-06-16 13:53:23,101 | WARNING  | src.universe_builder | RRX — failed to fetch market cap: Too Many Requests. Rate limited. Try after a while.
2026-06-16 13:53:24,242 | WARNING  | src.universe_builder | XYL — failed to fetch market cap: Too Many Requests. Rate limited. Try after a while.
2026-06-16 13:53:25,156 | WARNING  | src.universe_builder | FELE — failed to fetch market cap: Too Many Requests. Rate limited. Try after a while.
2026-06-16 13:53:26,473 | WARNING  | src.universe_builder | TT — failed to fetch market cap: Too Many Requests. Rate limited. Try after a while.
2026-06-16 13:53:27,534 | WARNING  | src.universe_builder | IR — failed to fetch market cap: Too Many Requests. Rate limited. Try after a while.
2026-06-16 13:53:28,617 | WARNING  | src.universe_builder | CARR — failed to fetch market cap: Too Many Requests. Rate limited. Try after a while.
2026-06-16 13:53:29,658 | WARNING  | src.universe_builder | OTIS — failed to fetch market cap: Too Many Requests. Rate limited. Try after a while.
2026-06-16 13:53:31,401 | WARNING  | src.universe_builder | LMT — failed to fetch market cap: Too Many Requests. Rate limited. Try after a while.
2026-06-16 13:53:32,628 | WARNING  | src.universe_builder | RTX — failed to fetch market cap: Too Many Requests. Rate limited. Try after a while.
2026-06-16 13:53:33,510 | WARNING  | src.universe_builder | GD — failed to fetch market cap: Too Many Requests. Rate limited. Try after a while.
2026-06-16 13:53:34,772 | WARNING  | src.universe_builder | NOC — failed to fetch market cap: Too Many Requests. Rate limited. Try after a while.
2026-06-16 13:53:35,585 | WARNING  | src.universe_builder | LHX — failed to fetch market cap: Too Many Requests. Rate limited. Try after a while.
2026-06-16 13:53:36,693 | WARNING  | src.universe_builder | TDG — failed to fetch market cap: Too Many Requests. Rate limited. Try after a while.
2026-06-16 13:53:37,600 | WARNING  | src.universe_builder | HII — failed to fetch market cap: Too Many Requests. Rate limited. Try after a while.
2026-06-16 13:53:38,641 | WARNING  | src.universe_builder | MOG.A — failed to fetch market cap: Too Many Requests. Rate limited. Try after a while.
2026-06-16 13:53:39,565 | WARNING  | src.universe_builder | HEI — failed to fetch market cap: Too Many Requests. Rate limited. Try after a while.
2026-06-16 13:53:40,651 | WARNING  | src.universe_builder | ESAB — failed to fetch market cap: Too Many Requests. Rate limited. Try after a while.
2026-06-16 13:53:41,443 | WARNING  | src.universe_builder | ITT — failed to fetch market cap: Too Many Requests. Rate limited. Try after a while.
2026-06-16 13:53:42,480 | WARNING  | src.universe_builder | WTS — failed to fetch market cap: Too Many Requests. Rate limited. Try after a while.
2026-06-16 13:53:43,442 | WARNING  | src.universe_builder | RXN — failed to fetch market cap: Too Many Requests. Rate limited. Try after a while.
2026-06-16 13:53:44,401 | WARNING  | src.universe_builder | ACCO — failed to fetch market cap: Too Many Requests. Rate limited. Try after a while.
2026-06-16 13:53:45,436 | WARNING  | src.universe_builder | LYTS — failed to fetch market cap: Too Many Requests. Rate limited. Try after a while.
2026-06-16 13:53:46,337 | WARNING  | src.universe_builder | KBAL — failed to fetch market cap: Too Many Requests. Rate limited. Try after a while.
2026-06-16 13:53:47,508 | WARNING  | src.universe_builder | GFF — failed to fetch market cap: Too Many Requests. Rate limited. Try after a while.
2026-06-16 13:53:48,552 | WARNING  | src.universe_builder | ASTE — failed to fetch market cap: Too Many Requests. Rate limited. Try after a while.
2026-06-16 13:53:49,480 | WARNING  | src.universe_builder | HCSG — failed to fetch market cap: Too Many Requests. Rate limited. Try after a while.
2026-06-16 13:53:50,459 | WARNING  | src.universe_builder | HI — failed to fetch market cap: Too Many Requests. Rate limited. Try after a while.
2026-06-16 13:53:51,577 | WARNING  | src.universe_builder | CSWI — failed to fetch market cap: Too Many Requests. Rate limited. Try after a while.
2026-06-16 13:53:52,807 | WARNING  | src.universe_builder | NVT — failed to fetch market cap: Too Many Requests. Rate limited. Try after a while.
2026-06-16 13:53:53,709 | WARNING  | src.universe_builder | TRMK — failed to fetch market cap: Too Many Requests. Rate limited. Try after a while.
2026-06-16 13:53:54,846 | WARNING  | src.universe_builder | DXPE — failed to fetch market cap: Too Many Requests. Rate limited. Try after a while.
2026-06-16 13:53:55,895 | WARNING  | src.universe_builder | CAT — failed to fetch market cap: Too Many Requests. Rate limited. Try after a while.
2026-06-16 13:53:57,308 | WARNING  | src.universe_builder | DE — failed to fetch market cap: Too Many Requests. Rate limited. Try after a while.
2026-06-16 13:53:58,154 | WARNING  | src.universe_builder | PCAR — failed to fetch market cap: Too Many Requests. Rate limited. Try after a while.
2026-06-16 13:53:59,257 | WARNING  | src.universe_builder | CMI — failed to fetch market cap: Too Many Requests. Rate limited. Try after a while.
2026-06-16 13:54:00,216 | WARNING  | src.universe_builder | DOV — failed to fetch market cap: Too Many Requests. Rate limited. Try after a while.
2026-06-16 13:54:01,300 | WARNING  | src.universe_builder | AOS — failed to fetch market cap: Too Many Requests. Rate limited. Try after a while.
2026-06-16 13:54:02,231 | WARNING  | src.universe_builder | ALLE — failed to fetch market cap: Too Many Requests. Rate limited. Try after a while.
2026-06-16 13:54:03,234 | WARNING  | src.universe_builder | MAS — failed to fetch market cap: Too Many Requests. Rate limited. Try after a while.
2026-06-16 13:54:04,524 | WARNING  | src.universe_builder | JCI — failed to fetch market cap: Too Many Requests. Rate limited. Try after a while.
2026-06-16 13:54:05,666 | WARNING  | src.universe_builder | LII — failed to fetch market cap: Too Many Requests. Rate limited. Try after a while.
2026-06-16 13:54:06,907 | WARNING  | src.universe_builder | PWR — failed to fetch market cap: Too Many Requests. Rate limited. Try after a while.
2026-06-16 13:54:08,056 | WARNING  | src.universe_builder | FAST — failed to fetch market cap: Too Many Requests. Rate limited. Try after a while.
2026-06-16 13:54:09,160 | WARNING  | src.universe_builder | GWW — failed to fetch market cap: Too Many Requests. Rate limited. Try after a while.
2026-06-16 13:54:10,224 | WARNING  | src.universe_builder | WSO — failed to fetch market cap: Too Many Requests. Rate limited. Try after a while.
2026-06-16 13:54:11,137 | WARNING  | src.universe_builder | AIT — failed to fetch market cap: Too Many Requests. Rate limited. Try after a while.
2026-06-16 13:54:12,005 | WARNING  | src.universe_builder | MSM — failed to fetch market cap: Too Many Requests. Rate limited. Try after a while.
2026-06-16 13:54:13,381 | WARNING  | src.universe_builder | SITE — failed to fetch market cap: Too Many Requests. Rate limited. Try after a while.
2026-06-16 13:54:14,844 | WARNING  | src.universe_builder | BLDR — failed to fetch market cap: Too Many Requests. Rate limited. Try after a while.
2026-06-16 13:54:15,922 | WARNING  | src.universe_builder | EXP — failed to fetch market cap: Too Many Requests. Rate limited. Try after a while.
2026-06-16 13:54:16,910 | WARNING  | src.universe_builder | VMC — failed to fetch market cap: Too Many Requests. Rate limited. Try after a while.
2026-06-16 13:54:18,031 | WARNING  | src.universe_builder | MLM — failed to fetch market cap: Too Many Requests. Rate limited. Try after a while.
2026-06-16 13:54:19,045 | WARNING  | src.universe_builder | NUE — failed to fetch market cap: Too Many Requests. Rate limited. Try after a while.
2026-06-16 13:54:20,209 | WARNING  | src.universe_builder | STLD — failed to fetch market cap: Too Many Requests. Rate limited. Try after a while.
2026-06-16 13:54:21,204 | WARNING  | src.universe_builder | X — failed to fetch market cap: Too Many Requests. Rate limited. Try after a while.
2026-06-16 13:54:22,250 | WARNING  | src.universe_builder | CLF — failed to fetch market cap: Too Many Requests. Rate limited. Try after a while.
2026-06-16 13:54:23,370 | WARNING  | src.universe_builder | RS — failed to fetch market cap: Too Many Requests. Rate limited. Try after a while.
2026-06-16 13:54:24,380 | WARNING  | src.universe_builder | ATI — failed to fetch market cap: Too Many Requests. Rate limited. Try after a while.
2026-06-16 13:54:25,664 | WARNING  | src.universe_builder | CRS — failed to fetch market cap: Too Many Requests. Rate limited. Try after a while.
2026-06-16 13:54:27,252 | WARNING  | src.universe_builder | KMT — failed to fetch market cap: Too Many Requests. Rate limited. Try after a while.
2026-06-16 13:54:28,295 | WARNING  | src.universe_builder | FLS — failed to fetch market cap: Too Many Requests. Rate limited. Try after a while.
2026-06-16 13:54:29,488 | WARNING  | src.universe_builder | CR — failed to fetch market cap: Too Many Requests. Rate limited. Try after a while.
2026-06-16 13:54:30,663 | WARNING  | src.universe_builder | DCI — failed to fetch market cap: Too Many Requests. Rate limited. Try after a while.
2026-06-16 13:54:31,935 | WARNING  | src.universe_builder | GTLS — failed to fetch market cap: Too Many Requests. Rate limited. Try after a while.
2026-06-16 13:54:33,033 | WARNING  | src.universe_builder | CFX — failed to fetch market cap: Too Many Requests. Rate limited. Try after a while.
2026-06-16 13:54:34,203 | WARNING  | src.universe_builder | HEES — failed to fetch market cap: Too Many Requests. Rate limited. Try after a while.
2026-06-16 13:54:35,265 | WARNING  | src.universe_builder | TKR — failed to fetch market cap: Too Many Requests. Rate limited. Try after a while.
2026-06-16 13:54:36,340 | WARNING  | src.universe_builder | ROLL — failed to fetch market cap: Too Many Requests. Rate limited. Try after a while.
2026-06-16 13:54:37,421 | WARNING  | src.universe_builder | B — failed to fetch market cap: Too Many Requests. Rate limited. Try after a while.
2026-06-16 13:54:38,366 | WARNING  | src.universe_builder | WCC — failed to fetch market cap: Too Many Requests. Rate limited. Try after a while.
2026-06-16 13:54:39,510 | WARNING  | src.universe_builder | AYI — failed to fetch market cap: Too Many Requests. Rate limited. Try after a while.
2026-06-16 13:54:40,501 | WARNING  | src.universe_builder | HUBB — failed to fetch market cap: Too Many Requests. Rate limited. Try after a while.
2026-06-16 13:54:41,546 | WARNING  | src.universe_builder | POWL — failed to fetch market cap: Too Many Requests. Rate limited. Try after a while.
2026-06-16 13:54:42,429 | WARNING  | src.universe_builder | THR — failed to fetch market cap: Too Many Requests. Rate limited. Try after a while.
2026-06-16 13:54:43,280 | WARNING  | src.universe_builder | MWA — failed to fetch market cap: Too Many Requests. Rate limited. Try after a while.
2026-06-16 13:54:44,280 | WARNING  | src.universe_builder | AWI — failed to fetch market cap: Too Many Requests. Rate limited. Try after a while.
2026-06-16 13:54:45,388 | WARNING  | src.universe_builder | JBT — failed to fetch market cap: Too Many Requests. Rate limited. Try after a while.
2026-06-16 13:54:46,413 | WARNING  | src.universe_builder | GGG — failed to fetch market cap: Too Many Requests. Rate limited. Try after a while.
2026-06-16 13:54:47,357 | WARNING  | src.universe_builder | SPXC — failed to fetch market cap: Too Many Requests. Rate limited. Try after a while.
2026-06-16 13:54:48,525 | WARNING  | src.universe_builder | CIR — failed to fetch market cap: Too Many Requests. Rate limited. Try after a while.
2026-06-16 13:54:49,707 | WARNING  | src.universe_builder | CSL — failed to fetch market cap: Too Many Requests. Rate limited. Try after a while.
2026-06-16 13:54:50,642 | WARNING  | src.universe_builder | EME — failed to fetch market cap: Too Many Requests. Rate limited. Try after a while.
2026-06-16 13:54:51,679 | WARNING  | src.universe_builder | MTZ — failed to fetch market cap: Too Many Requests. Rate limited. Try after a while.
2026-06-16 13:54:52,896 | WARNING  | src.universe_builder | BMI — failed to fetch market cap: Too Many Requests. Rate limited. Try after a while.
2026-06-16 13:54:53,726 | WARNING  | src.universe_builder | NDSN — failed to fetch market cap: Too Many Requests. Rate limited. Try after a while.
2026-06-16 13:54:55,174 | WARNING  | src.universe_builder | AAON — failed to fetch market cap: Too Many Requests. Rate limited. Try after a while.
2026-06-16 13:54:56,159 | WARNING  | src.universe_builder | LECO — failed to fetch market cap: Too Many Requests. Rate limited. Try after a while.
2026-06-16 13:54:56,952 | WARNING  | src.universe_builder | KAMN — failed to fetch market cap: Too Many Requests. Rate limited. Try after a while.
2026-06-16 13:54:58,138 | WARNING  | src.universe_builder | CW — failed to fetch market cap: Too Many Requests. Rate limited. Try after a while.
2026-06-16 13:54:58,933 | WARNING  | src.universe_builder | HXL — failed to fetch market cap: Too Many Requests. Rate limited. Try after a while.
2026-06-16 13:54:59,812 | WARNING  | src.universe_builder | TXT — failed to fetch market cap: Too Many Requests. Rate limited. Try after a while.
2026-06-16 13:55:00,855 | WARNING  | src.universe_builder | SPR — failed to fetch market cap: Too Many Requests. Rate limited. Try after a while.
2026-06-16 13:55:00,855 | INFO     | src.universe_builder | 0 candidates remain after market cap filter
2026-06-16 13:55:42,725 | INFO     | src.fetcher | Processing 1/2: MMM
2026-06-16 13:55:44,277 | WARNING  | src.fetcher | MMM — attempt 1 failed: Too Many Requests. Rate limited. Try after a while.. Retrying...
2026-06-16 13:55:46,372 | WARNING  | src.fetcher | MMM — attempt 2 failed: Too Many Requests. Rate limited. Try after a while.. Retrying...
2026-06-16 13:55:49,344 | ERROR    | src.fetcher | MMM — failed after 3 retries: Too Many Requests. Rate limited. Try after a while.
2026-06-16 13:55:49,345 | INFO     | src.fetcher | Processing 2/2: HON
2026-06-16 13:55:50,709 | WARNING  | src.fetcher | HON — attempt 1 failed: Too Many Requests. Rate limited. Try after a while.. Retrying...
2026-06-16 13:55:52,531 | WARNING  | src.fetcher | HON — attempt 2 failed: Too Many Requests. Rate limited. Try after a while.. Retrying...
2026-06-16 13:55:55,457 | ERROR    | src.fetcher | HON — failed after 3 retries: Too Many Requests. Rate limited. Try after a while.
2026-06-16 14:05:59,749 | WARNING  | src.universe_builder | yfinance sector screener failed: yfinance sector 'industrials' returned no companies. Falling back to hardcoded list.
2026-06-16 14:05:59,750 | INFO     | src.universe_builder | Found 104 candidate tickers before filtering
2026-06-16 14:06:00,958 | WARNING  | src.universe_builder | MMM — failed to fetch market cap: Too Many Requests. Rate limited. Try after a while.
2026-06-16 14:06:01,985 | WARNING  | src.universe_builder | HON — failed to fetch market cap: Too Many Requests. Rate limited. Try after a while.
2026-06-16 14:06:02,983 | WARNING  | src.universe_builder | GE — failed to fetch market cap: Too Many Requests. Rate limited. Try after a while.
2026-06-16 14:06:04,156 | WARNING  | src.universe_builder | EMR — failed to fetch market cap: Too Many Requests. Rate limited. Try after a while.
2026-06-16 14:06:05,106 | WARNING  | src.universe_builder | ITW — failed to fetch market cap: Too Many Requests. Rate limited. Try after a while.
2026-06-16 14:06:06,188 | WARNING  | src.universe_builder | PH — failed to fetch market cap: Too Many Requests. Rate limited. Try after a while.
2026-06-16 14:06:07,231 | WARNING  | src.universe_builder | ROK — failed to fetch market cap: Too Many Requests. Rate limited. Try after a while.
2026-06-16 14:06:08,273 | WARNING  | src.universe_builder | AME — failed to fetch market cap: Too Many Requests. Rate limited. Try after a while.
2026-06-16 14:06:09,292 | WARNING  | src.universe_builder | IEX — failed to fetch market cap: Too Many Requests. Rate limited. Try after a while.
2026-06-16 14:06:10,282 | WARNING  | src.universe_builder | GNRC — failed to fetch market cap: Too Many Requests. Rate limited. Try after a while.
2026-06-16 14:06:11,635 | WARNING  | src.universe_builder | SWK — failed to fetch market cap: Too Many Requests. Rate limited. Try after a while.
2026-06-16 14:06:12,666 | WARNING  | src.universe_builder | PNR — failed to fetch market cap: Too Many Requests. Rate limited. Try after a while.
2026-06-16 14:06:13,658 | WARNING  | src.universe_builder | RRX — failed to fetch market cap: Too Many Requests. Rate limited. Try after a while.
2026-06-16 14:06:14,953 | WARNING  | src.universe_builder | XYL — failed to fetch market cap: Too Many Requests. Rate limited. Try after a while.
2026-06-16 14:06:16,003 | WARNING  | src.universe_builder | FELE — failed to fetch market cap: Too Many Requests. Rate limited. Try after a while.
2026-06-16 14:06:16,867 | WARNING  | src.universe_builder | TT — failed to fetch market cap: Too Many Requests. Rate limited. Try after a while.
2026-06-16 14:06:17,892 | WARNING  | src.universe_builder | IR — failed to fetch market cap: Too Many Requests. Rate limited. Try after a while.
2026-06-16 14:06:19,016 | WARNING  | src.universe_builder | CARR — failed to fetch market cap: Too Many Requests. Rate limited. Try after a while.
2026-06-16 14:06:20,199 | WARNING  | src.universe_builder | OTIS — failed to fetch market cap: Too Many Requests. Rate limited. Try after a while.
2026-06-16 14:06:21,513 | WARNING  | src.universe_builder | LMT — failed to fetch market cap: Too Many Requests. Rate limited. Try after a while.
2026-06-16 14:06:22,641 | WARNING  | src.universe_builder | RTX — failed to fetch market cap: Too Many Requests. Rate limited. Try after a while.
2026-06-16 14:06:23,908 | WARNING  | src.universe_builder | GD — failed to fetch market cap: Too Many Requests. Rate limited. Try after a while.
2026-06-16 14:06:25,023 | WARNING  | src.universe_builder | NOC — failed to fetch market cap: Too Many Requests. Rate limited. Try after a while.
2026-06-16 14:06:26,125 | WARNING  | src.universe_builder | LHX — failed to fetch market cap: Too Many Requests. Rate limited. Try after a while.
2026-06-16 14:06:27,146 | WARNING  | src.universe_builder | TDG — failed to fetch market cap: Too Many Requests. Rate limited. Try after a while.
2026-06-16 14:06:28,586 | WARNING  | src.universe_builder | HII — failed to fetch market cap: Too Many Requests. Rate limited. Try after a while.
2026-06-16 14:06:29,638 | WARNING  | src.universe_builder | MOG.A — failed to fetch market cap: Too Many Requests. Rate limited. Try after a while.
2026-06-16 14:06:30,684 | WARNING  | src.universe_builder | HEI — failed to fetch market cap: Too Many Requests. Rate limited. Try after a while.
2026-06-16 14:06:31,573 | WARNING  | src.universe_builder | ESAB — failed to fetch market cap: Too Many Requests. Rate limited. Try after a while.
2026-06-16 14:06:32,560 | WARNING  | src.universe_builder | ITT — failed to fetch market cap: Too Many Requests. Rate limited. Try after a while.
2026-06-16 14:06:33,608 | WARNING  | src.universe_builder | WTS — failed to fetch market cap: Too Many Requests. Rate limited. Try after a while.
2026-06-16 14:06:34,493 | WARNING  | src.universe_builder | RXN — failed to fetch market cap: Too Many Requests. Rate limited. Try after a while.
2026-06-16 14:06:36,266 | WARNING  | src.universe_builder | ACCO — failed to fetch market cap: Too Many Requests. Rate limited. Try after a while.
2026-06-16 14:06:37,346 | WARNING  | src.universe_builder | LYTS — failed to fetch market cap: Too Many Requests. Rate limited. Try after a while.
2026-06-16 14:06:38,359 | WARNING  | src.universe_builder | KBAL — failed to fetch market cap: Too Many Requests. Rate limited. Try after a while.
2026-06-16 14:06:39,304 | WARNING  | src.universe_builder | GFF — failed to fetch market cap: Too Many Requests. Rate limited. Try after a while.
2026-06-16 14:06:40,292 | WARNING  | src.universe_builder | ASTE — failed to fetch market cap: Too Many Requests. Rate limited. Try after a while.
2026-06-16 14:06:41,336 | WARNING  | src.universe_builder | HCSG — failed to fetch market cap: Too Many Requests. Rate limited. Try after a while.
2026-06-16 14:06:42,359 | WARNING  | src.universe_builder | HI — failed to fetch market cap: Too Many Requests. Rate limited. Try after a while.
2026-06-16 14:06:43,400 | WARNING  | src.universe_builder | CSWI — failed to fetch market cap: Too Many Requests. Rate limited. Try after a while.
2026-06-16 14:06:44,355 | WARNING  | src.universe_builder | NVT — failed to fetch market cap: Too Many Requests. Rate limited. Try after a while.
2026-06-16 14:06:45,273 | WARNING  | src.universe_builder | TRMK — failed to fetch market cap: Too Many Requests. Rate limited. Try after a while.
2026-06-16 14:06:46,319 | WARNING  | src.universe_builder | DXPE — failed to fetch market cap: Too Many Requests. Rate limited. Try after a while.
2026-06-16 14:06:47,359 | WARNING  | src.universe_builder | CAT — failed to fetch market cap: Too Many Requests. Rate limited. Try after a while.
2026-06-16 14:06:48,730 | WARNING  | src.universe_builder | DE — failed to fetch market cap: Too Many Requests. Rate limited. Try after a while.
2026-06-16 14:06:49,887 | WARNING  | src.universe_builder | PCAR — failed to fetch market cap: Too Many Requests. Rate limited. Try after a while.
2026-06-16 14:06:50,969 | WARNING  | src.universe_builder | CMI — failed to fetch market cap: Too Many Requests. Rate limited. Try after a while.
2026-06-16 14:06:51,891 | WARNING  | src.universe_builder | DOV — failed to fetch market cap: Too Many Requests. Rate limited. Try after a while.
2026-06-16 14:06:52,883 | WARNING  | src.universe_builder | AOS — failed to fetch market cap: Too Many Requests. Rate limited. Try after a while.
2026-06-16 14:06:53,832 | WARNING  | src.universe_builder | ALLE — failed to fetch market cap: Too Many Requests. Rate limited. Try after a while.
2026-06-16 14:06:54,876 | WARNING  | src.universe_builder | MAS — failed to fetch market cap: Too Many Requests. Rate limited. Try after a while.
2026-06-16 14:06:56,191 | WARNING  | src.universe_builder | JCI — failed to fetch market cap: Too Many Requests. Rate limited. Try after a while.
2026-06-16 14:06:57,048 | WARNING  | src.universe_builder | LII — failed to fetch market cap: Too Many Requests. Rate limited. Try after a while.
2026-06-16 14:06:57,842 | WARNING  | src.universe_builder | PWR — failed to fetch market cap: Too Many Requests. Rate limited. Try after a while.
2026-06-16 14:06:58,704 | WARNING  | src.universe_builder | FAST — failed to fetch market cap: Too Many Requests. Rate limited. Try after a while.
2026-06-16 14:06:59,639 | WARNING  | src.universe_builder | GWW — failed to fetch market cap: Too Many Requests. Rate limited. Try after a while.
2026-06-16 14:07:00,617 | WARNING  | src.universe_builder | WSO — failed to fetch market cap: Too Many Requests. Rate limited. Try after a while.
2026-06-16 14:07:04,899 | WARNING  | src.universe_builder | AIT — failed to fetch market cap: Too Many Requests. Rate limited. Try after a while.
2026-06-16 14:07:06,618 | WARNING  | src.universe_builder | MSM — failed to fetch market cap: Too Many Requests. Rate limited. Try after a while.
2026-06-16 14:07:07,664 | WARNING  | src.universe_builder | SITE — failed to fetch market cap: Too Many Requests. Rate limited. Try after a while.
2026-06-16 14:07:08,722 | WARNING  | src.universe_builder | BLDR — failed to fetch market cap: Too Many Requests. Rate limited. Try after a while.
2026-06-16 14:07:09,660 | WARNING  | src.universe_builder | EXP — failed to fetch market cap: Too Many Requests. Rate limited. Try after a while.
2026-06-16 14:07:10,706 | WARNING  | src.universe_builder | VMC — failed to fetch market cap: Too Many Requests. Rate limited. Try after a while.
2026-06-16 14:07:11,750 | WARNING  | src.universe_builder | MLM — failed to fetch market cap: Too Many Requests. Rate limited. Try after a while.
2026-06-16 14:07:12,673 | WARNING  | src.universe_builder | NUE — failed to fetch market cap: Too Many Requests. Rate limited. Try after a while.
2026-06-16 14:07:13,752 | WARNING  | src.universe_builder | STLD — failed to fetch market cap: Too Many Requests. Rate limited. Try after a while.
2026-06-16 14:07:14,727 | WARNING  | src.universe_builder | X — failed to fetch market cap: Too Many Requests. Rate limited. Try after a while.
2026-06-16 14:07:15,645 | WARNING  | src.universe_builder | CLF — failed to fetch market cap: Too Many Requests. Rate limited. Try after a while.
2026-06-16 14:07:16,976 | WARNING  | src.universe_builder | RS — failed to fetch market cap: Too Many Requests. Rate limited. Try after a while.
2026-06-16 14:07:17,768 | WARNING  | src.universe_builder | ATI — failed to fetch market cap: Too Many Requests. Rate limited. Try after a while.
2026-06-16 14:07:18,765 | WARNING  | src.universe_builder | CRS — failed to fetch market cap: Too Many Requests. Rate limited. Try after a while.
2026-06-16 14:07:19,626 | WARNING  | src.universe_builder | KMT — failed to fetch market cap: Too Many Requests. Rate limited. Try after a while.
2026-06-16 14:07:21,272 | WARNING  | src.universe_builder | FLS — failed to fetch market cap: Too Many Requests. Rate limited. Try after a while.
2026-06-16 14:07:22,342 | WARNING  | src.universe_builder | CR — failed to fetch market cap: Too Many Requests. Rate limited. Try after a while.
2026-06-16 14:07:23,415 | WARNING  | src.universe_builder | DCI — failed to fetch market cap: Too Many Requests. Rate limited. Try after a while.
2026-06-16 14:07:24,535 | WARNING  | src.universe_builder | GTLS — failed to fetch market cap: Too Many Requests. Rate limited. Try after a while.
2026-06-16 14:07:25,379 | WARNING  | src.universe_builder | CFX — failed to fetch market cap: Too Many Requests. Rate limited. Try after a while.
2026-06-16 14:07:26,346 | WARNING  | src.universe_builder | HEES — failed to fetch market cap: Too Many Requests. Rate limited. Try after a while.
2026-06-16 14:07:27,497 | WARNING  | src.universe_builder | TKR — failed to fetch market cap: Too Many Requests. Rate limited. Try after a while.
2026-06-16 14:07:29,296 | WARNING  | src.universe_builder | ROLL — failed to fetch market cap: Too Many Requests. Rate limited. Try after a while.
2026-06-16 14:07:30,566 | WARNING  | src.universe_builder | B — failed to fetch market cap: Too Many Requests. Rate limited. Try after a while.
2026-06-16 14:07:31,727 | WARNING  | src.universe_builder | WCC — failed to fetch market cap: Too Many Requests. Rate limited. Try after a while.
2026-06-16 14:07:32,739 | WARNING  | src.universe_builder | AYI — failed to fetch market cap: Too Many Requests. Rate limited. Try after a while.
2026-06-16 14:07:33,765 | WARNING  | src.universe_builder | HUBB — failed to fetch market cap: Too Many Requests. Rate limited. Try after a while.
2026-06-16 14:07:34,679 | WARNING  | src.universe_builder | POWL — failed to fetch market cap: Too Many Requests. Rate limited. Try after a while.
2026-06-16 14:07:35,774 | WARNING  | src.universe_builder | THR — failed to fetch market cap: Too Many Requests. Rate limited. Try after a while.
2026-06-16 14:07:36,568 | WARNING  | src.universe_builder | MWA — failed to fetch market cap: Too Many Requests. Rate limited. Try after a while.
2026-06-16 14:07:37,440 | WARNING  | src.universe_builder | AWI — failed to fetch market cap: Too Many Requests. Rate limited. Try after a while.
2026-06-16 14:07:38,501 | WARNING  | src.universe_builder | JBT — failed to fetch market cap: Too Many Requests. Rate limited. Try after a while.
2026-06-16 14:07:39,444 | WARNING  | src.universe_builder | GGG — failed to fetch market cap: Too Many Requests. Rate limited. Try after a while.
2026-06-16 14:07:40,223 | WARNING  | src.universe_builder | SPXC — failed to fetch market cap: Too Many Requests. Rate limited. Try after a while.
2026-06-16 14:07:41,302 | WARNING  | src.universe_builder | CIR — failed to fetch market cap: Too Many Requests. Rate limited. Try after a while.
2026-06-16 14:07:42,311 | WARNING  | src.universe_builder | CSL — failed to fetch market cap: Too Many Requests. Rate limited. Try after a while.
2026-06-16 14:07:43,294 | WARNING  | src.universe_builder | EME — failed to fetch market cap: Too Many Requests. Rate limited. Try after a while.
2026-06-16 14:07:44,262 | WARNING  | src.universe_builder | MTZ — failed to fetch market cap: Too Many Requests. Rate limited. Try after a while.
2026-06-16 14:07:44,994 | WARNING  | src.universe_builder | BMI — failed to fetch market cap: Too Many Requests. Rate limited. Try after a while.
2026-06-16 14:07:45,880 | WARNING  | src.universe_builder | NDSN — failed to fetch market cap: Too Many Requests. Rate limited. Try after a while.
2026-06-16 14:07:47,077 | WARNING  | src.universe_builder | AAON — failed to fetch market cap: Too Many Requests. Rate limited. Try after a while.
2026-06-16 14:07:48,048 | WARNING  | src.universe_builder | LECO — failed to fetch market cap: Too Many Requests. Rate limited. Try after a while.
2026-06-16 14:07:48,924 | WARNING  | src.universe_builder | KAMN — failed to fetch market cap: Too Many Requests. Rate limited. Try after a while.
2026-06-16 14:07:50,038 | WARNING  | src.universe_builder | CW — failed to fetch market cap: Too Many Requests. Rate limited. Try after a while.
2026-06-16 14:07:51,049 | WARNING  | src.universe_builder | HXL — failed to fetch market cap: Too Many Requests. Rate limited. Try after a while.
2026-06-16 14:07:51,989 | WARNING  | src.universe_builder | TXT — failed to fetch market cap: Too Many Requests. Rate limited. Try after a while.
2026-06-16 14:07:52,830 | WARNING  | src.universe_builder | SPR — failed to fetch market cap: Too Many Requests. Rate limited. Try after a while.
2026-06-16 14:07:52,831 | INFO     | src.universe_builder | 0 candidates remain after market cap filter
2026-06-16 14:08:22,278 | INFO     | src.fetcher | Processing 1/5: MMM
2026-06-16 14:08:26,976 | INFO     | src.fetcher | Processing 2/5: HON
2026-06-16 14:08:27,750 | INFO     | src.fetcher | Processing 3/5: GE
2026-06-16 14:08:28,656 | INFO     | src.fetcher | Processing 4/5: CAT
2026-06-16 14:08:29,816 | INFO     | src.fetcher | Processing 5/5: DE
2026-06-16 14:13:05,355 | INFO     | src.fetcher | Processing 1/1: AAA
2026-06-16 14:13:05,355 | INFO     | src.fetcher | AAA — loaded from cache
2026-06-16 14:13:05,359 | INFO     | src.fetcher | Processing 1/1: BBB
2026-06-16 14:13:05,359 | WARNING  | src.fetcher | BBB — EDGAR description failed: no network in tests
2026-06-16 14:13:05,360 | WARNING  | src.fetcher | BBB — ev_ebitda outlier (12000000.0), setting None
2026-06-16 14:13:05,362 | WARNING  | src.fetcher | CCC — attempt 1 failed: boom. Retrying...
2026-06-16 14:13:05,362 | WARNING  | src.fetcher | CCC — attempt 2 failed: boom. Retrying...
2026-06-16 14:13:05,364 | INFO     | src.fetcher | Processing 1/1: DDD
2026-06-16 14:13:05,364 | WARNING  | src.fetcher | DDD — attempt 1 failed: boom. Retrying...
2026-06-16 14:13:05,364 | WARNING  | src.fetcher | DDD — attempt 2 failed: boom. Retrying...
2026-06-16 14:13:05,364 | ERROR    | src.fetcher | DDD — failed after 3 retries: boom
2026-06-16 14:13:05,378 | WARNING  | src.fetcher | EEE — ev_ebitda outlier (150), setting None
2026-06-16 14:13:05,379 | WARNING  | src.fetcher | FFF — ev_ebitda outlier (-3), setting None
2026-06-16 14:15:46,248 | WARNING  | src.universe_builder | yfinance sector screener failed: yfinance sector 'industrials' returned no companies. Falling back to hardcoded list.
2026-06-16 14:15:46,249 | INFO     | src.universe_builder | Found 104 candidate tickers before filtering
2026-06-16 14:15:47,128 | WARNING  | src.universe_builder | MMM — failed to fetch market cap: Too Many Requests. Rate limited. Try after a while.
2026-06-16 14:15:48,788 | WARNING  | src.universe_builder | HON — failed to fetch market cap: Too Many Requests. Rate limited. Try after a while.
2026-06-16 14:15:50,268 | WARNING  | src.universe_builder | GE — failed to fetch market cap: Too Many Requests. Rate limited. Try after a while.
2026-06-16 14:15:52,025 | WARNING  | src.universe_builder | EMR — failed to fetch market cap: Too Many Requests. Rate limited. Try after a while.
2026-06-16 14:15:53,786 | WARNING  | src.universe_builder | ITW — failed to fetch market cap: Too Many Requests. Rate limited. Try after a while.
2026-06-16 14:15:55,353 | WARNING  | src.universe_builder | PH — failed to fetch market cap: Too Many Requests. Rate limited. Try after a while.
2026-06-16 14:15:56,629 | WARNING  | src.universe_builder | ROK — failed to fetch market cap: Too Many Requests. Rate limited. Try after a while.
2026-06-16 14:15:58,083 | WARNING  | src.universe_builder | AME — failed to fetch market cap: Too Many Requests. Rate limited. Try after a while.
2026-06-16 14:15:59,659 | WARNING  | src.universe_builder | IEX — failed to fetch market cap: Too Many Requests. Rate limited. Try after a while.
2026-06-16 14:16:01,326 | WARNING  | src.universe_builder | GNRC — failed to fetch market cap: Too Many Requests. Rate limited. Try after a while.
2026-06-16 14:16:03,953 | WARNING  | src.universe_builder | SWK — failed to fetch market cap: Too Many Requests. Rate limited. Try after a while.
2026-06-16 14:16:05,315 | WARNING  | src.universe_builder | PNR — failed to fetch market cap: Too Many Requests. Rate limited. Try after a while.
2026-06-16 14:16:06,769 | WARNING  | src.universe_builder | RRX — failed to fetch market cap: Too Many Requests. Rate limited. Try after a while.
2026-06-16 14:16:08,141 | WARNING  | src.universe_builder | XYL — failed to fetch market cap: Too Many Requests. Rate limited. Try after a while.
2026-06-16 14:16:09,593 | WARNING  | src.universe_builder | FELE — failed to fetch market cap: Too Many Requests. Rate limited. Try after a while.
2026-06-16 14:16:11,228 | WARNING  | src.universe_builder | TT — failed to fetch market cap: Too Many Requests. Rate limited. Try after a while.
2026-06-16 14:16:12,657 | WARNING  | src.universe_builder | IR — failed to fetch market cap: Too Many Requests. Rate limited. Try after a while.
2026-06-16 14:16:14,258 | WARNING  | src.universe_builder | CARR — failed to fetch market cap: Too Many Requests. Rate limited. Try after a while.
2026-06-16 14:16:16,100 | WARNING  | src.universe_builder | OTIS — failed to fetch market cap: Too Many Requests. Rate limited. Try after a while.
2026-06-16 14:16:17,573 | WARNING  | src.universe_builder | LMT — failed to fetch market cap: Too Many Requests. Rate limited. Try after a while.
2026-06-16 14:16:19,135 | WARNING  | src.universe_builder | RTX — failed to fetch market cap: Too Many Requests. Rate limited. Try after a while.
2026-06-16 14:16:20,686 | WARNING  | src.universe_builder | GD — failed to fetch market cap: Too Many Requests. Rate limited. Try after a while.
2026-06-16 14:16:22,438 | WARNING  | src.universe_builder | NOC — failed to fetch market cap: Too Many Requests. Rate limited. Try after a while.
2026-06-16 14:16:23,872 | WARNING  | src.universe_builder | LHX — failed to fetch market cap: Too Many Requests. Rate limited. Try after a while.
2026-06-16 14:16:25,275 | WARNING  | src.universe_builder | TDG — failed to fetch market cap: Too Many Requests. Rate limited. Try after a while.
2026-06-16 14:16:26,988 | WARNING  | src.universe_builder | HII — failed to fetch market cap: Too Many Requests. Rate limited. Try after a while.
2026-06-16 14:16:28,557 | WARNING  | src.universe_builder | MOG.A — failed to fetch market cap: Too Many Requests. Rate limited. Try after a while.
2026-06-16 14:16:30,096 | WARNING  | src.universe_builder | HEI — failed to fetch market cap: Too Many Requests. Rate limited. Try after a while.
2026-06-16 14:16:31,529 | WARNING  | src.universe_builder | ESAB — failed to fetch market cap: Too Many Requests. Rate limited. Try after a while.
2026-06-16 14:16:32,939 | WARNING  | src.universe_builder | ITT — failed to fetch market cap: Too Many Requests. Rate limited. Try after a while.
2026-06-16 14:16:34,389 | WARNING  | src.universe_builder | WTS — failed to fetch market cap: Too Many Requests. Rate limited. Try after a while.
2026-06-16 14:16:35,858 | WARNING  | src.universe_builder | RXN — failed to fetch market cap: Too Many Requests. Rate limited. Try after a while.
2026-06-16 14:16:37,558 | WARNING  | src.universe_builder | ACCO — failed to fetch market cap: Too Many Requests. Rate limited. Try after a while.
2026-06-16 14:16:39,108 | WARNING  | src.universe_builder | LYTS — failed to fetch market cap: Too Many Requests. Rate limited. Try after a while.
2026-06-16 14:16:40,557 | WARNING  | src.universe_builder | KBAL — failed to fetch market cap: Too Many Requests. Rate limited. Try after a while.
2026-06-16 14:16:42,119 | WARNING  | src.universe_builder | GFF — failed to fetch market cap: Too Many Requests. Rate limited. Try after a while.
2026-06-16 14:16:43,637 | WARNING  | src.universe_builder | ASTE — failed to fetch market cap: Too Many Requests. Rate limited. Try after a while.
2026-06-16 14:16:45,162 | WARNING  | src.universe_builder | HCSG — failed to fetch market cap: Too Many Requests. Rate limited. Try after a while.
2026-06-16 14:16:46,496 | WARNING  | src.universe_builder | HI — failed to fetch market cap: Too Many Requests. Rate limited. Try after a while.
2026-06-16 14:16:48,359 | WARNING  | src.universe_builder | CSWI — failed to fetch market cap: Too Many Requests. Rate limited. Try after a while.
2026-06-16 14:16:49,880 | WARNING  | src.universe_builder | NVT — failed to fetch market cap: Too Many Requests. Rate limited. Try after a while.
2026-06-16 14:16:52,115 | WARNING  | src.universe_builder | TRMK — failed to fetch market cap: Too Many Requests. Rate limited. Try after a while.
2026-06-16 14:16:53,753 | WARNING  | src.universe_builder | DXPE — failed to fetch market cap: Too Many Requests. Rate limited. Try after a while.
2026-06-16 14:16:55,193 | WARNING  | src.universe_builder | CAT — failed to fetch market cap: Too Many Requests. Rate limited. Try after a while.
2026-06-16 14:16:56,581 | WARNING  | src.universe_builder | DE — failed to fetch market cap: Too Many Requests. Rate limited. Try after a while.
2026-06-16 14:16:58,058 | WARNING  | src.universe_builder | PCAR — failed to fetch market cap: Too Many Requests. Rate limited. Try after a while.
2026-06-16 14:16:59,713 | WARNING  | src.universe_builder | CMI — failed to fetch market cap: Too Many Requests. Rate limited. Try after a while.
2026-06-16 14:17:01,131 | WARNING  | src.universe_builder | DOV — failed to fetch market cap: Too Many Requests. Rate limited. Try after a while.
2026-06-16 14:17:02,607 | WARNING  | src.universe_builder | AOS — failed to fetch market cap: Too Many Requests. Rate limited. Try after a while.
2026-06-16 14:17:04,178 | WARNING  | src.universe_builder | ALLE — failed to fetch market cap: Too Many Requests. Rate limited. Try after a while.
2026-06-16 14:17:05,679 | WARNING  | src.universe_builder | MAS — failed to fetch market cap: Too Many Requests. Rate limited. Try after a while.
2026-06-16 14:17:07,292 | WARNING  | src.universe_builder | JCI — failed to fetch market cap: Too Many Requests. Rate limited. Try after a while.
2026-06-16 14:17:08,649 | WARNING  | src.universe_builder | LII — failed to fetch market cap: Too Many Requests. Rate limited. Try after a while.
2026-06-16 14:17:10,038 | WARNING  | src.universe_builder | PWR — failed to fetch market cap: Too Many Requests. Rate limited. Try after a while.
2026-06-16 14:17:11,536 | WARNING  | src.universe_builder | FAST — failed to fetch market cap: Too Many Requests. Rate limited. Try after a while.
2026-06-16 14:17:13,153 | WARNING  | src.universe_builder | GWW — failed to fetch market cap: Too Many Requests. Rate limited. Try after a while.
2026-06-16 14:17:14,689 | WARNING  | src.universe_builder | WSO — failed to fetch market cap: Too Many Requests. Rate limited. Try after a while.
2026-06-16 14:17:16,401 | WARNING  | src.universe_builder | AIT — failed to fetch market cap: Too Many Requests. Rate limited. Try after a while.
2026-06-16 14:17:17,870 | WARNING  | src.universe_builder | MSM — failed to fetch market cap: Too Many Requests. Rate limited. Try after a while.
2026-06-16 14:17:19,134 | WARNING  | src.universe_builder | SITE — failed to fetch market cap: Too Many Requests. Rate limited. Try after a while.
2026-06-16 14:17:20,637 | WARNING  | src.universe_builder | BLDR — failed to fetch market cap: Too Many Requests. Rate limited. Try after a while.
2026-06-16 14:17:22,429 | WARNING  | src.universe_builder | EXP — failed to fetch market cap: Too Many Requests. Rate limited. Try after a while.
2026-06-16 14:17:24,042 | WARNING  | src.universe_builder | VMC — failed to fetch market cap: Too Many Requests. Rate limited. Try after a while.
2026-06-16 14:17:25,389 | WARNING  | src.universe_builder | MLM — failed to fetch market cap: Too Many Requests. Rate limited. Try after a while.
2026-06-16 14:17:26,702 | WARNING  | src.universe_builder | NUE — failed to fetch market cap: Too Many Requests. Rate limited. Try after a while.
2026-06-16 14:17:28,291 | WARNING  | src.universe_builder | STLD — failed to fetch market cap: Too Many Requests. Rate limited. Try after a while.
2026-06-16 14:17:29,624 | WARNING  | src.universe_builder | X — failed to fetch market cap: Too Many Requests. Rate limited. Try after a while.
2026-06-16 14:17:31,430 | WARNING  | src.universe_builder | CLF — failed to fetch market cap: Too Many Requests. Rate limited. Try after a while.
2026-06-16 14:17:33,087 | WARNING  | src.universe_builder | RS — failed to fetch market cap: Too Many Requests. Rate limited. Try after a while.
2026-06-16 14:17:34,638 | WARNING  | src.universe_builder | ATI — failed to fetch market cap: Too Many Requests. Rate limited. Try after a while.
2026-06-16 14:17:36,143 | WARNING  | src.universe_builder | CRS — failed to fetch market cap: Too Many Requests. Rate limited. Try after a while.
2026-06-16 14:17:37,730 | WARNING  | src.universe_builder | KMT — failed to fetch market cap: Too Many Requests. Rate limited. Try after a while.
2026-06-16 14:17:39,305 | WARNING  | src.universe_builder | FLS — failed to fetch market cap: Too Many Requests. Rate limited. Try after a while.
2026-06-16 14:17:40,912 | WARNING  | src.universe_builder | CR — failed to fetch market cap: Too Many Requests. Rate limited. Try after a while.
2026-06-16 14:17:42,344 | WARNING  | src.universe_builder | DCI — failed to fetch market cap: Too Many Requests. Rate limited. Try after a while.
2026-06-16 14:17:43,696 | WARNING  | src.universe_builder | GTLS — failed to fetch market cap: Too Many Requests. Rate limited. Try after a while.
2026-06-16 14:17:45,352 | WARNING  | src.universe_builder | CFX — failed to fetch market cap: Too Many Requests. Rate limited. Try after a while.
2026-06-16 14:17:46,739 | WARNING  | src.universe_builder | HEES — failed to fetch market cap: Too Many Requests. Rate limited. Try after a while.
2026-06-16 14:17:48,210 | WARNING  | src.universe_builder | TKR — failed to fetch market cap: Too Many Requests. Rate limited. Try after a while.
2026-06-16 14:17:49,505 | WARNING  | src.universe_builder | ROLL — failed to fetch market cap: Too Many Requests. Rate limited. Try after a while.
2026-06-16 14:17:50,987 | WARNING  | src.universe_builder | B — failed to fetch market cap: Too Many Requests. Rate limited. Try after a while.
2026-06-16 14:17:52,408 | WARNING  | src.universe_builder | WCC — failed to fetch market cap: Too Many Requests. Rate limited. Try after a while.
2026-06-16 14:17:53,739 | WARNING  | src.universe_builder | AYI — failed to fetch market cap: Too Many Requests. Rate limited. Try after a while.
2026-06-16 14:17:55,654 | WARNING  | src.universe_builder | HUBB — failed to fetch market cap: Too Many Requests. Rate limited. Try after a while.
2026-06-16 14:17:57,135 | WARNING  | src.universe_builder | POWL — failed to fetch market cap: Too Many Requests. Rate limited. Try after a while.
2026-06-16 14:17:58,605 | WARNING  | src.universe_builder | THR — failed to fetch market cap: Too Many Requests. Rate limited. Try after a while.
2026-06-16 14:18:00,307 | WARNING  | src.universe_builder | MWA — failed to fetch market cap: Too Many Requests. Rate limited. Try after a while.
2026-06-16 14:18:01,747 | WARNING  | src.universe_builder | AWI — failed to fetch market cap: Too Many Requests. Rate limited. Try after a while.
2026-06-16 14:18:03,158 | WARNING  | src.universe_builder | JBT — failed to fetch market cap: Too Many Requests. Rate limited. Try after a while.
2026-06-16 14:18:04,553 | WARNING  | src.universe_builder | GGG — failed to fetch market cap: Too Many Requests. Rate limited. Try after a while.
2026-06-16 14:18:06,088 | WARNING  | src.universe_builder | SPXC — failed to fetch market cap: Too Many Requests. Rate limited. Try after a while.
2026-06-16 14:18:07,749 | WARNING  | src.universe_builder | CIR — failed to fetch market cap: Too Many Requests. Rate limited. Try after a while.
2026-06-16 14:18:09,340 | WARNING  | src.universe_builder | CSL — failed to fetch market cap: Too Many Requests. Rate limited. Try after a while.
2026-06-16 14:18:10,793 | WARNING  | src.universe_builder | EME — failed to fetch market cap: Too Many Requests. Rate limited. Try after a while.
2026-06-16 14:18:12,314 | WARNING  | src.universe_builder | MTZ — failed to fetch market cap: Too Many Requests. Rate limited. Try after a while.
2026-06-16 14:18:13,641 | WARNING  | src.universe_builder | BMI — failed to fetch market cap: Too Many Requests. Rate limited. Try after a while.
2026-06-16 14:18:15,390 | WARNING  | src.universe_builder | NDSN — failed to fetch market cap: Too Many Requests. Rate limited. Try after a while.
2026-06-16 14:18:17,126 | WARNING  | src.universe_builder | AAON — failed to fetch market cap: Too Many Requests. Rate limited. Try after a while.
2026-06-16 14:18:18,483 | WARNING  | src.universe_builder | LECO — failed to fetch market cap: Too Many Requests. Rate limited. Try after a while.
2026-06-16 14:18:19,825 | WARNING  | src.universe_builder | KAMN — failed to fetch market cap: Too Many Requests. Rate limited. Try after a while.
2026-06-16 14:18:21,335 | WARNING  | src.universe_builder | CW — failed to fetch market cap: Too Many Requests. Rate limited. Try after a while.
2026-06-16 14:18:22,755 | WARNING  | src.universe_builder | HXL — failed to fetch market cap: Too Many Requests. Rate limited. Try after a while.
2026-06-16 14:18:24,392 | WARNING  | src.universe_builder | TXT — failed to fetch market cap: Too Many Requests. Rate limited. Try after a while.
2026-06-16 14:18:25,732 | WARNING  | src.universe_builder | SPR — failed to fetch market cap: Too Many Requests. Rate limited. Try after a while.
2026-06-16 14:18:25,732 | INFO     | src.universe_builder | 0 candidates remain after market cap filter
2026-06-16 14:20:25,953 | WARNING  | src.universe_builder | yfinance sector screener failed: yfinance sector 'industrials' returned no companies. Falling back to hardcoded list.
2026-06-16 14:20:25,956 | INFO     | src.universe_builder | Found 104 candidate tickers before filtering
2026-06-16 14:20:26,992 | WARNING  | src.universe_builder | MMM — failed to fetch market cap: Too Many Requests. Rate limited. Try after a while.
2026-06-16 14:20:28,510 | WARNING  | src.universe_builder | HON — failed to fetch market cap: Too Many Requests. Rate limited. Try after a while.
2026-06-16 14:20:30,326 | WARNING  | src.universe_builder | GE — failed to fetch market cap: Too Many Requests. Rate limited. Try after a while.
2026-06-16 14:20:31,887 | WARNING  | src.universe_builder | EMR — failed to fetch market cap: Too Many Requests. Rate limited. Try after a while.
2026-06-16 14:20:33,463 | WARNING  | src.universe_builder | ITW — failed to fetch market cap: Too Many Requests. Rate limited. Try after a while.
2026-06-16 14:20:34,961 | WARNING  | src.universe_builder | PH — failed to fetch market cap: Too Many Requests. Rate limited. Try after a while.
2026-06-16 14:20:36,441 | WARNING  | src.universe_builder | ROK — failed to fetch market cap: Too Many Requests. Rate limited. Try after a while.
2026-06-16 14:20:37,718 | WARNING  | src.universe_builder | AME — failed to fetch market cap: Too Many Requests. Rate limited. Try after a while.
2026-06-16 14:20:39,153 | WARNING  | src.universe_builder | IEX — failed to fetch market cap: Too Many Requests. Rate limited. Try after a while.
2026-06-16 14:20:40,698 | WARNING  | src.universe_builder | GNRC — failed to fetch market cap: Too Many Requests. Rate limited. Try after a while.
2026-06-16 14:20:42,174 | WARNING  | src.universe_builder | SWK — failed to fetch market cap: Too Many Requests. Rate limited. Try after a while.
2026-06-16 14:20:43,745 | WARNING  | src.universe_builder | PNR — failed to fetch market cap: Too Many Requests. Rate limited. Try after a while.
2026-06-16 14:20:45,134 | WARNING  | src.universe_builder | RRX — failed to fetch market cap: Too Many Requests. Rate limited. Try after a while.
2026-06-16 14:20:46,607 | WARNING  | src.universe_builder | XYL — failed to fetch market cap: Too Many Requests. Rate limited. Try after a while.
2026-06-16 14:20:48,200 | WARNING  | src.universe_builder | FELE — failed to fetch market cap: Too Many Requests. Rate limited. Try after a while.
2026-06-16 14:20:49,686 | WARNING  | src.universe_builder | TT — failed to fetch market cap: Too Many Requests. Rate limited. Try after a while.
2026-06-16 14:20:51,324 | WARNING  | src.universe_builder | IR — failed to fetch market cap: Too Many Requests. Rate limited. Try after a while.
2026-06-16 14:20:52,790 | WARNING  | src.universe_builder | CARR — failed to fetch market cap: Too Many Requests. Rate limited. Try after a while.
2026-06-16 14:20:54,318 | WARNING  | src.universe_builder | OTIS — failed to fetch market cap: Too Many Requests. Rate limited. Try after a while.
2026-06-16 14:20:55,953 | WARNING  | src.universe_builder | LMT — failed to fetch market cap: Too Many Requests. Rate limited. Try after a while.
2026-06-16 14:20:57,480 | WARNING  | src.universe_builder | RTX — failed to fetch market cap: Too Many Requests. Rate limited. Try after a while.
2026-06-16 14:20:59,237 | WARNING  | src.universe_builder | GD — failed to fetch market cap: Too Many Requests. Rate limited. Try after a while.
2026-06-16 14:21:00,905 | WARNING  | src.universe_builder | NOC — failed to fetch market cap: Too Many Requests. Rate limited. Try after a while.
2026-06-16 14:21:02,274 | WARNING  | src.universe_builder | LHX — failed to fetch market cap: Too Many Requests. Rate limited. Try after a while.
2026-06-16 14:21:03,674 | WARNING  | src.universe_builder | TDG — failed to fetch market cap: Too Many Requests. Rate limited. Try after a while.
2026-06-16 14:21:05,029 | WARNING  | src.universe_builder | HII — failed to fetch market cap: Too Many Requests. Rate limited. Try after a while.
2026-06-16 14:21:06,530 | WARNING  | src.universe_builder | MOG.A — failed to fetch market cap: Too Many Requests. Rate limited. Try after a while.
2026-06-16 14:21:09,005 | WARNING  | src.universe_builder | HEI — failed to fetch market cap: Too Many Requests. Rate limited. Try after a while.
2026-06-16 14:21:10,572 | WARNING  | src.universe_builder | ESAB — failed to fetch market cap: Too Many Requests. Rate limited. Try after a while.
2026-06-16 14:21:12,092 | WARNING  | src.universe_builder | ITT — failed to fetch market cap: Too Many Requests. Rate limited. Try after a while.
2026-06-16 14:21:14,214 | WARNING  | src.universe_builder | WTS — failed to fetch market cap: Too Many Requests. Rate limited. Try after a while.
2026-06-16 14:21:15,983 | WARNING  | src.universe_builder | RXN — failed to fetch market cap: Too Many Requests. Rate limited. Try after a while.
2026-06-16 14:21:17,617 | WARNING  | src.universe_builder | ACCO — failed to fetch market cap: Too Many Requests. Rate limited. Try after a while.
2026-06-16 14:21:19,394 | WARNING  | src.universe_builder | LYTS — failed to fetch market cap: Too Many Requests. Rate limited. Try after a while.
2026-06-16 14:21:20,972 | WARNING  | src.universe_builder | KBAL — failed to fetch market cap: Too Many Requests. Rate limited. Try after a while.
2026-06-16 14:21:22,510 | WARNING  | src.universe_builder | GFF — failed to fetch market cap: Too Many Requests. Rate limited. Try after a while.
2026-06-16 14:21:24,420 | WARNING  | src.universe_builder | ASTE — failed to fetch market cap: Too Many Requests. Rate limited. Try after a while.
2026-06-16 14:21:26,446 | WARNING  | src.universe_builder | HCSG — failed to fetch market cap: Too Many Requests. Rate limited. Try after a while.
2026-06-16 14:21:27,876 | WARNING  | src.universe_builder | HI — failed to fetch market cap: Too Many Requests. Rate limited. Try after a while.
2026-06-16 14:21:29,327 | WARNING  | src.universe_builder | CSWI — failed to fetch market cap: Too Many Requests. Rate limited. Try after a while.
2026-06-16 14:21:30,985 | WARNING  | src.universe_builder | NVT — failed to fetch market cap: Too Many Requests. Rate limited. Try after a while.
2026-06-16 14:21:32,611 | WARNING  | src.universe_builder | TRMK — failed to fetch market cap: Too Many Requests. Rate limited. Try after a while.
2026-06-16 14:21:34,105 | WARNING  | src.universe_builder | DXPE — failed to fetch market cap: Too Many Requests. Rate limited. Try after a while.
2026-06-16 14:21:35,485 | WARNING  | src.universe_builder | CAT — failed to fetch market cap: Too Many Requests. Rate limited. Try after a while.
2026-06-16 14:21:37,197 | WARNING  | src.universe_builder | DE — failed to fetch market cap: Too Many Requests. Rate limited. Try after a while.
2026-06-16 14:21:38,648 | WARNING  | src.universe_builder | PCAR — failed to fetch market cap: Too Many Requests. Rate limited. Try after a while.
2026-06-16 14:21:40,368 | WARNING  | src.universe_builder | CMI — failed to fetch market cap: Too Many Requests. Rate limited. Try after a while.
2026-06-16 14:21:41,943 | WARNING  | src.universe_builder | DOV — failed to fetch market cap: Too Many Requests. Rate limited. Try after a while.
2026-06-16 14:21:43,633 | WARNING  | src.universe_builder | AOS — failed to fetch market cap: Too Many Requests. Rate limited. Try after a while.
2026-06-16 14:21:45,062 | WARNING  | src.universe_builder | ALLE — failed to fetch market cap: Too Many Requests. Rate limited. Try after a while.
2026-06-16 14:21:46,781 | WARNING  | src.universe_builder | MAS — failed to fetch market cap: Too Many Requests. Rate limited. Try after a while.
2026-06-16 14:21:48,103 | WARNING  | src.universe_builder | JCI — failed to fetch market cap: Too Many Requests. Rate limited. Try after a while.
2026-06-16 14:21:49,823 | WARNING  | src.universe_builder | LII — failed to fetch market cap: Too Many Requests. Rate limited. Try after a while.
2026-06-16 14:21:51,575 | WARNING  | src.universe_builder | PWR — failed to fetch market cap: Too Many Requests. Rate limited. Try after a while.
2026-06-16 14:21:53,036 | WARNING  | src.universe_builder | FAST — failed to fetch market cap: Too Many Requests. Rate limited. Try after a while.
2026-06-16 14:21:54,493 | WARNING  | src.universe_builder | GWW — failed to fetch market cap: Too Many Requests. Rate limited. Try after a while.
2026-06-16 14:21:55,796 | WARNING  | src.universe_builder | WSO — failed to fetch market cap: Too Many Requests. Rate limited. Try after a while.
2026-06-16 14:21:57,403 | WARNING  | src.universe_builder | AIT — failed to fetch market cap: Too Many Requests. Rate limited. Try after a while.
2026-06-16 14:21:58,994 | WARNING  | src.universe_builder | MSM — failed to fetch market cap: Too Many Requests. Rate limited. Try after a while.
2026-06-16 14:22:00,530 | WARNING  | src.universe_builder | SITE — failed to fetch market cap: Too Many Requests. Rate limited. Try after a while.
2026-06-16 14:22:02,357 | WARNING  | src.universe_builder | BLDR — failed to fetch market cap: Too Many Requests. Rate limited. Try after a while.
2026-06-16 14:22:03,750 | WARNING  | src.universe_builder | EXP — failed to fetch market cap: Too Many Requests. Rate limited. Try after a while.
2026-06-16 14:22:05,543 | WARNING  | src.universe_builder | VMC — failed to fetch market cap: Too Many Requests. Rate limited. Try after a while.
2026-06-16 14:22:07,112 | WARNING  | src.universe_builder | MLM — failed to fetch market cap: Too Many Requests. Rate limited. Try after a while.
2026-06-16 14:22:08,533 | WARNING  | src.universe_builder | NUE — failed to fetch market cap: Too Many Requests. Rate limited. Try after a while.
2026-06-16 14:22:10,377 | WARNING  | src.universe_builder | STLD — failed to fetch market cap: Too Many Requests. Rate limited. Try after a while.
2026-06-16 14:22:12,051 | WARNING  | src.universe_builder | X — failed to fetch market cap: Too Many Requests. Rate limited. Try after a while.
2026-06-16 14:22:13,796 | WARNING  | src.universe_builder | CLF — failed to fetch market cap: Too Many Requests. Rate limited. Try after a while.
2026-06-16 14:22:15,583 | WARNING  | src.universe_builder | RS — failed to fetch market cap: Too Many Requests. Rate limited. Try after a while.
2026-06-16 14:22:17,253 | WARNING  | src.universe_builder | ATI — failed to fetch market cap: Too Many Requests. Rate limited. Try after a while.
2026-06-16 14:22:18,826 | WARNING  | src.universe_builder | CRS — failed to fetch market cap: Too Many Requests. Rate limited. Try after a while.
2026-06-16 14:22:20,441 | WARNING  | src.universe_builder | KMT — failed to fetch market cap: Too Many Requests. Rate limited. Try after a while.
2026-06-16 14:22:22,012 | WARNING  | src.universe_builder | FLS — failed to fetch market cap: Too Many Requests. Rate limited. Try after a while.
2026-06-16 14:22:23,399 | WARNING  | src.universe_builder | CR — failed to fetch market cap: Too Many Requests. Rate limited. Try after a while.
2026-06-16 14:22:25,057 | WARNING  | src.universe_builder | DCI — failed to fetch market cap: Too Many Requests. Rate limited. Try after a while.
2026-06-16 14:22:26,638 | WARNING  | src.universe_builder | GTLS — failed to fetch market cap: Too Many Requests. Rate limited. Try after a while.
2026-06-16 14:22:27,948 | WARNING  | src.universe_builder | CFX — failed to fetch market cap: Too Many Requests. Rate limited. Try after a while.
2026-06-16 14:22:29,810 | WARNING  | src.universe_builder | HEES — failed to fetch market cap: Too Many Requests. Rate limited. Try after a while.
2026-06-16 14:22:31,233 | WARNING  | src.universe_builder | TKR — failed to fetch market cap: Too Many Requests. Rate limited. Try after a while.
2026-06-16 14:22:32,570 | WARNING  | src.universe_builder | ROLL — failed to fetch market cap: Too Many Requests. Rate limited. Try after a while.
2026-06-16 14:22:34,051 | WARNING  | src.universe_builder | B — failed to fetch market cap: Too Many Requests. Rate limited. Try after a while.
2026-06-16 14:22:35,578 | WARNING  | src.universe_builder | WCC — failed to fetch market cap: Too Many Requests. Rate limited. Try after a while.
2026-06-16 14:22:37,741 | WARNING  | src.universe_builder | AYI — failed to fetch market cap: Too Many Requests. Rate limited. Try after a while.
2026-06-16 14:22:40,746 | WARNING  | src.universe_builder | HUBB — failed to fetch market cap: Too Many Requests. Rate limited. Try after a while.
2026-06-16 14:22:42,382 | WARNING  | src.universe_builder | POWL — failed to fetch market cap: Too Many Requests. Rate limited. Try after a while.
2026-06-16 14:22:43,923 | WARNING  | src.universe_builder | THR — failed to fetch market cap: Too Many Requests. Rate limited. Try after a while.
2026-06-16 14:22:45,682 | WARNING  | src.universe_builder | MWA — failed to fetch market cap: Too Many Requests. Rate limited. Try after a while.
2026-06-16 14:22:47,186 | WARNING  | src.universe_builder | AWI — failed to fetch market cap: Too Many Requests. Rate limited. Try after a while.
2026-06-16 14:22:48,705 | WARNING  | src.universe_builder | JBT — failed to fetch market cap: Too Many Requests. Rate limited. Try after a while.
2026-06-16 14:22:50,081 | WARNING  | src.universe_builder | GGG — failed to fetch market cap: Too Many Requests. Rate limited. Try after a while.
2026-06-16 14:22:51,640 | WARNING  | src.universe_builder | SPXC — failed to fetch market cap: Too Many Requests. Rate limited. Try after a while.
2026-06-16 14:22:53,077 | WARNING  | src.universe_builder | CIR — failed to fetch market cap: Too Many Requests. Rate limited. Try after a while.
2026-06-16 14:22:54,632 | WARNING  | src.universe_builder | CSL — failed to fetch market cap: Too Many Requests. Rate limited. Try after a while.
2026-06-16 14:22:56,104 | WARNING  | src.universe_builder | EME — failed to fetch market cap: Too Many Requests. Rate limited. Try after a while.
2026-06-16 14:22:57,529 | WARNING  | src.universe_builder | MTZ — failed to fetch market cap: Too Many Requests. Rate limited. Try after a while.
2026-06-16 14:22:58,984 | WARNING  | src.universe_builder | BMI — failed to fetch market cap: Too Many Requests. Rate limited. Try after a while.
2026-06-16 14:23:01,489 | WARNING  | src.universe_builder | NDSN — failed to fetch market cap: Too Many Requests. Rate limited. Try after a while.
2026-06-16 14:23:03,048 | WARNING  | src.universe_builder | AAON — failed to fetch market cap: Too Many Requests. Rate limited. Try after a while.
2026-06-16 14:23:04,485 | WARNING  | src.universe_builder | LECO — failed to fetch market cap: Too Many Requests. Rate limited. Try after a while.
2026-06-16 14:23:06,092 | WARNING  | src.universe_builder | KAMN — failed to fetch market cap: Too Many Requests. Rate limited. Try after a while.
2026-06-16 14:23:08,076 | WARNING  | src.universe_builder | CW — failed to fetch market cap: Too Many Requests. Rate limited. Try after a while.
2026-06-16 14:23:09,896 | WARNING  | src.universe_builder | HXL — failed to fetch market cap: Too Many Requests. Rate limited. Try after a while.
2026-06-16 14:23:11,605 | WARNING  | src.universe_builder | TXT — failed to fetch market cap: Too Many Requests. Rate limited. Try after a while.
2026-06-16 14:23:13,137 | WARNING  | src.universe_builder | SPR — failed to fetch market cap: Too Many Requests. Rate limited. Try after a while.
2026-06-16 14:23:13,137 | INFO     | src.universe_builder | 0 candidates remain after market cap filter
2026-06-16 14:31:46,097 | INFO     | src.data_quality | Data quality report written to /private/var/folders/g_/mmp1t2z93x57zkd20bmq6pn40000gn/T/pytest-of-xiaoweizhang/pytest-2/test_report_contains_all_field0/outputs/data_quality_report.txt
2026-06-16 14:31:46,098 | INFO     | src.data_quality | Data quality report written to /private/var/folders/g_/mmp1t2z93x57zkd20bmq6pn40000gn/T/pytest-of-xiaoweizhang/pytest-2/test_missing_rate_calculation0/outputs/data_quality_report.txt
2026-06-16 14:31:46,099 | INFO     | src.data_quality | Data quality report written to /private/var/folders/g_/mmp1t2z93x57zkd20bmq6pn40000gn/T/pytest-of-xiaoweizhang/pytest-2/test_report_file_written0/outputs/data_quality_report.txt
2026-06-16 14:31:46,100 | INFO     | src.data_quality | Data quality report written to /private/var/folders/g_/mmp1t2z93x57zkd20bmq6pn40000gn/T/pytest-of-xiaoweizhang/pytest-2/test_short_description_count0/outputs/data_quality_report.txt
2026-06-16 14:31:46,102 | INFO     | src.fetcher | Processing 1/1: AAA
2026-06-16 14:31:46,102 | INFO     | src.fetcher | AAA — loaded from cache
2026-06-16 14:31:46,105 | INFO     | src.fetcher | Processing 1/1: BBB
2026-06-16 14:31:46,105 | WARNING  | src.fetcher | BBB — EDGAR description failed: no network in tests
2026-06-16 14:31:46,105 | WARNING  | src.fetcher | BBB — ev_ebitda outlier (12000000.0), setting None
2026-06-16 14:31:46,121 | WARNING  | src.fetcher | CCC — attempt 1 failed: boom. Retrying...
2026-06-16 14:31:46,121 | WARNING  | src.fetcher | CCC — attempt 2 failed: boom. Retrying...
2026-06-16 14:31:46,123 | INFO     | src.fetcher | Processing 1/1: DDD
2026-06-16 14:31:46,123 | WARNING  | src.fetcher | DDD — attempt 1 failed: boom. Retrying...
2026-06-16 14:31:46,123 | WARNING  | src.fetcher | DDD — attempt 2 failed: boom. Retrying...
2026-06-16 14:31:46,123 | ERROR    | src.fetcher | DDD — failed after 3 retries: boom
2026-06-16 14:31:46,125 | WARNING  | src.fetcher | EEE — ev_ebitda outlier (150), setting None
2026-06-16 14:31:46,126 | WARNING  | src.fetcher | FFF — ev_ebitda outlier (-3), setting None
2026-06-16 14:32:55,888 | WARNING  | src.universe_builder | 20 — yfinance sector screener failed: yfinance sector 'industrials' returned no companies. Falling back to hardcoded list.
2026-06-16 14:32:55,891 | INFO     | src.universe_builder | Industrials (20) — 104 candidates found, 104 new tickers added after de-dup
2026-06-16 14:32:57,084 | WARNING  | src.universe_builder | 35 — yfinance sector screener failed: yfinance sector 'healthcare' returned no companies. Falling back to hardcoded list.
2026-06-16 14:32:57,084 | INFO     | src.universe_builder | Healthcare Equipment (35) — 35 candidates found, 35 new tickers added after de-dup
2026-06-16 14:32:57,992 | WARNING  | src.universe_builder | 45 — yfinance sector screener failed: yfinance sector 'technology' returned no companies. Falling back to hardcoded list.
2026-06-16 14:32:57,992 | INFO     | src.universe_builder | Technology Hardware (45) — 33 candidates found, 33 new tickers added after de-dup
2026-06-16 14:32:57,992 | INFO     | src.universe_builder | Merged universe before market cap filter: 172 tickers across 3 industries
2026-06-16 14:32:58,942 | WARNING  | src.universe_builder | MMM — failed to fetch market cap: Too Many Requests. Rate limited. Try after a while.
2026-06-16 14:33:00,502 | WARNING  | src.universe_builder | HON — failed to fetch market cap: Too Many Requests. Rate limited. Try after a while.
2026-06-16 14:33:02,514 | WARNING  | src.universe_builder | GE — failed to fetch market cap: Too Many Requests. Rate limited. Try after a while.
2026-06-16 14:33:04,017 | WARNING  | src.universe_builder | EMR — failed to fetch market cap: Too Many Requests. Rate limited. Try after a while.
2026-06-16 14:33:05,586 | WARNING  | src.universe_builder | ITW — failed to fetch market cap: Too Many Requests. Rate limited. Try after a while.
2026-06-16 14:33:07,055 | WARNING  | src.universe_builder | PH — failed to fetch market cap: Too Many Requests. Rate limited. Try after a while.
2026-06-16 14:33:08,475 | WARNING  | src.universe_builder | ROK — failed to fetch market cap: Too Many Requests. Rate limited. Try after a while.
2026-06-16 14:33:09,904 | WARNING  | src.universe_builder | AME — failed to fetch market cap: Too Many Requests. Rate limited. Try after a while.
2026-06-16 14:33:12,801 | WARNING  | src.universe_builder | IEX — failed to fetch market cap: Too Many Requests. Rate limited. Try after a while.
2026-06-16 14:33:14,346 | WARNING  | src.universe_builder | GNRC — failed to fetch market cap: Too Many Requests. Rate limited. Try after a while.
2026-06-16 14:33:16,235 | WARNING  | src.universe_builder | SWK — failed to fetch market cap: Too Many Requests. Rate limited. Try after a while.
2026-06-16 14:33:18,352 | WARNING  | src.universe_builder | PNR — failed to fetch market cap: Too Many Requests. Rate limited. Try after a while.
2026-06-16 14:33:20,012 | WARNING  | src.universe_builder | RRX — failed to fetch market cap: Too Many Requests. Rate limited. Try after a while.
2026-06-16 14:33:21,455 | WARNING  | src.universe_builder | XYL — failed to fetch market cap: Too Many Requests. Rate limited. Try after a while.
2026-06-16 14:33:23,415 | WARNING  | src.universe_builder | FELE — failed to fetch market cap: Too Many Requests. Rate limited. Try after a while.
2026-06-16 14:33:24,824 | WARNING  | src.universe_builder | TT — failed to fetch market cap: Too Many Requests. Rate limited. Try after a while.
2026-06-16 14:33:26,242 | WARNING  | src.universe_builder | IR — failed to fetch market cap: Too Many Requests. Rate limited. Try after a while.
2026-06-16 14:33:28,034 | WARNING  | src.universe_builder | CARR — failed to fetch market cap: Too Many Requests. Rate limited. Try after a while.
2026-06-16 14:33:29,794 | WARNING  | src.universe_builder | OTIS — failed to fetch market cap: Too Many Requests. Rate limited. Try after a while.
2026-06-16 14:33:31,415 | WARNING  | src.universe_builder | LMT — failed to fetch market cap: Too Many Requests. Rate limited. Try after a while.
2026-06-16 14:33:32,897 | WARNING  | src.universe_builder | RTX — failed to fetch market cap: Too Many Requests. Rate limited. Try after a while.
2026-06-16 14:33:34,636 | WARNING  | src.universe_builder | GD — failed to fetch market cap: Too Many Requests. Rate limited. Try after a while.
2026-06-16 14:33:36,291 | WARNING  | src.universe_builder | NOC — failed to fetch market cap: Too Many Requests. Rate limited. Try after a while.
2026-06-16 14:33:38,283 | WARNING  | src.universe_builder | LHX — failed to fetch market cap: Too Many Requests. Rate limited. Try after a while.
2026-06-16 14:33:39,877 | WARNING  | src.universe_builder | TDG — failed to fetch market cap: Too Many Requests. Rate limited. Try after a while.
2026-06-16 14:33:42,052 | WARNING  | src.universe_builder | HII — failed to fetch market cap: Too Many Requests. Rate limited. Try after a while.
2026-06-16 14:33:44,004 | WARNING  | src.universe_builder | MOG.A — failed to fetch market cap: Too Many Requests. Rate limited. Try after a while.
2026-06-16 14:33:45,709 | WARNING  | src.universe_builder | HEI — failed to fetch market cap: Too Many Requests. Rate limited. Try after a while.
2026-06-16 14:33:47,259 | WARNING  | src.universe_builder | ESAB — failed to fetch market cap: Too Many Requests. Rate limited. Try after a while.
2026-06-16 14:33:48,798 | WARNING  | src.universe_builder | ITT — failed to fetch market cap: Too Many Requests. Rate limited. Try after a while.
2026-06-16 14:33:50,343 | WARNING  | src.universe_builder | WTS — failed to fetch market cap: Too Many Requests. Rate limited. Try after a while.
2026-06-16 14:33:52,414 | WARNING  | src.universe_builder | RXN — failed to fetch market cap: Too Many Requests. Rate limited. Try after a while.
2026-06-16 14:33:53,928 | WARNING  | src.universe_builder | ACCO — failed to fetch market cap: Too Many Requests. Rate limited. Try after a while.
2026-06-16 14:33:55,547 | WARNING  | src.universe_builder | LYTS — failed to fetch market cap: Too Many Requests. Rate limited. Try after a while.
2026-06-16 14:33:57,017 | WARNING  | src.universe_builder | KBAL — failed to fetch market cap: Too Many Requests. Rate limited. Try after a while.
2026-06-16 14:33:58,846 | WARNING  | src.universe_builder | GFF — failed to fetch market cap: Too Many Requests. Rate limited. Try after a while.
2026-06-16 14:34:00,762 | WARNING  | src.universe_builder | ASTE — failed to fetch market cap: Too Many Requests. Rate limited. Try after a while.
2026-06-16 14:34:02,430 | WARNING  | src.universe_builder | HCSG — failed to fetch market cap: Too Many Requests. Rate limited. Try after a while.
2026-06-16 14:34:04,417 | WARNING  | src.universe_builder | HI — failed to fetch market cap: Too Many Requests. Rate limited. Try after a while.
2026-06-16 14:34:06,149 | WARNING  | src.universe_builder | CSWI — failed to fetch market cap: Too Many Requests. Rate limited. Try after a while.
2026-06-16 14:34:07,981 | WARNING  | src.universe_builder | NVT — failed to fetch market cap: Too Many Requests. Rate limited. Try after a while.
2026-06-16 14:34:09,796 | WARNING  | src.universe_builder | TRMK — failed to fetch market cap: Too Many Requests. Rate limited. Try after a while.
2026-06-16 14:34:11,276 | WARNING  | src.universe_builder | DXPE — failed to fetch market cap: Too Many Requests. Rate limited. Try after a while.
2026-06-16 14:34:12,883 | WARNING  | src.universe_builder | CAT — failed to fetch market cap: Too Many Requests. Rate limited. Try after a while.
2026-06-16 14:34:14,695 | WARNING  | src.universe_builder | DE — failed to fetch market cap: Too Many Requests. Rate limited. Try after a while.
2026-06-16 14:34:16,538 | WARNING  | src.universe_builder | PCAR — failed to fetch market cap: Too Many Requests. Rate limited. Try after a while.
2026-06-16 14:34:18,178 | WARNING  | src.universe_builder | CMI — failed to fetch market cap: Too Many Requests. Rate limited. Try after a while.
2026-06-16 14:34:20,102 | WARNING  | src.universe_builder | DOV — failed to fetch market cap: Too Many Requests. Rate limited. Try after a while.
2026-06-16 14:34:21,799 | WARNING  | src.universe_builder | AOS — failed to fetch market cap: Too Many Requests. Rate limited. Try after a while.
2026-06-16 14:34:23,401 | WARNING  | src.universe_builder | ALLE — failed to fetch market cap: Too Many Requests. Rate limited. Try after a while.
2026-06-16 14:34:24,966 | WARNING  | src.universe_builder | MAS — failed to fetch market cap: Too Many Requests. Rate limited. Try after a while.
2026-06-16 14:34:26,586 | WARNING  | src.universe_builder | JCI — failed to fetch market cap: Too Many Requests. Rate limited. Try after a while.
2026-06-16 14:34:28,075 | WARNING  | src.universe_builder | LII — failed to fetch market cap: Too Many Requests. Rate limited. Try after a while.
2026-06-16 14:34:29,551 | WARNING  | src.universe_builder | PWR — failed to fetch market cap: Too Many Requests. Rate limited. Try after a while.
2026-06-16 14:34:31,253 | WARNING  | src.universe_builder | FAST — failed to fetch market cap: Too Many Requests. Rate limited. Try after a while.
2026-06-16 14:34:32,898 | WARNING  | src.universe_builder | GWW — failed to fetch market cap: Too Many Requests. Rate limited. Try after a while.
2026-06-16 14:34:34,580 | WARNING  | src.universe_builder | WSO — failed to fetch market cap: Too Many Requests. Rate limited. Try after a while.
2026-06-16 14:34:36,090 | WARNING  | src.universe_builder | AIT — failed to fetch market cap: Too Many Requests. Rate limited. Try after a while.
2026-06-16 14:34:37,654 | WARNING  | src.universe_builder | MSM — failed to fetch market cap: Too Many Requests. Rate limited. Try after a while.
2026-06-16 14:34:39,139 | WARNING  | src.universe_builder | SITE — failed to fetch market cap: Too Many Requests. Rate limited. Try after a while.
2026-06-16 14:34:40,596 | WARNING  | src.universe_builder | BLDR — failed to fetch market cap: Too Many Requests. Rate limited. Try after a while.
2026-06-16 14:34:42,139 | WARNING  | src.universe_builder | EXP — failed to fetch market cap: Too Many Requests. Rate limited. Try after a while.
2026-06-16 14:34:43,700 | WARNING  | src.universe_builder | VMC — failed to fetch market cap: Too Many Requests. Rate limited. Try after a while.
2026-06-16 14:34:45,390 | WARNING  | src.universe_builder | MLM — failed to fetch market cap: Too Many Requests. Rate limited. Try after a while.
2026-06-16 14:34:46,970 | WARNING  | src.universe_builder | NUE — failed to fetch market cap: Too Many Requests. Rate limited. Try after a while.
2026-06-16 14:34:48,587 | WARNING  | src.universe_builder | STLD — failed to fetch market cap: Too Many Requests. Rate limited. Try after a while.
2026-06-16 14:34:52,207 | WARNING  | src.universe_builder | X — failed to fetch market cap: Too Many Requests. Rate limited. Try after a while.
2026-06-16 14:34:53,708 | WARNING  | src.universe_builder | CLF — failed to fetch market cap: Too Many Requests. Rate limited. Try after a while.
2026-06-16 14:34:55,342 | WARNING  | src.universe_builder | RS — failed to fetch market cap: Too Many Requests. Rate limited. Try after a while.
2026-06-16 14:34:56,870 | WARNING  | src.universe_builder | ATI — failed to fetch market cap: Too Many Requests. Rate limited. Try after a while.
2026-06-16 14:34:58,496 | WARNING  | src.universe_builder | CRS — failed to fetch market cap: Too Many Requests. Rate limited. Try after a while.
2026-06-16 14:35:00,052 | WARNING  | src.universe_builder | KMT — failed to fetch market cap: Too Many Requests. Rate limited. Try after a while.
2026-06-16 14:35:01,738 | WARNING  | src.universe_builder | FLS — failed to fetch market cap: Too Many Requests. Rate limited. Try after a while.
2026-06-16 14:35:03,319 | WARNING  | src.universe_builder | CR — failed to fetch market cap: Too Many Requests. Rate limited. Try after a while.
2026-06-16 14:35:04,928 | WARNING  | src.universe_builder | DCI — failed to fetch market cap: Too Many Requests. Rate limited. Try after a while.
2026-06-16 14:35:07,037 | WARNING  | src.universe_builder | GTLS — failed to fetch market cap: Too Many Requests. Rate limited. Try after a while.
2026-06-16 14:35:08,536 | WARNING  | src.universe_builder | CFX — failed to fetch market cap: Too Many Requests. Rate limited. Try after a while.
2026-06-16 14:35:09,990 | WARNING  | src.universe_builder | HEES — failed to fetch market cap: Too Many Requests. Rate limited. Try after a while.
2026-06-16 14:35:12,841 | WARNING  | src.universe_builder | TKR — failed to fetch market cap: Too Many Requests. Rate limited. Try after a while.
2026-06-16 14:35:14,569 | WARNING  | src.universe_builder | ROLL — failed to fetch market cap: Too Many Requests. Rate limited. Try after a while.
2026-06-16 14:35:15,946 | WARNING  | src.universe_builder | B — failed to fetch market cap: Too Many Requests. Rate limited. Try after a while.
2026-06-16 14:35:17,488 | WARNING  | src.universe_builder | WCC — failed to fetch market cap: Too Many Requests. Rate limited. Try after a while.
2026-06-16 14:35:20,342 | WARNING  | src.universe_builder | AYI — failed to fetch market cap: Too Many Requests. Rate limited. Try after a while.
2026-06-16 14:35:22,076 | WARNING  | src.universe_builder | HUBB — failed to fetch market cap: Too Many Requests. Rate limited. Try after a while.
2026-06-16 14:35:23,698 | WARNING  | src.universe_builder | POWL — failed to fetch market cap: Too Many Requests. Rate limited. Try after a while.
2026-06-16 14:35:25,128 | WARNING  | src.universe_builder | THR — failed to fetch market cap: Too Many Requests. Rate limited. Try after a while.
2026-06-16 14:35:26,796 | WARNING  | src.universe_builder | MWA — failed to fetch market cap: Too Many Requests. Rate limited. Try after a while.
2026-06-16 14:35:28,277 | WARNING  | src.universe_builder | AWI — failed to fetch market cap: Too Many Requests. Rate limited. Try after a while.
2026-06-16 14:35:29,891 | WARNING  | src.universe_builder | JBT — failed to fetch market cap: Too Many Requests. Rate limited. Try after a while.
2026-06-16 14:35:31,571 | WARNING  | src.universe_builder | GGG — failed to fetch market cap: Too Many Requests. Rate limited. Try after a while.
2026-06-16 14:35:33,165 | WARNING  | src.universe_builder | SPXC — failed to fetch market cap: Too Many Requests. Rate limited. Try after a while.
2026-06-16 14:35:34,631 | WARNING  | src.universe_builder | CIR — failed to fetch market cap: Too Many Requests. Rate limited. Try after a while.
2026-06-16 14:35:36,265 | WARNING  | src.universe_builder | CSL — failed to fetch market cap: Too Many Requests. Rate limited. Try after a while.
2026-06-16 14:35:37,875 | WARNING  | src.universe_builder | EME — failed to fetch market cap: Too Many Requests. Rate limited. Try after a while.
2026-06-16 14:35:40,122 | WARNING  | src.universe_builder | MTZ — failed to fetch market cap: Too Many Requests. Rate limited. Try after a while.
2026-06-16 14:35:41,696 | WARNING  | src.universe_builder | BMI — failed to fetch market cap: Too Many Requests. Rate limited. Try after a while.
2026-06-16 14:35:43,243 | WARNING  | src.universe_builder | NDSN — failed to fetch market cap: Too Many Requests. Rate limited. Try after a while.
2026-06-16 14:35:45,058 | WARNING  | src.universe_builder | AAON — failed to fetch market cap: Too Many Requests. Rate limited. Try after a while.
2026-06-16 14:35:46,737 | WARNING  | src.universe_builder | LECO — failed to fetch market cap: Too Many Requests. Rate limited. Try after a while.
2026-06-16 14:35:48,452 | WARNING  | src.universe_builder | KAMN — failed to fetch market cap: Too Many Requests. Rate limited. Try after a while.
2026-06-16 14:35:49,971 | WARNING  | src.universe_builder | CW — failed to fetch market cap: Too Many Requests. Rate limited. Try after a while.
2026-06-16 14:35:51,494 | WARNING  | src.universe_builder | HXL — failed to fetch market cap: Too Many Requests. Rate limited. Try after a while.
2026-06-16 14:35:53,114 | WARNING  | src.universe_builder | TXT — failed to fetch market cap: Too Many Requests. Rate limited. Try after a while.
2026-06-16 14:35:54,768 | WARNING  | src.universe_builder | SPR — failed to fetch market cap: Too Many Requests. Rate limited. Try after a while.
2026-06-16 14:35:56,204 | WARNING  | src.universe_builder | ABT — failed to fetch market cap: Too Many Requests. Rate limited. Try after a while.
2026-06-16 14:35:57,567 | WARNING  | src.universe_builder | MDT — failed to fetch market cap: Too Many Requests. Rate limited. Try after a while.
2026-06-16 14:35:59,130 | WARNING  | src.universe_builder | SYK — failed to fetch market cap: Too Many Requests. Rate limited. Try after a while.
2026-06-16 14:36:00,836 | WARNING  | src.universe_builder | BSX — failed to fetch market cap: Too Many Requests. Rate limited. Try after a while.
2026-06-16 14:36:02,414 | WARNING  | src.universe_builder | ZBH — failed to fetch market cap: Too Many Requests. Rate limited. Try after a while.
2026-06-16 14:36:04,137 | WARNING  | src.universe_builder | EW — failed to fetch market cap: Too Many Requests. Rate limited. Try after a while.
2026-06-16 14:36:05,782 | WARNING  | src.universe_builder | HOLX — failed to fetch market cap: Too Many Requests. Rate limited. Try after a while.
2026-06-16 14:36:07,523 | WARNING  | src.universe_builder | DXCM — failed to fetch market cap: Too Many Requests. Rate limited. Try after a while.
2026-06-16 14:36:09,200 | WARNING  | src.universe_builder | ISRG — failed to fetch market cap: Too Many Requests. Rate limited. Try after a while.
2026-06-16 14:36:10,808 | WARNING  | src.universe_builder | RMD — failed to fetch market cap: Too Many Requests. Rate limited. Try after a while.
2026-06-16 14:36:12,370 | WARNING  | src.universe_builder | BAX — failed to fetch market cap: Too Many Requests. Rate limited. Try after a while.
2026-06-16 14:36:13,958 | WARNING  | src.universe_builder | BDX — failed to fetch market cap: Too Many Requests. Rate limited. Try after a while.
2026-06-16 14:36:16,106 | WARNING  | src.universe_builder | HAE — failed to fetch market cap: Too Many Requests. Rate limited. Try after a while.
2026-06-16 14:36:18,041 | WARNING  | src.universe_builder | ICUI — failed to fetch market cap: Too Many Requests. Rate limited. Try after a while.
2026-06-16 14:36:19,443 | WARNING  | src.universe_builder | AMED — failed to fetch market cap: Too Many Requests. Rate limited. Try after a while.
2026-06-16 14:36:21,365 | WARNING  | src.universe_builder | NVCR — failed to fetch market cap: Too Many Requests. Rate limited. Try after a while.
2026-06-16 14:36:22,833 | WARNING  | src.universe_builder | RGEN — failed to fetch market cap: Too Many Requests. Rate limited. Try after a while.
2026-06-16 14:36:24,579 | WARNING  | src.universe_builder | IART — failed to fetch market cap: Too Many Requests. Rate limited. Try after a while.
2026-06-16 14:36:26,195 | WARNING  | src.universe_builder | MMSI — failed to fetch market cap: Too Many Requests. Rate limited. Try after a while.
2026-06-16 14:36:28,083 | WARNING  | src.universe_builder | PEN — failed to fetch market cap: Too Many Requests. Rate limited. Try after a while.
2026-06-16 14:36:29,792 | WARNING  | src.universe_builder | OSIS — failed to fetch market cap: Too Many Requests. Rate limited. Try after a while.
2026-06-16 14:36:31,269 | WARNING  | src.universe_builder | ATRC — failed to fetch market cap: Too Many Requests. Rate limited. Try after a while.
2026-06-16 14:36:33,054 | WARNING  | src.universe_builder | NTRA — failed to fetch market cap: Too Many Requests. Rate limited. Try after a while.
2026-06-16 14:36:34,508 | WARNING  | src.universe_builder | INSP — failed to fetch market cap: Too Many Requests. Rate limited. Try after a while.
2026-06-16 14:36:36,191 | WARNING  | src.universe_builder | SWAV — failed to fetch market cap: Too Many Requests. Rate limited. Try after a while.
2026-06-16 14:36:37,735 | WARNING  | src.universe_builder | AXNX — failed to fetch market cap: Too Many Requests. Rate limited. Try after a while.
2026-06-16 14:36:39,506 | WARNING  | src.universe_builder | TNDM — failed to fetch market cap: Too Many Requests. Rate limited. Try after a while.
2026-06-16 14:36:41,231 | WARNING  | src.universe_builder | NVST — failed to fetch market cap: Too Many Requests. Rate limited. Try after a while.
2026-06-16 14:36:42,922 | WARNING  | src.universe_builder | ALGN — failed to fetch market cap: Too Many Requests. Rate limited. Try after a while.
2026-06-16 14:36:44,580 | WARNING  | src.universe_builder | VRTX — failed to fetch market cap: Too Many Requests. Rate limited. Try after a while.
2026-06-16 14:36:46,389 | WARNING  | src.universe_builder | GMED — failed to fetch market cap: Too Many Requests. Rate limited. Try after a while.
2026-06-16 14:36:47,895 | WARNING  | src.universe_builder | CNMD — failed to fetch market cap: Too Many Requests. Rate limited. Try after a while.
2026-06-16 14:36:50,006 | WARNING  | src.universe_builder | STE — failed to fetch market cap: Too Many Requests. Rate limited. Try after a while.
2026-06-16 14:36:51,822 | WARNING  | src.universe_builder | TFX — failed to fetch market cap: Too Many Requests. Rate limited. Try after a while.
2026-06-16 14:36:53,303 | WARNING  | src.universe_builder | XRAY — failed to fetch market cap: Too Many Requests. Rate limited. Try after a while.
2026-06-16 14:36:54,784 | WARNING  | src.universe_builder | AAPL — failed to fetch market cap: Too Many Requests. Rate limited. Try after a while.
2026-06-16 14:36:56,182 | WARNING  | src.universe_builder | DELL — failed to fetch market cap: Too Many Requests. Rate limited. Try after a while.
2026-06-16 14:36:58,610 | WARNING  | src.universe_builder | HPQ — failed to fetch market cap: Too Many Requests. Rate limited. Try after a while.
2026-06-16 14:37:00,137 | WARNING  | src.universe_builder | HPE — failed to fetch market cap: Too Many Requests. Rate limited. Try after a while.
2026-06-16 14:37:01,764 | WARNING  | src.universe_builder | NTAP — failed to fetch market cap: Too Many Requests. Rate limited. Try after a while.
2026-06-16 14:37:03,265 | WARNING  | src.universe_builder | STX — failed to fetch market cap: Too Many Requests. Rate limited. Try after a while.
2026-06-16 14:37:04,810 | WARNING  | src.universe_builder | WDC — failed to fetch market cap: Too Many Requests. Rate limited. Try after a while.
2026-06-16 14:37:06,314 | WARNING  | src.universe_builder | PSTG — failed to fetch market cap: Too Many Requests. Rate limited. Try after a while.
2026-06-16 14:37:07,888 | WARNING  | src.universe_builder | SMCI — failed to fetch market cap: Too Many Requests. Rate limited. Try after a while.
2026-06-16 14:37:09,511 | WARNING  | src.universe_builder | JNPR — failed to fetch market cap: Too Many Requests. Rate limited. Try after a while.
2026-06-16 14:37:11,045 | WARNING  | src.universe_builder | CSCO — failed to fetch market cap: Too Many Requests. Rate limited. Try after a while.
2026-06-16 14:37:12,863 | WARNING  | src.universe_builder | ANET — failed to fetch market cap: Too Many Requests. Rate limited. Try after a while.
2026-06-16 14:37:14,816 | WARNING  | src.universe_builder | CIEN — failed to fetch market cap: Too Many Requests. Rate limited. Try after a while.
2026-06-16 14:37:19,018 | WARNING  | src.universe_builder | VIAV — failed to fetch market cap: Too Many Requests. Rate limited. Try after a while.
2026-06-16 14:37:21,224 | WARNING  | src.universe_builder | CLFD — failed to fetch market cap: Too Many Requests. Rate limited. Try after a while.
2026-06-16 14:37:23,021 | WARNING  | src.universe_builder | ATEN — failed to fetch market cap: Too Many Requests. Rate limited. Try after a while.
2026-06-16 14:37:24,596 | WARNING  | src.universe_builder | ARLO — failed to fetch market cap: Too Many Requests. Rate limited. Try after a while.
2026-06-16 14:37:26,034 | WARNING  | src.universe_builder | CALX — failed to fetch market cap: Too Many Requests. Rate limited. Try after a while.
2026-06-16 14:37:27,502 | WARNING  | src.universe_builder | DIGI — failed to fetch market cap: Too Many Requests. Rate limited. Try after a while.
2026-06-16 14:37:29,084 | WARNING  | src.universe_builder | LIQT — failed to fetch market cap: Too Many Requests. Rate limited. Try after a while.
2026-06-16 14:37:30,884 | WARNING  | src.universe_builder | PCTI — failed to fetch market cap: Too Many Requests. Rate limited. Try after a while.
2026-06-16 14:37:32,225 | WARNING  | src.universe_builder | SIFY — failed to fetch market cap: Too Many Requests. Rate limited. Try after a while.
2026-06-16 14:37:33,808 | WARNING  | src.universe_builder | SMSI — failed to fetch market cap: Too Many Requests. Rate limited. Try after a while.
2026-06-16 14:37:35,302 | WARNING  | src.universe_builder | SPOK — failed to fetch market cap: Too Many Requests. Rate limited. Try after a while.
2026-06-16 14:37:36,873 | WARNING  | src.universe_builder | SYNA — failed to fetch market cap: Too Many Requests. Rate limited. Try after a while.
2026-06-16 14:37:38,368 | WARNING  | src.universe_builder | TTEC — failed to fetch market cap: Too Many Requests. Rate limited. Try after a while.
2026-06-16 14:37:39,964 | WARNING  | src.universe_builder | UTSI — failed to fetch market cap: Too Many Requests. Rate limited. Try after a while.
2026-06-16 14:37:43,249 | WARNING  | src.universe_builder | VNET — failed to fetch market cap: Too Many Requests. Rate limited. Try after a while.
2026-06-16 14:37:44,948 | WARNING  | src.universe_builder | GLW — failed to fetch market cap: Too Many Requests. Rate limited. Try after a while.
2026-06-16 14:37:46,455 | WARNING  | src.universe_builder | TEL — failed to fetch market cap: Too Many Requests. Rate limited. Try after a while.
2026-06-16 14:37:48,013 | WARNING  | src.universe_builder | APH — failed to fetch market cap: Too Many Requests. Rate limited. Try after a while.
2026-06-16 14:37:49,509 | WARNING  | src.universe_builder | KEYS — failed to fetch market cap: Too Many Requests. Rate limited. Try after a while.
2026-06-16 14:37:51,024 | WARNING  | src.universe_builder | FFIV — failed to fetch market cap: Too Many Requests. Rate limited. Try after a while.
2026-06-16 14:37:51,025 | INFO     | src.universe_builder | 0 candidates remain after market cap filter
2026-06-16 14:38:40,669 | INFO     | src.data_quality | Data quality report written to outputs/data_quality_report.txt
2026-06-16 14:43:01,816 | WARNING  | src.universe_builder | 20 — yfinance sector screener failed: yfinance sector 'industrials' returned no companies. Falling back to hardcoded list.
2026-06-16 14:43:01,817 | INFO     | src.universe_builder | Industrials (20) — 104 candidates found, 104 new tickers added after de-dup
2026-06-16 14:43:02,996 | WARNING  | src.universe_builder | 35 — yfinance sector screener failed: yfinance sector 'healthcare' returned no companies. Falling back to hardcoded list.
2026-06-16 14:43:02,997 | INFO     | src.universe_builder | Healthcare Equipment (35) — 35 candidates found, 35 new tickers added after de-dup
2026-06-16 14:43:03,884 | WARNING  | src.universe_builder | 45 — yfinance sector screener failed: yfinance sector 'technology' returned no companies. Falling back to hardcoded list.
2026-06-16 14:43:03,885 | INFO     | src.universe_builder | Technology Hardware (45) — 33 candidates found, 33 new tickers added after de-dup
2026-06-16 14:43:03,885 | INFO     | src.universe_builder | Merged universe before market cap filter: 172 tickers across 3 industries
2026-06-16 14:43:04,901 | WARNING  | src.universe_builder | MMM — failed to fetch market cap: Too Many Requests. Rate limited. Try after a while.
2026-06-16 14:43:06,141 | WARNING  | src.universe_builder | HON — failed to fetch market cap: Too Many Requests. Rate limited. Try after a while.
2026-06-16 14:43:07,675 | WARNING  | src.universe_builder | GE — failed to fetch market cap: Too Many Requests. Rate limited. Try after a while.
2026-06-16 14:43:08,947 | WARNING  | src.universe_builder | EMR — failed to fetch market cap: Too Many Requests. Rate limited. Try after a while.
2026-06-16 14:43:10,698 | WARNING  | src.universe_builder | ITW — failed to fetch market cap: Too Many Requests. Rate limited. Try after a while.
2026-06-16 14:43:12,107 | WARNING  | src.universe_builder | PH — failed to fetch market cap: Too Many Requests. Rate limited. Try after a while.
2026-06-16 14:43:13,596 | WARNING  | src.universe_builder | ROK — failed to fetch market cap: Too Many Requests. Rate limited. Try after a while.
2026-06-16 14:43:14,963 | WARNING  | src.universe_builder | AME — failed to fetch market cap: Too Many Requests. Rate limited. Try after a while.
2026-06-16 14:43:16,393 | WARNING  | src.universe_builder | IEX — failed to fetch market cap: Too Many Requests. Rate limited. Try after a while.
2026-06-16 14:43:17,861 | WARNING  | src.universe_builder | GNRC — failed to fetch market cap: Too Many Requests. Rate limited. Try after a while.
2026-06-16 14:43:19,320 | WARNING  | src.universe_builder | SWK — failed to fetch market cap: Too Many Requests. Rate limited. Try after a while.
2026-06-16 14:43:20,968 | WARNING  | src.universe_builder | PNR — failed to fetch market cap: Too Many Requests. Rate limited. Try after a while.
2026-06-16 14:43:22,507 | WARNING  | src.universe_builder | RRX — failed to fetch market cap: Too Many Requests. Rate limited. Try after a while.
2026-06-16 14:43:25,568 | WARNING  | src.universe_builder | XYL — failed to fetch market cap: Too Many Requests. Rate limited. Try after a while.
2026-06-16 14:43:27,065 | WARNING  | src.universe_builder | FELE — failed to fetch market cap: Too Many Requests. Rate limited. Try after a while.
2026-06-16 14:43:28,489 | WARNING  | src.universe_builder | TT — failed to fetch market cap: Too Many Requests. Rate limited. Try after a while.
2026-06-16 14:43:30,548 | WARNING  | src.universe_builder | IR — failed to fetch market cap: Too Many Requests. Rate limited. Try after a while.
2026-06-16 14:43:31,949 | WARNING  | src.universe_builder | CARR — failed to fetch market cap: Too Many Requests. Rate limited. Try after a while.
2026-06-16 14:43:33,316 | WARNING  | src.universe_builder | OTIS — failed to fetch market cap: Too Many Requests. Rate limited. Try after a while.
2026-06-16 14:43:34,742 | WARNING  | src.universe_builder | LMT — failed to fetch market cap: Too Many Requests. Rate limited. Try after a while.
2026-06-16 14:43:36,453 | WARNING  | src.universe_builder | RTX — failed to fetch market cap: Too Many Requests. Rate limited. Try after a while.
2026-06-16 14:43:38,098 | WARNING  | src.universe_builder | GD — failed to fetch market cap: Too Many Requests. Rate limited. Try after a while.
2026-06-16 14:43:39,507 | WARNING  | src.universe_builder | NOC — failed to fetch market cap: Too Many Requests. Rate limited. Try after a while.
2026-06-16 14:43:40,848 | WARNING  | src.universe_builder | LHX — failed to fetch market cap: Too Many Requests. Rate limited. Try after a while.
2026-06-16 14:43:42,369 | WARNING  | src.universe_builder | TDG — failed to fetch market cap: Too Many Requests. Rate limited. Try after a while.
2026-06-16 14:43:43,830 | WARNING  | src.universe_builder | HII — failed to fetch market cap: Too Many Requests. Rate limited. Try after a while.
2026-06-16 14:43:45,316 | WARNING  | src.universe_builder | MOG.A — failed to fetch market cap: Too Many Requests. Rate limited. Try after a while.
2026-06-16 14:43:47,135 | WARNING  | src.universe_builder | HEI — failed to fetch market cap: Too Many Requests. Rate limited. Try after a while.
2026-06-16 14:43:48,712 | WARNING  | src.universe_builder | ESAB — failed to fetch market cap: Too Many Requests. Rate limited. Try after a while.
2026-06-16 14:43:50,365 | WARNING  | src.universe_builder | ITT — failed to fetch market cap: Too Many Requests. Rate limited. Try after a while.
2026-06-16 14:43:52,186 | WARNING  | src.universe_builder | WTS — failed to fetch market cap: Too Many Requests. Rate limited. Try after a while.
2026-06-16 14:43:53,936 | WARNING  | src.universe_builder | RXN — failed to fetch market cap: Too Many Requests. Rate limited. Try after a while.
2026-06-16 14:43:55,712 | WARNING  | src.universe_builder | ACCO — failed to fetch market cap: Too Many Requests. Rate limited. Try after a while.
2026-06-16 14:43:57,416 | WARNING  | src.universe_builder | LYTS — failed to fetch market cap: Too Many Requests. Rate limited. Try after a while.
2026-06-16 14:43:58,900 | WARNING  | src.universe_builder | KBAL — failed to fetch market cap: Too Many Requests. Rate limited. Try after a while.
2026-06-16 14:44:00,491 | WARNING  | src.universe_builder | GFF — failed to fetch market cap: Too Many Requests. Rate limited. Try after a while.
2026-06-16 14:44:02,682 | WARNING  | src.universe_builder | ASTE — failed to fetch market cap: Too Many Requests. Rate limited. Try after a while.
2026-06-16 14:44:03,969 | WARNING  | src.universe_builder | HCSG — failed to fetch market cap: Too Many Requests. Rate limited. Try after a while.
2026-06-16 14:44:05,676 | WARNING  | src.universe_builder | HI — failed to fetch market cap: Too Many Requests. Rate limited. Try after a while.
2026-06-16 14:44:07,495 | WARNING  | src.universe_builder | CSWI — failed to fetch market cap: Too Many Requests. Rate limited. Try after a while.
2026-06-16 14:44:08,941 | WARNING  | src.universe_builder | NVT — failed to fetch market cap: Too Many Requests. Rate limited. Try after a while.
2026-06-16 14:44:10,394 | WARNING  | src.universe_builder | TRMK — failed to fetch market cap: Too Many Requests. Rate limited. Try after a while.
2026-06-16 14:44:12,276 | WARNING  | src.universe_builder | DXPE — failed to fetch market cap: Too Many Requests. Rate limited. Try after a while.
2026-06-16 14:44:13,952 | WARNING  | src.universe_builder | CAT — failed to fetch market cap: Too Many Requests. Rate limited. Try after a while.
2026-06-16 14:44:15,636 | WARNING  | src.universe_builder | DE — failed to fetch market cap: Too Many Requests. Rate limited. Try after a while.
2026-06-16 14:44:17,039 | WARNING  | src.universe_builder | PCAR — failed to fetch market cap: Too Many Requests. Rate limited. Try after a while.
2026-06-16 14:44:18,398 | WARNING  | src.universe_builder | CMI — failed to fetch market cap: Too Many Requests. Rate limited. Try after a while.
2026-06-16 14:44:19,938 | WARNING  | src.universe_builder | DOV — failed to fetch market cap: Too Many Requests. Rate limited. Try after a while.
2026-06-16 14:44:22,206 | WARNING  | src.universe_builder | AOS — failed to fetch market cap: Too Many Requests. Rate limited. Try after a while.
2026-06-16 14:44:23,541 | WARNING  | src.universe_builder | ALLE — failed to fetch market cap: Too Many Requests. Rate limited. Try after a while.
2026-06-16 14:44:24,827 | WARNING  | src.universe_builder | MAS — failed to fetch market cap: Too Many Requests. Rate limited. Try after a while.
2026-06-16 14:44:26,162 | WARNING  | src.universe_builder | JCI — failed to fetch market cap: Too Many Requests. Rate limited. Try after a while.
2026-06-16 14:44:27,560 | WARNING  | src.universe_builder | LII — failed to fetch market cap: Too Many Requests. Rate limited. Try after a while.
2026-06-16 14:44:28,959 | WARNING  | src.universe_builder | PWR — failed to fetch market cap: Too Many Requests. Rate limited. Try after a while.
2026-06-16 14:44:30,316 | WARNING  | src.universe_builder | FAST — failed to fetch market cap: Too Many Requests. Rate limited. Try after a while.
2026-06-16 14:48:27,739 | INFO     | src.data_quality | Data quality report written to /private/var/folders/g_/mmp1t2z93x57zkd20bmq6pn40000gn/T/pytest-of-xiaoweizhang/pytest-3/test_report_contains_all_field0/outputs/data_quality_report.txt
2026-06-16 14:48:27,740 | INFO     | src.data_quality | Data quality report written to /private/var/folders/g_/mmp1t2z93x57zkd20bmq6pn40000gn/T/pytest-of-xiaoweizhang/pytest-3/test_missing_rate_calculation0/outputs/data_quality_report.txt
2026-06-16 14:48:27,741 | INFO     | src.data_quality | Data quality report written to /private/var/folders/g_/mmp1t2z93x57zkd20bmq6pn40000gn/T/pytest-of-xiaoweizhang/pytest-3/test_report_file_written0/outputs/data_quality_report.txt
2026-06-16 14:48:27,742 | INFO     | src.data_quality | Data quality report written to /private/var/folders/g_/mmp1t2z93x57zkd20bmq6pn40000gn/T/pytest-of-xiaoweizhang/pytest-3/test_short_description_count0/outputs/data_quality_report.txt
2026-06-16 14:48:27,744 | INFO     | src.fetcher | Processing 1/1: AAA
2026-06-16 14:48:27,744 | INFO     | src.fetcher | AAA — loaded from cache
2026-06-16 14:48:27,746 | INFO     | src.fetcher | Processing 1/1: BBB
2026-06-16 14:48:27,747 | WARNING  | src.fetcher | BBB — EDGAR description failed: no network in tests
2026-06-16 14:48:27,747 | WARNING  | src.fetcher | BBB — ev_ebitda outlier (12000000.0), setting None
2026-06-16 14:48:27,749 | WARNING  | src.fetcher | CCC — attempt 1 failed: boom. Retrying...
2026-06-16 14:48:27,750 | WARNING  | src.fetcher | CCC — attempt 2 failed: boom. Retrying...
2026-06-16 14:48:27,762 | INFO     | src.fetcher | Processing 1/1: DDD
2026-06-16 14:48:27,762 | WARNING  | src.fetcher | DDD — attempt 1 failed: boom. Retrying...
2026-06-16 14:48:27,762 | WARNING  | src.fetcher | DDD — attempt 2 failed: boom. Retrying...
2026-06-16 14:48:27,762 | ERROR    | src.fetcher | DDD — failed after 3 retries: boom
2026-06-16 14:48:27,764 | WARNING  | src.fetcher | EEE — ev_ebitda outlier (150), setting None
2026-06-16 14:48:27,765 | WARNING  | src.fetcher | FFF — ev_ebitda outlier (-3), setting None
2026-06-16 14:48:27,766 | WARNING  | src.universe_builder | AAA — failed to fetch market cap: Too Many Requests. Keeping ticker.
2026-06-16 14:48:27,767 | WARNING  | src.universe_builder | BBB — market cap not available. Keeping ticker.
2026-06-16 14:48:27,768 | INFO     | src.universe_builder | CCC — market cap 100000000 below $200000000, filtering out
2026-06-16 14:48:47,797 | INFO     | src.universe_builder | 20 — yfinance sector screener returned 50 candidates
2026-06-16 14:48:47,798 | INFO     | src.universe_builder | Industrials (20) — 50 candidates found, 50 new tickers added after de-dup
2026-06-16 14:48:47,890 | INFO     | src.universe_builder | 35 — yfinance sector screener returned 50 candidates
2026-06-16 14:48:47,891 | INFO     | src.universe_builder | Healthcare Equipment (35) — 50 candidates found, 50 new tickers added after de-dup
2026-06-16 14:48:47,995 | INFO     | src.universe_builder | 45 — yfinance sector screener returned 50 candidates
2026-06-16 14:48:47,996 | INFO     | src.universe_builder | Technology Hardware (45) — 50 candidates found, 50 new tickers added after de-dup
2026-06-16 14:48:47,996 | INFO     | src.universe_builder | Merged universe before market cap filter: 150 tickers across 3 industries
2026-06-16 14:53:19,442 | INFO     | src.universe_builder | 150 candidates remain after market cap filter
2026-06-16 14:54:23,546 | WARNING  | src.universe_builder | 20 — yfinance sector screener failed: yfinance sector 'industrials' returned no companies. Falling back to hardcoded list.
2026-06-16 14:54:23,547 | INFO     | src.universe_builder | Industrials (20) — 104 candidates found, 104 new tickers added after de-dup
2026-06-16 14:54:24,388 | WARNING  | src.universe_builder | 35 — yfinance sector screener failed: yfinance sector 'healthcare' returned no companies. Falling back to hardcoded list.
2026-06-16 14:54:24,388 | INFO     | src.universe_builder | Healthcare Equipment (35) — 35 candidates found, 35 new tickers added after de-dup
2026-06-16 14:54:25,145 | WARNING  | src.universe_builder | 45 — yfinance sector screener failed: yfinance sector 'technology' returned no companies. Falling back to hardcoded list.
2026-06-16 14:54:25,145 | INFO     | src.universe_builder | Technology Hardware (45) — 33 candidates found, 33 new tickers added after de-dup
2026-06-16 14:54:25,145 | INFO     | src.universe_builder | Merged universe before market cap filter: 172 tickers across 3 industries
2026-06-16 14:54:26,485 | WARNING  | src.universe_builder | MMM — failed to fetch market cap: Too Many Requests. Rate limited. Try after a while.. Keeping ticker.
2026-06-16 14:54:28,964 | WARNING  | src.universe_builder | HON — failed to fetch market cap: Too Many Requests. Rate limited. Try after a while.. Keeping ticker.
2026-06-16 14:54:31,374 | WARNING  | src.universe_builder | GE — failed to fetch market cap: Too Many Requests. Rate limited. Try after a while.. Keeping ticker.
2026-06-16 14:54:33,825 | WARNING  | src.universe_builder | EMR — failed to fetch market cap: Too Many Requests. Rate limited. Try after a while.. Keeping ticker.
2026-06-16 14:54:36,445 | WARNING  | src.universe_builder | ITW — failed to fetch market cap: Too Many Requests. Rate limited. Try after a while.. Keeping ticker.
2026-06-16 14:54:38,944 | WARNING  | src.universe_builder | PH — failed to fetch market cap: Too Many Requests. Rate limited. Try after a while.. Keeping ticker.
2026-06-16 14:54:41,397 | WARNING  | src.universe_builder | ROK — failed to fetch market cap: Too Many Requests. Rate limited. Try after a while.. Keeping ticker.
2026-06-16 14:54:43,988 | WARNING  | src.universe_builder | AME — failed to fetch market cap: Too Many Requests. Rate limited. Try after a while.. Keeping ticker.
2026-06-16 14:54:46,610 | WARNING  | src.universe_builder | IEX — failed to fetch market cap: Too Many Requests. Rate limited. Try after a while.. Keeping ticker.
2026-06-16 14:54:49,102 | WARNING  | src.universe_builder | GNRC — failed to fetch market cap: Too Many Requests. Rate limited. Try after a while.. Keeping ticker.
2026-06-16 14:54:51,695 | WARNING  | src.universe_builder | SWK — failed to fetch market cap: Too Many Requests. Rate limited. Try after a while.. Keeping ticker.
2026-06-16 14:54:54,275 | WARNING  | src.universe_builder | PNR — failed to fetch market cap: Too Many Requests. Rate limited. Try after a while.. Keeping ticker.
2026-06-16 14:54:56,894 | WARNING  | src.universe_builder | RRX — failed to fetch market cap: Too Many Requests. Rate limited. Try after a while.. Keeping ticker.
2026-06-16 14:54:59,298 | WARNING  | src.universe_builder | XYL — failed to fetch market cap: Too Many Requests. Rate limited. Try after a while.. Keeping ticker.
2026-06-16 14:55:01,793 | WARNING  | src.universe_builder | FELE — failed to fetch market cap: Too Many Requests. Rate limited. Try after a while.. Keeping ticker.
2026-06-16 14:55:04,309 | WARNING  | src.universe_builder | TT — failed to fetch market cap: Too Many Requests. Rate limited. Try after a while.. Keeping ticker.
2026-06-16 14:55:06,858 | WARNING  | src.universe_builder | IR — failed to fetch market cap: Too Many Requests. Rate limited. Try after a while.. Keeping ticker.
2026-06-16 14:55:09,297 | WARNING  | src.universe_builder | CARR — failed to fetch market cap: Too Many Requests. Rate limited. Try after a while.. Keeping ticker.
2026-06-16 14:55:11,877 | WARNING  | src.universe_builder | OTIS — failed to fetch market cap: Too Many Requests. Rate limited. Try after a while.. Keeping ticker.
2026-06-16 14:55:14,559 | WARNING  | src.universe_builder | LMT — failed to fetch market cap: Too Many Requests. Rate limited. Try after a while.. Keeping ticker.
2026-06-16 14:55:17,004 | WARNING  | src.universe_builder | RTX — failed to fetch market cap: Too Many Requests. Rate limited. Try after a while.. Keeping ticker.
2026-06-16 14:55:19,700 | WARNING  | src.universe_builder | GD — failed to fetch market cap: Too Many Requests. Rate limited. Try after a while.. Keeping ticker.
2026-06-16 14:55:22,473 | WARNING  | src.universe_builder | NOC — failed to fetch market cap: Too Many Requests. Rate limited. Try after a while.. Keeping ticker.
2026-06-16 14:55:24,851 | WARNING  | src.universe_builder | LHX — failed to fetch market cap: Too Many Requests. Rate limited. Try after a while.. Keeping ticker.
2026-06-16 14:55:27,304 | WARNING  | src.universe_builder | TDG — failed to fetch market cap: Too Many Requests. Rate limited. Try after a while.. Keeping ticker.
2026-06-16 14:55:30,020 | WARNING  | src.universe_builder | HII — failed to fetch market cap: Too Many Requests. Rate limited. Try after a while.. Keeping ticker.
2026-06-16 14:55:32,428 | WARNING  | src.universe_builder | MOG.A — failed to fetch market cap: Too Many Requests. Rate limited. Try after a while.. Keeping ticker.
2026-06-16 14:55:34,865 | WARNING  | src.universe_builder | HEI — failed to fetch market cap: Too Many Requests. Rate limited. Try after a while.. Keeping ticker.
2026-06-16 14:55:37,447 | WARNING  | src.universe_builder | ESAB — failed to fetch market cap: Too Many Requests. Rate limited. Try after a while.. Keeping ticker.
2026-06-16 14:55:39,989 | WARNING  | src.universe_builder | ITT — failed to fetch market cap: Too Many Requests. Rate limited. Try after a while.. Keeping ticker.
2026-06-16 14:55:43,357 | WARNING  | src.universe_builder | WTS — failed to fetch market cap: Too Many Requests. Rate limited. Try after a while.. Keeping ticker.
2026-06-16 14:55:45,900 | WARNING  | src.universe_builder | RXN — failed to fetch market cap: Too Many Requests. Rate limited. Try after a while.. Keeping ticker.
2026-06-16 14:55:48,354 | WARNING  | src.universe_builder | ACCO — failed to fetch market cap: Too Many Requests. Rate limited. Try after a while.. Keeping ticker.
2026-06-16 14:55:51,016 | WARNING  | src.universe_builder | LYTS — failed to fetch market cap: Too Many Requests. Rate limited. Try after a while.. Keeping ticker.
2026-06-16 14:55:53,518 | WARNING  | src.universe_builder | KBAL — failed to fetch market cap: Too Many Requests. Rate limited. Try after a while.. Keeping ticker.
2026-06-16 14:55:56,405 | WARNING  | src.universe_builder | GFF — failed to fetch market cap: Too Many Requests. Rate limited. Try after a while.. Keeping ticker.
2026-06-16 14:55:58,870 | WARNING  | src.universe_builder | ASTE — failed to fetch market cap: Too Many Requests. Rate limited. Try after a while.. Keeping ticker.
2026-06-16 14:56:01,149 | WARNING  | src.universe_builder | HCSG — failed to fetch market cap: Too Many Requests. Rate limited. Try after a while.. Keeping ticker.
2026-06-16 14:56:03,757 | WARNING  | src.universe_builder | HI — failed to fetch market cap: Too Many Requests. Rate limited. Try after a while.. Keeping ticker.
2026-06-16 14:56:06,446 | WARNING  | src.universe_builder | CSWI — failed to fetch market cap: Too Many Requests. Rate limited. Try after a while.. Keeping ticker.
2026-06-16 14:56:09,089 | WARNING  | src.universe_builder | NVT — failed to fetch market cap: Too Many Requests. Rate limited. Try after a while.. Keeping ticker.
2026-06-16 14:56:11,866 | WARNING  | src.universe_builder | TRMK — failed to fetch market cap: Too Many Requests. Rate limited. Try after a while.. Keeping ticker.
2026-06-16 14:56:14,316 | WARNING  | src.universe_builder | DXPE — failed to fetch market cap: Too Many Requests. Rate limited. Try after a while.. Keeping ticker.
2026-06-16 14:56:17,104 | WARNING  | src.universe_builder | CAT — failed to fetch market cap: Too Many Requests. Rate limited. Try after a while.. Keeping ticker.
2026-06-16 14:56:19,785 | WARNING  | src.universe_builder | DE — failed to fetch market cap: Too Many Requests. Rate limited. Try after a while.. Keeping ticker.
2026-06-16 14:56:22,129 | WARNING  | src.universe_builder | PCAR — failed to fetch market cap: Too Many Requests. Rate limited. Try after a while.. Keeping ticker.
2026-06-16 14:56:24,692 | WARNING  | src.universe_builder | CMI — failed to fetch market cap: Too Many Requests. Rate limited. Try after a while.. Keeping ticker.
2026-06-16 14:56:27,221 | WARNING  | src.universe_builder | DOV — failed to fetch market cap: Too Many Requests. Rate limited. Try after a while.. Keeping ticker.
2026-06-16 14:56:30,009 | WARNING  | src.universe_builder | AOS — failed to fetch market cap: Too Many Requests. Rate limited. Try after a while.. Keeping ticker.
2026-06-16 14:56:32,572 | WARNING  | src.universe_builder | ALLE — failed to fetch market cap: Too Many Requests. Rate limited. Try after a while.. Keeping ticker.
2026-06-16 14:56:35,342 | WARNING  | src.universe_builder | MAS — failed to fetch market cap: Too Many Requests. Rate limited. Try after a while.. Keeping ticker.
2026-06-16 14:56:37,891 | WARNING  | src.universe_builder | JCI — failed to fetch market cap: Too Many Requests. Rate limited. Try after a while.. Keeping ticker.
2026-06-16 14:56:40,703 | WARNING  | src.universe_builder | LII — failed to fetch market cap: Too Many Requests. Rate limited. Try after a while.. Keeping ticker.
2026-06-16 14:56:43,213 | WARNING  | src.universe_builder | PWR — failed to fetch market cap: Too Many Requests. Rate limited. Try after a while.. Keeping ticker.
2026-06-16 14:56:45,638 | WARNING  | src.universe_builder | FAST — failed to fetch market cap: Too Many Requests. Rate limited. Try after a while.. Keeping ticker.
2026-06-16 14:56:48,186 | WARNING  | src.universe_builder | GWW — failed to fetch market cap: Too Many Requests. Rate limited. Try after a while.. Keeping ticker.
2026-06-16 14:56:50,831 | WARNING  | src.universe_builder | WSO — failed to fetch market cap: Too Many Requests. Rate limited. Try after a while.. Keeping ticker.
2026-06-16 14:56:53,367 | WARNING  | src.universe_builder | AIT — failed to fetch market cap: Too Many Requests. Rate limited. Try after a while.. Keeping ticker.
2026-06-16 14:56:56,164 | WARNING  | src.universe_builder | MSM — failed to fetch market cap: Too Many Requests. Rate limited. Try after a while.. Keeping ticker.
2026-06-16 14:56:58,724 | WARNING  | src.universe_builder | SITE — failed to fetch market cap: Too Many Requests. Rate limited. Try after a while.. Keeping ticker.
2026-06-16 14:57:01,322 | WARNING  | src.universe_builder | BLDR — failed to fetch market cap: Too Many Requests. Rate limited. Try after a while.. Keeping ticker.
2026-06-16 14:57:03,817 | WARNING  | src.universe_builder | EXP — failed to fetch market cap: Too Many Requests. Rate limited. Try after a while.. Keeping ticker.
2026-06-16 14:57:06,460 | WARNING  | src.universe_builder | VMC — failed to fetch market cap: Too Many Requests. Rate limited. Try after a while.. Keeping ticker.
2026-06-16 14:57:09,015 | WARNING  | src.universe_builder | MLM — failed to fetch market cap: Too Many Requests. Rate limited. Try after a while.. Keeping ticker.
2026-06-16 14:57:11,635 | WARNING  | src.universe_builder | NUE — failed to fetch market cap: Too Many Requests. Rate limited. Try after a while.. Keeping ticker.
2026-06-16 14:57:14,383 | WARNING  | src.universe_builder | STLD — failed to fetch market cap: Too Many Requests. Rate limited. Try after a while.. Keeping ticker.
2026-06-16 14:57:16,878 | WARNING  | src.universe_builder | X — failed to fetch market cap: Too Many Requests. Rate limited. Try after a while.. Keeping ticker.
2026-06-16 14:57:19,502 | WARNING  | src.universe_builder | CLF — failed to fetch market cap: Too Many Requests. Rate limited. Try after a while.. Keeping ticker.
2026-06-16 14:57:22,227 | WARNING  | src.universe_builder | RS — failed to fetch market cap: Too Many Requests. Rate limited. Try after a while.. Keeping ticker.
2026-06-16 14:57:24,824 | WARNING  | src.universe_builder | ATI — failed to fetch market cap: Too Many Requests. Rate limited. Try after a while.. Keeping ticker.
2026-06-16 14:57:27,244 | WARNING  | src.universe_builder | CRS — failed to fetch market cap: Too Many Requests. Rate limited. Try after a while.. Keeping ticker.
2026-06-16 14:57:29,759 | WARNING  | src.universe_builder | KMT — failed to fetch market cap: Too Many Requests. Rate limited. Try after a while.. Keeping ticker.
2026-06-16 14:57:32,155 | WARNING  | src.universe_builder | FLS — failed to fetch market cap: Too Many Requests. Rate limited. Try after a while.. Keeping ticker.
2026-06-16 14:57:34,567 | WARNING  | src.universe_builder | CR — failed to fetch market cap: Too Many Requests. Rate limited. Try after a while.. Keeping ticker.
2026-06-16 14:57:37,182 | WARNING  | src.universe_builder | DCI — failed to fetch market cap: Too Many Requests. Rate limited. Try after a while.. Keeping ticker.
2026-06-16 14:57:39,611 | WARNING  | src.universe_builder | GTLS — failed to fetch market cap: Too Many Requests. Rate limited. Try after a while.. Keeping ticker.
2026-06-16 14:57:42,193 | WARNING  | src.universe_builder | CFX — failed to fetch market cap: Too Many Requests. Rate limited. Try after a while.. Keeping ticker.
2026-06-16 14:57:44,792 | WARNING  | src.universe_builder | HEES — failed to fetch market cap: Too Many Requests. Rate limited. Try after a while.. Keeping ticker.
2026-06-16 14:57:47,438 | WARNING  | src.universe_builder | TKR — failed to fetch market cap: Too Many Requests. Rate limited. Try after a while.. Keeping ticker.
2026-06-16 14:57:50,187 | WARNING  | src.universe_builder | ROLL — failed to fetch market cap: Too Many Requests. Rate limited. Try after a while.. Keeping ticker.
2026-06-16 14:57:53,053 | WARNING  | src.universe_builder | B — failed to fetch market cap: Too Many Requests. Rate limited. Try after a while.. Keeping ticker.
2026-06-16 14:57:55,503 | WARNING  | src.universe_builder | WCC — failed to fetch market cap: Too Many Requests. Rate limited. Try after a while.. Keeping ticker.
2026-06-16 14:57:58,125 | WARNING  | src.universe_builder | AYI — failed to fetch market cap: Too Many Requests. Rate limited. Try after a while.. Keeping ticker.
2026-06-16 14:58:00,588 | WARNING  | src.universe_builder | HUBB — failed to fetch market cap: Too Many Requests. Rate limited. Try after a while.. Keeping ticker.
2026-06-16 14:58:03,016 | WARNING  | src.universe_builder | POWL — failed to fetch market cap: Too Many Requests. Rate limited. Try after a while.. Keeping ticker.
2026-06-16 14:58:05,649 | WARNING  | src.universe_builder | THR — failed to fetch market cap: Too Many Requests. Rate limited. Try after a while.. Keeping ticker.
2026-06-16 14:58:08,293 | WARNING  | src.universe_builder | MWA — failed to fetch market cap: Too Many Requests. Rate limited. Try after a while.. Keeping ticker.
2026-06-16 14:58:10,974 | WARNING  | src.universe_builder | AWI — failed to fetch market cap: Too Many Requests. Rate limited. Try after a while.. Keeping ticker.
2026-06-16 14:58:13,309 | WARNING  | src.universe_builder | JBT — failed to fetch market cap: Too Many Requests. Rate limited. Try after a while.. Keeping ticker.
2026-06-16 14:58:15,742 | WARNING  | src.universe_builder | GGG — failed to fetch market cap: Too Many Requests. Rate limited. Try after a while.. Keeping ticker.
2026-06-16 14:58:18,337 | WARNING  | src.universe_builder | SPXC — failed to fetch market cap: Too Many Requests. Rate limited. Try after a while.. Keeping ticker.
2026-06-16 14:58:21,096 | WARNING  | src.universe_builder | CIR — failed to fetch market cap: Too Many Requests. Rate limited. Try after a while.. Keeping ticker.
2026-06-16 14:58:23,688 | WARNING  | src.universe_builder | CSL — failed to fetch market cap: Too Many Requests. Rate limited. Try after a while.. Keeping ticker.
2026-06-16 14:58:26,239 | WARNING  | src.universe_builder | EME — failed to fetch market cap: Too Many Requests. Rate limited. Try after a while.. Keeping ticker.
2026-06-16 14:58:28,901 | WARNING  | src.universe_builder | MTZ — failed to fetch market cap: Too Many Requests. Rate limited. Try after a while.. Keeping ticker.
2026-06-16 14:58:31,479 | WARNING  | src.universe_builder | BMI — failed to fetch market cap: Too Many Requests. Rate limited. Try after a while.. Keeping ticker.
2026-06-16 14:58:33,989 | WARNING  | src.universe_builder | NDSN — failed to fetch market cap: Too Many Requests. Rate limited. Try after a while.. Keeping ticker.
2026-06-16 14:58:36,437 | WARNING  | src.universe_builder | AAON — failed to fetch market cap: Too Many Requests. Rate limited. Try after a while.. Keeping ticker.
2026-06-16 14:58:38,918 | WARNING  | src.universe_builder | LECO — failed to fetch market cap: Too Many Requests. Rate limited. Try after a while.. Keeping ticker.
2026-06-16 14:58:41,373 | WARNING  | src.universe_builder | KAMN — failed to fetch market cap: Too Many Requests. Rate limited. Try after a while.. Keeping ticker.
2026-06-16 14:58:43,773 | WARNING  | src.universe_builder | CW — failed to fetch market cap: Too Many Requests. Rate limited. Try after a while.. Keeping ticker.
2026-06-16 14:58:46,158 | WARNING  | src.universe_builder | HXL — failed to fetch market cap: Too Many Requests. Rate limited. Try after a while.. Keeping ticker.
2026-06-16 14:58:48,695 | WARNING  | src.universe_builder | TXT — failed to fetch market cap: Too Many Requests. Rate limited. Try after a while.. Keeping ticker.
2026-06-16 14:58:51,329 | WARNING  | src.universe_builder | SPR — failed to fetch market cap: Too Many Requests. Rate limited. Try after a while.. Keeping ticker.
2026-06-16 14:58:53,740 | WARNING  | src.universe_builder | ABT — failed to fetch market cap: Too Many Requests. Rate limited. Try after a while.. Keeping ticker.
2026-06-16 14:58:56,119 | WARNING  | src.universe_builder | MDT — failed to fetch market cap: Too Many Requests. Rate limited. Try after a while.. Keeping ticker.
2026-06-16 14:58:58,590 | WARNING  | src.universe_builder | SYK — failed to fetch market cap: Too Many Requests. Rate limited. Try after a while.. Keeping ticker.
2026-06-16 14:59:01,210 | WARNING  | src.universe_builder | BSX — failed to fetch market cap: Too Many Requests. Rate limited. Try after a while.. Keeping ticker.
2026-06-16 14:59:03,720 | WARNING  | src.universe_builder | ZBH — failed to fetch market cap: Too Many Requests. Rate limited. Try after a while.. Keeping ticker.
2026-06-16 14:59:06,510 | WARNING  | src.universe_builder | EW — failed to fetch market cap: Too Many Requests. Rate limited. Try after a while.. Keeping ticker.
2026-06-16 14:59:08,870 | WARNING  | src.universe_builder | HOLX — failed to fetch market cap: Too Many Requests. Rate limited. Try after a while.. Keeping ticker.
2026-06-16 14:59:11,335 | WARNING  | src.universe_builder | DXCM — failed to fetch market cap: Too Many Requests. Rate limited. Try after a while.. Keeping ticker.
2026-06-16 14:59:14,009 | WARNING  | src.universe_builder | ISRG — failed to fetch market cap: Too Many Requests. Rate limited. Try after a while.. Keeping ticker.
2026-06-16 14:59:16,675 | WARNING  | src.universe_builder | RMD — failed to fetch market cap: Too Many Requests. Rate limited. Try after a while.. Keeping ticker.
2026-06-16 14:59:19,189 | WARNING  | src.universe_builder | BAX — failed to fetch market cap: Too Many Requests. Rate limited. Try after a while.. Keeping ticker.
2026-06-16 14:59:21,813 | WARNING  | src.universe_builder | BDX — failed to fetch market cap: Too Many Requests. Rate limited. Try after a while.. Keeping ticker.
2026-06-16 14:59:24,355 | WARNING  | src.universe_builder | HAE — failed to fetch market cap: Too Many Requests. Rate limited. Try after a while.. Keeping ticker.
2026-06-16 14:59:26,720 | WARNING  | src.universe_builder | ICUI — failed to fetch market cap: Too Many Requests. Rate limited. Try after a while.. Keeping ticker.
2026-06-16 14:59:29,416 | WARNING  | src.universe_builder | AMED — failed to fetch market cap: Too Many Requests. Rate limited. Try after a while.. Keeping ticker.
2026-06-16 14:59:31,884 | WARNING  | src.universe_builder | NVCR — failed to fetch market cap: Too Many Requests. Rate limited. Try after a while.. Keeping ticker.
2026-06-16 14:59:35,329 | WARNING  | src.universe_builder | RGEN — failed to fetch market cap: Too Many Requests. Rate limited. Try after a while.. Keeping ticker.
2026-06-16 14:59:37,913 | WARNING  | src.universe_builder | IART — failed to fetch market cap: Too Many Requests. Rate limited. Try after a while.. Keeping ticker.
2026-06-16 14:59:40,819 | WARNING  | src.universe_builder | MMSI — failed to fetch market cap: Too Many Requests. Rate limited. Try after a while.. Keeping ticker.
2026-06-16 14:59:43,242 | WARNING  | src.universe_builder | PEN — failed to fetch market cap: Too Many Requests. Rate limited. Try after a while.. Keeping ticker.
2026-06-16 14:59:45,944 | WARNING  | src.universe_builder | OSIS — failed to fetch market cap: Too Many Requests. Rate limited. Try after a while.. Keeping ticker.
2026-06-16 14:59:48,655 | WARNING  | src.universe_builder | ATRC — failed to fetch market cap: Too Many Requests. Rate limited. Try after a while.. Keeping ticker.
2026-06-16 14:59:51,018 | WARNING  | src.universe_builder | NTRA — failed to fetch market cap: Too Many Requests. Rate limited. Try after a while.. Keeping ticker.
2026-06-16 14:59:53,364 | WARNING  | src.universe_builder | INSP — failed to fetch market cap: Too Many Requests. Rate limited. Try after a while.. Keeping ticker.
2026-06-16 14:59:56,019 | WARNING  | src.universe_builder | SWAV — failed to fetch market cap: Too Many Requests. Rate limited. Try after a while.. Keeping ticker.
2026-06-16 14:59:58,760 | WARNING  | src.universe_builder | AXNX — failed to fetch market cap: Too Many Requests. Rate limited. Try after a while.. Keeping ticker.
2026-06-16 15:00:01,168 | WARNING  | src.universe_builder | TNDM — failed to fetch market cap: Too Many Requests. Rate limited. Try after a while.. Keeping ticker.
2026-06-16 15:00:03,967 | WARNING  | src.universe_builder | NVST — failed to fetch market cap: Too Many Requests. Rate limited. Try after a while.. Keeping ticker.
2026-06-16 15:00:06,575 | WARNING  | src.universe_builder | ALGN — failed to fetch market cap: Too Many Requests. Rate limited. Try after a while.. Keeping ticker.
2026-06-16 15:00:08,992 | WARNING  | src.universe_builder | VRTX — failed to fetch market cap: Too Many Requests. Rate limited. Try after a while.. Keeping ticker.
2026-06-16 15:00:11,538 | WARNING  | src.universe_builder | GMED — failed to fetch market cap: Too Many Requests. Rate limited. Try after a while.. Keeping ticker.
2026-06-16 15:00:14,087 | WARNING  | src.universe_builder | CNMD — failed to fetch market cap: Too Many Requests. Rate limited. Try after a while.. Keeping ticker.
2026-06-16 15:00:16,938 | WARNING  | src.universe_builder | STE — failed to fetch market cap: Too Many Requests. Rate limited. Try after a while.. Keeping ticker.
2026-06-16 15:00:19,435 | WARNING  | src.universe_builder | TFX — failed to fetch market cap: Too Many Requests. Rate limited. Try after a while.. Keeping ticker.
2026-06-16 15:00:22,117 | WARNING  | src.universe_builder | XRAY — failed to fetch market cap: Too Many Requests. Rate limited. Try after a while.. Keeping ticker.
2026-06-16 15:00:25,823 | WARNING  | src.universe_builder | AAPL — failed to fetch market cap: Too Many Requests. Rate limited. Try after a while.. Keeping ticker.
2026-06-16 15:00:28,291 | WARNING  | src.universe_builder | DELL — failed to fetch market cap: Too Many Requests. Rate limited. Try after a while.. Keeping ticker.
2026-06-16 15:00:30,906 | WARNING  | src.universe_builder | HPQ — failed to fetch market cap: Too Many Requests. Rate limited. Try after a while.. Keeping ticker.
2026-06-16 15:00:33,203 | WARNING  | src.universe_builder | HPE — failed to fetch market cap: Too Many Requests. Rate limited. Try after a while.. Keeping ticker.
2026-06-16 15:00:35,755 | WARNING  | src.universe_builder | NTAP — failed to fetch market cap: Too Many Requests. Rate limited. Try after a while.. Keeping ticker.
2026-06-16 15:00:38,281 | WARNING  | src.universe_builder | STX — failed to fetch market cap: Too Many Requests. Rate limited. Try after a while.. Keeping ticker.
2026-06-16 15:00:42,439 | WARNING  | src.universe_builder | WDC — failed to fetch market cap: Too Many Requests. Rate limited. Try after a while.. Keeping ticker.
2026-06-16 15:00:46,150 | WARNING  | src.universe_builder | PSTG — failed to fetch market cap: Too Many Requests. Rate limited. Try after a while.. Keeping ticker.
2026-06-16 15:00:49,538 | WARNING  | src.universe_builder | SMCI — failed to fetch market cap: Too Many Requests. Rate limited. Try after a while.. Keeping ticker.
2026-06-16 15:00:52,137 | WARNING  | src.universe_builder | JNPR — failed to fetch market cap: Too Many Requests. Rate limited. Try after a while.. Keeping ticker.
2026-06-16 15:00:54,686 | WARNING  | src.universe_builder | CSCO — failed to fetch market cap: Too Many Requests. Rate limited. Try after a while.. Keeping ticker.
2026-06-16 15:00:58,825 | WARNING  | src.universe_builder | ANET — failed to fetch market cap: Too Many Requests. Rate limited. Try after a while.. Keeping ticker.
2026-06-16 15:01:01,435 | WARNING  | src.universe_builder | CIEN — failed to fetch market cap: Too Many Requests. Rate limited. Try after a while.. Keeping ticker.
2026-06-16 15:01:06,897 | WARNING  | src.universe_builder | VIAV — failed to fetch market cap: Too Many Requests. Rate limited. Try after a while.. Keeping ticker.
2026-06-16 15:01:09,698 | WARNING  | src.universe_builder | CLFD — failed to fetch market cap: Too Many Requests. Rate limited. Try after a while.. Keeping ticker.
2026-06-16 15:01:12,396 | WARNING  | src.universe_builder | ATEN — failed to fetch market cap: Too Many Requests. Rate limited. Try after a while.. Keeping ticker.
2026-06-16 15:01:15,786 | WARNING  | src.universe_builder | ARLO — failed to fetch market cap: Too Many Requests. Rate limited. Try after a while.. Keeping ticker.
2026-06-16 15:01:19,164 | WARNING  | src.universe_builder | CALX — failed to fetch market cap: Too Many Requests. Rate limited. Try after a while.. Keeping ticker.
2026-06-16 15:01:22,512 | WARNING  | src.universe_builder | DIGI — failed to fetch market cap: Too Many Requests. Rate limited. Try after a while.. Keeping ticker.
2026-06-16 15:01:25,581 | WARNING  | src.universe_builder | LIQT — failed to fetch market cap: Too Many Requests. Rate limited. Try after a while.. Keeping ticker.
2026-06-16 15:01:28,171 | WARNING  | src.universe_builder | PCTI — failed to fetch market cap: Too Many Requests. Rate limited. Try after a while.. Keeping ticker.
2026-06-16 15:01:30,861 | WARNING  | src.universe_builder | SIFY — failed to fetch market cap: Too Many Requests. Rate limited. Try after a while.. Keeping ticker.
2026-06-16 15:01:33,295 | WARNING  | src.universe_builder | SMSI — failed to fetch market cap: Too Many Requests. Rate limited. Try after a while.. Keeping ticker.
2026-06-16 15:01:36,795 | WARNING  | src.universe_builder | SPOK — failed to fetch market cap: Too Many Requests. Rate limited. Try after a while.. Keeping ticker.
2026-06-16 15:01:39,194 | WARNING  | src.universe_builder | SYNA — failed to fetch market cap: Too Many Requests. Rate limited. Try after a while.. Keeping ticker.
2026-06-16 15:01:41,833 | WARNING  | src.universe_builder | TTEC — failed to fetch market cap: Too Many Requests. Rate limited. Try after a while.. Keeping ticker.
2026-06-16 15:01:45,485 | WARNING  | src.universe_builder | UTSI — failed to fetch market cap: Too Many Requests. Rate limited. Try after a while.. Keeping ticker.
2026-06-16 15:01:50,068 | WARNING  | src.universe_builder | VNET — failed to fetch market cap: Too Many Requests. Rate limited. Try after a while.. Keeping ticker.
2026-06-16 15:01:52,698 | WARNING  | src.universe_builder | GLW — failed to fetch market cap: Too Many Requests. Rate limited. Try after a while.. Keeping ticker.
2026-06-16 15:01:55,094 | WARNING  | src.universe_builder | TEL — failed to fetch market cap: Too Many Requests. Rate limited. Try after a while.. Keeping ticker.
2026-06-16 15:01:57,632 | WARNING  | src.universe_builder | APH — failed to fetch market cap: Too Many Requests. Rate limited. Try after a while.. Keeping ticker.
2026-06-16 15:02:00,774 | WARNING  | src.universe_builder | KEYS — failed to fetch market cap: Too Many Requests. Rate limited. Try after a while.. Keeping ticker.
2026-06-16 15:02:03,661 | WARNING  | src.universe_builder | FFIV — failed to fetch market cap: Too Many Requests. Rate limited. Try after a while.. Keeping ticker.
2026-06-16 15:02:03,662 | INFO     | src.universe_builder | 172 candidates remain after market cap filter
2026-06-16 15:02:03,662 | INFO     | src.fetcher | Processing 1/172: MMM
2026-06-16 15:02:03,663 | INFO     | src.fetcher | MMM — loaded from cache
2026-06-16 15:02:03,663 | INFO     | src.fetcher | Processing 2/172: HON
2026-06-16 15:02:03,663 | INFO     | src.fetcher | HON — loaded from cache
2026-06-16 15:02:03,663 | INFO     | src.fetcher | Processing 3/172: GE
2026-06-16 15:02:03,664 | INFO     | src.fetcher | GE — loaded from cache
2026-06-16 15:02:03,664 | INFO     | src.fetcher | Processing 4/172: EMR
2026-06-16 15:02:04,522 | WARNING  | src.fetcher | EMR — attempt 1 failed: Too Many Requests. Rate limited. Try after a while.. Retrying...
2026-06-16 15:02:08,752 | WARNING  | src.fetcher | EMR — attempt 2 failed: Too Many Requests. Rate limited. Try after a while.. Retrying...
2026-06-16 15:02:11,878 | ERROR    | src.fetcher | EMR — failed after 3 retries: Too Many Requests. Rate limited. Try after a while.
2026-06-16 15:02:11,881 | INFO     | src.fetcher | Processing 5/172: ITW
2026-06-16 15:02:13,100 | WARNING  | src.fetcher | ITW — attempt 1 failed: Too Many Requests. Rate limited. Try after a while.. Retrying...
2026-06-16 15:02:14,932 | WARNING  | src.fetcher | ITW — attempt 2 failed: Too Many Requests. Rate limited. Try after a while.. Retrying...
2026-06-16 15:02:17,866 | ERROR    | src.fetcher | ITW — failed after 3 retries: Too Many Requests. Rate limited. Try after a while.
2026-06-16 15:02:17,867 | INFO     | src.fetcher | Processing 6/172: PH
2026-06-16 15:02:19,585 | WARNING  | src.fetcher | PH — attempt 1 failed: Too Many Requests. Rate limited. Try after a while.. Retrying...
2026-06-16 15:02:21,641 | WARNING  | src.fetcher | PH — attempt 2 failed: Too Many Requests. Rate limited. Try after a while.. Retrying...
2026-06-16 15:02:24,917 | ERROR    | src.fetcher | PH — failed after 3 retries: Too Many Requests. Rate limited. Try after a while.
2026-06-16 15:02:24,918 | INFO     | src.fetcher | Processing 7/172: ROK
2026-06-16 15:02:26,422 | WARNING  | src.fetcher | ROK — attempt 1 failed: Too Many Requests. Rate limited. Try after a while.. Retrying...
2026-06-16 15:02:28,679 | WARNING  | src.fetcher | ROK — attempt 2 failed: Too Many Requests. Rate limited. Try after a while.. Retrying...
2026-06-16 15:02:31,784 | ERROR    | src.fetcher | ROK — failed after 3 retries: Too Many Requests. Rate limited. Try after a while.
2026-06-16 15:02:31,785 | INFO     | src.fetcher | Processing 8/172: AME
2026-06-16 15:02:33,333 | WARNING  | src.fetcher | AME — attempt 1 failed: Too Many Requests. Rate limited. Try after a while.. Retrying...
2026-06-16 15:02:35,439 | WARNING  | src.fetcher | AME — attempt 2 failed: Too Many Requests. Rate limited. Try after a while.. Retrying...
2026-06-16 15:02:40,468 | ERROR    | src.fetcher | AME — failed after 3 retries: Too Many Requests. Rate limited. Try after a while.
2026-06-16 15:02:40,470 | INFO     | src.fetcher | Processing 9/172: IEX
2026-06-16 15:02:41,687 | WARNING  | src.fetcher | IEX — attempt 1 failed: Too Many Requests. Rate limited. Try after a while.. Retrying...
2026-06-16 15:02:44,442 | WARNING  | src.fetcher | IEX — attempt 2 failed: Too Many Requests. Rate limited. Try after a while.. Retrying...
2026-06-16 15:02:47,427 | ERROR    | src.fetcher | IEX — failed after 3 retries: Too Many Requests. Rate limited. Try after a while.
2026-06-16 15:02:47,428 | INFO     | src.fetcher | Processing 10/172: GNRC
2026-06-16 15:02:48,544 | WARNING  | src.fetcher | GNRC — attempt 1 failed: Too Many Requests. Rate limited. Try after a while.. Retrying...
2026-06-16 15:02:52,790 | WARNING  | src.fetcher | GNRC — attempt 2 failed: Too Many Requests. Rate limited. Try after a while.. Retrying...
2026-06-16 15:02:55,711 | ERROR    | src.fetcher | GNRC — failed after 3 retries: Too Many Requests. Rate limited. Try after a while.
2026-06-16 15:02:55,712 | INFO     | src.fetcher | Processing 11/172: SWK
2026-06-16 15:02:56,772 | WARNING  | src.fetcher | SWK — attempt 1 failed: Too Many Requests. Rate limited. Try after a while.. Retrying...
2026-06-16 15:02:58,784 | WARNING  | src.fetcher | SWK — attempt 2 failed: Too Many Requests. Rate limited. Try after a while.. Retrying...
2026-06-16 15:03:02,049 | ERROR    | src.fetcher | SWK — failed after 3 retries: Too Many Requests. Rate limited. Try after a while.
2026-06-16 15:03:02,051 | INFO     | src.fetcher | Processing 12/172: PNR
2026-06-16 15:03:03,432 | WARNING  | src.fetcher | PNR — attempt 1 failed: Too Many Requests. Rate limited. Try after a while.. Retrying...
2026-06-16 15:03:06,788 | WARNING  | src.fetcher | PNR — attempt 2 failed: Too Many Requests. Rate limited. Try after a while.. Retrying...
2026-06-16 15:03:09,856 | ERROR    | src.fetcher | PNR — failed after 3 retries: Too Many Requests. Rate limited. Try after a while.
2026-06-16 15:03:09,858 | INFO     | src.fetcher | Processing 13/172: RRX
2026-06-16 15:03:10,938 | WARNING  | src.fetcher | RRX — attempt 1 failed: Too Many Requests. Rate limited. Try after a while.. Retrying...
2026-06-16 15:03:13,016 | WARNING  | src.fetcher | RRX — attempt 2 failed: Too Many Requests. Rate limited. Try after a while.. Retrying...
2026-06-16 15:03:16,111 | ERROR    | src.fetcher | RRX — failed after 3 retries: Too Many Requests. Rate limited. Try after a while.
2026-06-16 15:03:16,113 | INFO     | src.fetcher | Processing 14/172: XYL
2026-06-16 15:03:17,106 | WARNING  | src.fetcher | XYL — attempt 1 failed: Too Many Requests. Rate limited. Try after a while.. Retrying...
2026-06-16 15:03:19,205 | WARNING  | src.fetcher | XYL — attempt 2 failed: Too Many Requests. Rate limited. Try after a while.. Retrying...
2026-06-16 15:03:22,555 | ERROR    | src.fetcher | XYL — failed after 3 retries: Too Many Requests. Rate limited. Try after a while.
2026-06-16 15:03:22,556 | INFO     | src.fetcher | Processing 15/172: FELE
2026-06-16 15:03:23,509 | WARNING  | src.fetcher | FELE — attempt 1 failed: Too Many Requests. Rate limited. Try after a while.. Retrying...
2026-06-16 15:03:25,476 | WARNING  | src.fetcher | FELE — attempt 2 failed: Too Many Requests. Rate limited. Try after a while.. Retrying...
2026-06-16 15:03:28,427 | ERROR    | src.fetcher | FELE — failed after 3 retries: Too Many Requests. Rate limited. Try after a while.
2026-06-16 15:03:28,428 | INFO     | src.fetcher | Processing 16/172: TT
2026-06-16 15:03:29,382 | WARNING  | src.fetcher | TT — attempt 1 failed: Too Many Requests. Rate limited. Try after a while.. Retrying...
2026-06-16 15:03:31,389 | WARNING  | src.fetcher | TT — attempt 2 failed: Too Many Requests. Rate limited. Try after a while.. Retrying...
2026-06-16 15:03:34,668 | ERROR    | src.fetcher | TT — failed after 3 retries: Too Many Requests. Rate limited. Try after a while.
2026-06-16 15:03:34,670 | INFO     | src.fetcher | Processing 17/172: IR
2026-06-16 15:03:36,003 | WARNING  | src.fetcher | IR — attempt 1 failed: Too Many Requests. Rate limited. Try after a while.. Retrying...
2026-06-16 15:03:37,831 | WARNING  | src.fetcher | IR — attempt 2 failed: Too Many Requests. Rate limited. Try after a while.. Retrying...
2026-06-16 15:03:40,923 | ERROR    | src.fetcher | IR — failed after 3 retries: Too Many Requests. Rate limited. Try after a while.
2026-06-16 15:03:40,924 | INFO     | src.fetcher | Processing 18/172: CARR
2026-06-16 15:03:42,007 | WARNING  | src.fetcher | CARR — attempt 1 failed: Too Many Requests. Rate limited. Try after a while.. Retrying...
2026-06-16 15:03:44,019 | WARNING  | src.fetcher | CARR — attempt 2 failed: Too Many Requests. Rate limited. Try after a while.. Retrying...
2026-06-16 15:03:47,165 | ERROR    | src.fetcher | CARR — failed after 3 retries: Too Many Requests. Rate limited. Try after a while.
2026-06-16 15:03:47,166 | INFO     | src.fetcher | Processing 19/172: OTIS
2026-06-16 15:03:48,120 | WARNING  | src.fetcher | OTIS — attempt 1 failed: Too Many Requests. Rate limited. Try after a while.. Retrying...
2026-06-16 15:03:50,094 | WARNING  | src.fetcher | OTIS — attempt 2 failed: Too Many Requests. Rate limited. Try after a while.. Retrying...
2026-06-16 15:03:53,239 | ERROR    | src.fetcher | OTIS — failed after 3 retries: Too Many Requests. Rate limited. Try after a while.
2026-06-16 15:03:53,241 | INFO     | src.fetcher | Processing 20/172: LMT
2026-06-16 15:03:54,288 | WARNING  | src.fetcher | LMT — attempt 1 failed: Too Many Requests. Rate limited. Try after a while.. Retrying...
2026-06-16 15:03:56,384 | WARNING  | src.fetcher | LMT — attempt 2 failed: Too Many Requests. Rate limited. Try after a while.. Retrying...
2026-06-16 15:03:59,705 | ERROR    | src.fetcher | LMT — failed after 3 retries: Too Many Requests. Rate limited. Try after a while.
2026-06-16 15:03:59,707 | INFO     | src.fetcher | Processing 21/172: RTX
2026-06-16 15:04:00,788 | WARNING  | src.fetcher | RTX — attempt 1 failed: Too Many Requests. Rate limited. Try after a while.. Retrying...
2026-06-16 15:04:02,819 | WARNING  | src.fetcher | RTX — attempt 2 failed: Too Many Requests. Rate limited. Try after a while.. Retrying...
2026-06-16 15:04:05,617 | ERROR    | src.fetcher | RTX — failed after 3 retries: Too Many Requests. Rate limited. Try after a while.
2026-06-16 15:04:05,618 | INFO     | src.fetcher | Processing 22/172: GD
2026-06-16 15:04:06,504 | WARNING  | src.fetcher | GD — attempt 1 failed: Too Many Requests. Rate limited. Try after a while.. Retrying...
2026-06-16 15:04:08,520 | WARNING  | src.fetcher | GD — attempt 2 failed: Too Many Requests. Rate limited. Try after a while.. Retrying...
2026-06-16 15:04:11,801 | ERROR    | src.fetcher | GD — failed after 3 retries: Too Many Requests. Rate limited. Try after a while.
2026-06-16 15:04:11,802 | INFO     | src.fetcher | Processing 23/172: NOC
2026-06-16 15:04:13,015 | WARNING  | src.fetcher | NOC — attempt 1 failed: Too Many Requests. Rate limited. Try after a while.. Retrying...
2026-06-16 15:04:15,073 | WARNING  | src.fetcher | NOC — attempt 2 failed: Too Many Requests. Rate limited. Try after a while.. Retrying...
2026-06-16 15:04:18,031 | ERROR    | src.fetcher | NOC — failed after 3 retries: Too Many Requests. Rate limited. Try after a while.
2026-06-16 15:04:18,032 | INFO     | src.fetcher | Processing 24/172: LHX
2026-06-16 15:04:18,933 | WARNING  | src.fetcher | LHX — attempt 1 failed: Too Many Requests. Rate limited. Try after a while.. Retrying...
2026-06-16 15:04:21,381 | WARNING  | src.fetcher | LHX — attempt 2 failed: Too Many Requests. Rate limited. Try after a while.. Retrying...
2026-06-16 15:04:24,380 | ERROR    | src.fetcher | LHX — failed after 3 retries: Too Many Requests. Rate limited. Try after a while.
2026-06-16 15:04:24,381 | INFO     | src.fetcher | Processing 25/172: TDG
2026-06-16 15:04:25,419 | WARNING  | src.fetcher | TDG — attempt 1 failed: Too Many Requests. Rate limited. Try after a while.. Retrying...
2026-06-16 15:04:27,533 | WARNING  | src.fetcher | TDG — attempt 2 failed: Too Many Requests. Rate limited. Try after a while.. Retrying...
2026-06-16 15:04:30,987 | ERROR    | src.fetcher | TDG — failed after 3 retries: Too Many Requests. Rate limited. Try after a while.
2026-06-16 15:04:30,989 | INFO     | src.fetcher | Processing 26/172: HII
2026-06-16 15:04:31,811 | WARNING  | src.fetcher | HII — attempt 1 failed: Too Many Requests. Rate limited. Try after a while.. Retrying...
2026-06-16 15:04:33,828 | WARNING  | src.fetcher | HII — attempt 2 failed: Too Many Requests. Rate limited. Try after a while.. Retrying...
2026-06-16 15:04:36,935 | ERROR    | src.fetcher | HII — failed after 3 retries: Too Many Requests. Rate limited. Try after a while.
2026-06-16 15:04:36,936 | INFO     | src.fetcher | Processing 27/172: MOG.A
2026-06-16 15:04:37,964 | WARNING  | src.fetcher | MOG.A — attempt 1 failed: Too Many Requests. Rate limited. Try after a while.. Retrying...
2026-06-16 15:04:40,056 | WARNING  | src.fetcher | MOG.A — attempt 2 failed: Too Many Requests. Rate limited. Try after a while.. Retrying...
2026-06-16 15:04:43,049 | ERROR    | src.fetcher | MOG.A — failed after 3 retries: Too Many Requests. Rate limited. Try after a while.
2026-06-16 15:04:43,051 | INFO     | src.fetcher | Processing 28/172: HEI
2026-06-16 15:04:43,961 | WARNING  | src.fetcher | HEI — attempt 1 failed: Too Many Requests. Rate limited. Try after a while.. Retrying...
2026-06-16 15:04:46,238 | WARNING  | src.fetcher | HEI — attempt 2 failed: Too Many Requests. Rate limited. Try after a while.. Retrying...
2026-06-16 15:04:49,382 | ERROR    | src.fetcher | HEI — failed after 3 retries: Too Many Requests. Rate limited. Try after a while.
2026-06-16 15:04:49,384 | INFO     | src.fetcher | Processing 29/172: ESAB
2026-06-16 15:04:50,427 | WARNING  | src.fetcher | ESAB — attempt 1 failed: Too Many Requests. Rate limited. Try after a while.. Retrying...
2026-06-16 15:04:52,553 | WARNING  | src.fetcher | ESAB — attempt 2 failed: Too Many Requests. Rate limited. Try after a while.. Retrying...
2026-06-16 15:04:55,530 | ERROR    | src.fetcher | ESAB — failed after 3 retries: Too Many Requests. Rate limited. Try after a while.
2026-06-16 15:04:55,531 | INFO     | src.fetcher | Processing 30/172: ITT
2026-06-16 15:04:56,493 | WARNING  | src.fetcher | ITT — attempt 1 failed: Too Many Requests. Rate limited. Try after a while.. Retrying...
2026-06-16 15:04:58,403 | WARNING  | src.fetcher | ITT — attempt 2 failed: Too Many Requests. Rate limited. Try after a while.. Retrying...
2026-06-16 15:05:01,540 | ERROR    | src.fetcher | ITT — failed after 3 retries: Too Many Requests. Rate limited. Try after a while.
2026-06-16 15:05:01,542 | INFO     | src.fetcher | Processing 31/172: WTS
2026-06-16 15:05:02,593 | WARNING  | src.fetcher | WTS — attempt 1 failed: Too Many Requests. Rate limited. Try after a while.. Retrying...
2026-06-16 15:05:04,581 | WARNING  | src.fetcher | WTS — attempt 2 failed: Too Many Requests. Rate limited. Try after a while.. Retrying...
2026-06-16 15:05:07,690 | ERROR    | src.fetcher | WTS — failed after 3 retries: Too Many Requests. Rate limited. Try after a while.
2026-06-16 15:05:07,692 | INFO     | src.fetcher | Processing 32/172: RXN
2026-06-16 15:05:08,582 | WARNING  | src.fetcher | RXN — attempt 1 failed: Too Many Requests. Rate limited. Try after a while.. Retrying...
2026-06-16 15:05:10,674 | WARNING  | src.fetcher | RXN — attempt 2 failed: Too Many Requests. Rate limited. Try after a while.. Retrying...
2026-06-16 15:05:13,787 | ERROR    | src.fetcher | RXN — failed after 3 retries: Too Many Requests. Rate limited. Try after a while.
2026-06-16 15:05:13,789 | INFO     | src.fetcher | Processing 33/172: ACCO
2026-06-16 15:05:15,227 | WARNING  | src.fetcher | ACCO — attempt 1 failed: Too Many Requests. Rate limited. Try after a while.. Retrying...
2026-06-16 15:05:17,145 | WARNING  | src.fetcher | ACCO — attempt 2 failed: Too Many Requests. Rate limited. Try after a while.. Retrying...
2026-06-16 15:05:20,305 | ERROR    | src.fetcher | ACCO — failed after 3 retries: Too Many Requests. Rate limited. Try after a while.
2026-06-16 15:05:20,306 | INFO     | src.fetcher | Processing 34/172: LYTS
2026-06-16 15:05:21,185 | WARNING  | src.fetcher | LYTS — attempt 1 failed: Too Many Requests. Rate limited. Try after a while.. Retrying...
2026-06-16 15:05:23,080 | WARNING  | src.fetcher | LYTS — attempt 2 failed: Too Many Requests. Rate limited. Try after a while.. Retrying...
2026-06-16 15:05:26,148 | ERROR    | src.fetcher | LYTS — failed after 3 retries: Too Many Requests. Rate limited. Try after a while.
2026-06-16 15:05:26,149 | INFO     | src.fetcher | Processing 35/172: KBAL
2026-06-16 15:05:27,324 | WARNING  | src.fetcher | KBAL — attempt 1 failed: Too Many Requests. Rate limited. Try after a while.. Retrying...
2026-06-16 15:05:29,280 | WARNING  | src.fetcher | KBAL — attempt 2 failed: Too Many Requests. Rate limited. Try after a while.. Retrying...
2026-06-16 15:05:32,195 | ERROR    | src.fetcher | KBAL — failed after 3 retries: Too Many Requests. Rate limited. Try after a while.
2026-06-16 15:05:32,197 | INFO     | src.fetcher | Processing 36/172: GFF
2026-06-16 15:05:33,282 | WARNING  | src.fetcher | GFF — attempt 1 failed: Too Many Requests. Rate limited. Try after a while.. Retrying...
2026-06-16 15:05:35,293 | WARNING  | src.fetcher | GFF — attempt 2 failed: Too Many Requests. Rate limited. Try after a while.. Retrying...
2026-06-16 15:05:38,462 | ERROR    | src.fetcher | GFF — failed after 3 retries: Too Many Requests. Rate limited. Try after a while.
2026-06-16 15:05:38,463 | INFO     | src.fetcher | Processing 37/172: ASTE
2026-06-16 15:05:39,669 | WARNING  | src.fetcher | ASTE — attempt 1 failed: Too Many Requests. Rate limited. Try after a while.. Retrying...
2026-06-16 15:05:41,882 | WARNING  | src.fetcher | ASTE — attempt 2 failed: Too Many Requests. Rate limited. Try after a while.. Retrying...
2026-06-16 15:05:44,955 | ERROR    | src.fetcher | ASTE — failed after 3 retries: Too Many Requests. Rate limited. Try after a while.
2026-06-16 15:05:44,958 | INFO     | src.fetcher | Processing 38/172: HCSG
2026-06-16 15:05:45,750 | WARNING  | src.fetcher | HCSG — attempt 1 failed: Too Many Requests. Rate limited. Try after a while.. Retrying...
2026-06-16 15:05:47,946 | WARNING  | src.fetcher | HCSG — attempt 2 failed: Too Many Requests. Rate limited. Try after a while.. Retrying...
2026-06-16 15:05:50,876 | ERROR    | src.fetcher | HCSG — failed after 3 retries: Too Many Requests. Rate limited. Try after a while.
2026-06-16 15:05:50,877 | INFO     | src.fetcher | Processing 39/172: HI
2026-06-16 15:05:51,928 | WARNING  | src.fetcher | HI — attempt 1 failed: Too Many Requests. Rate limited. Try after a while.. Retrying...
2026-06-16 15:05:54,019 | WARNING  | src.fetcher | HI — attempt 2 failed: Too Many Requests. Rate limited. Try after a while.. Retrying...
2026-06-16 15:05:57,057 | ERROR    | src.fetcher | HI — failed after 3 retries: Too Many Requests. Rate limited. Try after a while.
2026-06-16 15:05:57,060 | INFO     | src.fetcher | Processing 40/172: CSWI
2026-06-16 15:05:58,098 | WARNING  | src.fetcher | CSWI — attempt 1 failed: Too Many Requests. Rate limited. Try after a while.. Retrying...
2026-06-16 15:06:00,231 | WARNING  | src.fetcher | CSWI — attempt 2 failed: Too Many Requests. Rate limited. Try after a while.. Retrying...
2026-06-16 15:06:03,120 | ERROR    | src.fetcher | CSWI — failed after 3 retries: Too Many Requests. Rate limited. Try after a while.
2026-06-16 15:06:03,122 | INFO     | src.fetcher | Processing 41/172: NVT
2026-06-16 15:06:04,441 | WARNING  | src.fetcher | NVT — attempt 1 failed: Too Many Requests. Rate limited. Try after a while.. Retrying...
2026-06-16 15:06:06,572 | WARNING  | src.fetcher | NVT — attempt 2 failed: Too Many Requests. Rate limited. Try after a while.. Retrying...
2026-06-16 15:06:09,606 | ERROR    | src.fetcher | NVT — failed after 3 retries: Too Many Requests. Rate limited. Try after a while.
2026-06-16 15:06:09,608 | INFO     | src.fetcher | Processing 42/172: TRMK
2026-06-16 15:06:10,875 | WARNING  | src.fetcher | TRMK — attempt 1 failed: Too Many Requests. Rate limited. Try after a while.. Retrying...
2026-06-16 15:06:13,031 | WARNING  | src.fetcher | TRMK — attempt 2 failed: Too Many Requests. Rate limited. Try after a while.. Retrying...
2026-06-16 15:06:16,035 | ERROR    | src.fetcher | TRMK — failed after 3 retries: Too Many Requests. Rate limited. Try after a while.
2026-06-16 15:06:16,036 | INFO     | src.fetcher | Processing 43/172: DXPE
2026-06-16 15:06:17,125 | WARNING  | src.fetcher | DXPE — attempt 1 failed: Too Many Requests. Rate limited. Try after a while.. Retrying...
2026-06-16 15:06:19,036 | WARNING  | src.fetcher | DXPE — attempt 2 failed: Too Many Requests. Rate limited. Try after a while.. Retrying...
2026-06-16 15:06:21,936 | ERROR    | src.fetcher | DXPE — failed after 3 retries: Too Many Requests. Rate limited. Try after a while.
2026-06-16 15:06:21,937 | INFO     | src.fetcher | Processing 44/172: CAT
2026-06-16 15:06:21,938 | INFO     | src.fetcher | CAT — loaded from cache
2026-06-16 15:06:21,938 | INFO     | src.fetcher | Processing 45/172: DE
2026-06-16 15:06:21,939 | INFO     | src.fetcher | DE — loaded from cache
2026-06-16 15:06:21,939 | INFO     | src.fetcher | Processing 46/172: PCAR
2026-06-16 15:06:22,959 | WARNING  | src.fetcher | PCAR — attempt 1 failed: Too Many Requests. Rate limited. Try after a while.. Retrying...
2026-06-16 15:06:24,950 | WARNING  | src.fetcher | PCAR — attempt 2 failed: Too Many Requests. Rate limited. Try after a while.. Retrying...
2026-06-16 15:06:27,978 | ERROR    | src.fetcher | PCAR — failed after 3 retries: Too Many Requests. Rate limited. Try after a while.
2026-06-16 15:06:27,980 | INFO     | src.fetcher | Processing 47/172: CMI
2026-06-16 15:06:28,990 | WARNING  | src.fetcher | CMI — attempt 1 failed: Too Many Requests. Rate limited. Try after a while.. Retrying...
2026-06-16 15:06:31,212 | WARNING  | src.fetcher | CMI — attempt 2 failed: Too Many Requests. Rate limited. Try after a while.. Retrying...
2026-06-16 15:06:34,325 | ERROR    | src.fetcher | CMI — failed after 3 retries: Too Many Requests. Rate limited. Try after a while.
2026-06-16 15:06:34,325 | INFO     | src.fetcher | Processing 48/172: DOV
2026-06-16 15:06:35,425 | WARNING  | src.fetcher | DOV — attempt 1 failed: Too Many Requests. Rate limited. Try after a while.. Retrying...
2026-06-16 15:06:37,528 | WARNING  | src.fetcher | DOV — attempt 2 failed: Too Many Requests. Rate limited. Try after a while.. Retrying...
2026-06-16 15:06:40,779 | ERROR    | src.fetcher | DOV — failed after 3 retries: Too Many Requests. Rate limited. Try after a while.
2026-06-16 15:06:40,780 | INFO     | src.fetcher | Processing 49/172: AOS
2026-06-16 15:06:42,059 | WARNING  | src.fetcher | AOS — attempt 1 failed: Too Many Requests. Rate limited. Try after a while.. Retrying...
2026-06-16 15:06:44,216 | WARNING  | src.fetcher | AOS — attempt 2 failed: Too Many Requests. Rate limited. Try after a while.. Retrying...
2026-06-16 15:06:47,067 | ERROR    | src.fetcher | AOS — failed after 3 retries: Too Many Requests. Rate limited. Try after a while.
2026-06-16 15:06:47,069 | INFO     | src.fetcher | Processing 50/172: ALLE
2026-06-16 15:06:48,460 | WARNING  | src.fetcher | ALLE — attempt 1 failed: Too Many Requests. Rate limited. Try after a while.. Retrying...
2026-06-16 15:06:50,343 | WARNING  | src.fetcher | ALLE — attempt 2 failed: Too Many Requests. Rate limited. Try after a while.. Retrying...
2026-06-16 15:06:53,384 | ERROR    | src.fetcher | ALLE — failed after 3 retries: Too Many Requests. Rate limited. Try after a while.
2026-06-16 15:06:53,386 | INFO     | src.fetcher | Processing 51/172: MAS
2026-06-16 15:06:55,739 | WARNING  | src.fetcher | MAS — attempt 1 failed: Too Many Requests. Rate limited. Try after a while.. Retrying...
2026-06-16 15:06:57,837 | WARNING  | src.fetcher | MAS — attempt 2 failed: Too Many Requests. Rate limited. Try after a while.. Retrying...
2026-06-16 15:07:00,930 | ERROR    | src.fetcher | MAS — failed after 3 retries: Too Many Requests. Rate limited. Try after a while.
2026-06-16 15:07:00,933 | INFO     | src.fetcher | Processing 52/172: JCI
2026-06-16 15:07:02,058 | WARNING  | src.fetcher | JCI — attempt 1 failed: Too Many Requests. Rate limited. Try after a while.. Retrying...
2026-06-16 15:07:04,205 | WARNING  | src.fetcher | JCI — attempt 2 failed: Too Many Requests. Rate limited. Try after a while.. Retrying...
2026-06-16 15:07:07,100 | ERROR    | src.fetcher | JCI — failed after 3 retries: Too Many Requests. Rate limited. Try after a while.
2026-06-16 15:07:07,102 | INFO     | src.fetcher | Processing 53/172: LII
2026-06-16 15:07:08,274 | WARNING  | src.fetcher | LII — attempt 1 failed: Too Many Requests. Rate limited. Try after a while.. Retrying...
2026-06-16 15:07:10,229 | WARNING  | src.fetcher | LII — attempt 2 failed: Too Many Requests. Rate limited. Try after a while.. Retrying...
2026-06-16 15:07:13,323 | ERROR    | src.fetcher | LII — failed after 3 retries: Too Many Requests. Rate limited. Try after a while.
2026-06-16 15:07:13,324 | INFO     | src.fetcher | Processing 54/172: PWR
2026-06-16 15:07:14,222 | WARNING  | src.fetcher | PWR — attempt 1 failed: Too Many Requests. Rate limited. Try after a while.. Retrying...
2026-06-16 15:07:16,434 | WARNING  | src.fetcher | PWR — attempt 2 failed: Too Many Requests. Rate limited. Try after a while.. Retrying...
2026-06-16 15:07:19,612 | ERROR    | src.fetcher | PWR — failed after 3 retries: Too Many Requests. Rate limited. Try after a while.
2026-06-16 15:07:19,615 | INFO     | src.fetcher | Processing 55/172: FAST
2026-06-16 15:07:20,547 | WARNING  | src.fetcher | FAST — attempt 1 failed: Too Many Requests. Rate limited. Try after a while.. Retrying...
2026-06-16 15:07:22,280 | WARNING  | src.fetcher | FAST — attempt 2 failed: Too Many Requests. Rate limited. Try after a while.. Retrying...
2026-06-16 15:07:25,966 | ERROR    | src.fetcher | FAST — failed after 3 retries: Too Many Requests. Rate limited. Try after a while.
2026-06-16 15:07:25,968 | INFO     | src.fetcher | Processing 56/172: GWW
2026-06-16 15:07:27,260 | WARNING  | src.fetcher | GWW — attempt 1 failed: Too Many Requests. Rate limited. Try after a while.. Retrying...
2026-06-16 15:07:29,335 | WARNING  | src.fetcher | GWW — attempt 2 failed: Too Many Requests. Rate limited. Try after a while.. Retrying...
2026-06-16 15:07:32,456 | ERROR    | src.fetcher | GWW — failed after 3 retries: Too Many Requests. Rate limited. Try after a while.
2026-06-16 15:07:32,459 | INFO     | src.fetcher | Processing 57/172: WSO
2026-06-16 15:07:33,336 | WARNING  | src.fetcher | WSO — attempt 1 failed: Too Many Requests. Rate limited. Try after a while.. Retrying...
2026-06-16 15:07:35,715 | WARNING  | src.fetcher | WSO — attempt 2 failed: Too Many Requests. Rate limited. Try after a while.. Retrying...
2026-06-16 15:07:38,686 | ERROR    | src.fetcher | WSO — failed after 3 retries: Too Many Requests. Rate limited. Try after a while.
2026-06-16 15:07:38,689 | INFO     | src.fetcher | Processing 58/172: AIT
2026-06-16 15:07:39,827 | WARNING  | src.fetcher | AIT — attempt 1 failed: Too Many Requests. Rate limited. Try after a while.. Retrying...
2026-06-16 15:07:41,829 | WARNING  | src.fetcher | AIT — attempt 2 failed: Too Many Requests. Rate limited. Try after a while.. Retrying...
2026-06-16 15:07:45,019 | ERROR    | src.fetcher | AIT — failed after 3 retries: Too Many Requests. Rate limited. Try after a while.
2026-06-16 15:07:45,022 | INFO     | src.fetcher | Processing 59/172: MSM
2026-06-16 15:07:46,298 | WARNING  | src.fetcher | MSM — attempt 1 failed: Too Many Requests. Rate limited. Try after a while.. Retrying...
2026-06-16 15:07:48,677 | WARNING  | src.fetcher | MSM — attempt 2 failed: Too Many Requests. Rate limited. Try after a while.. Retrying...
2026-06-16 15:07:51,840 | ERROR    | src.fetcher | MSM — failed after 3 retries: Too Many Requests. Rate limited. Try after a while.
2026-06-16 15:07:51,842 | INFO     | src.fetcher | Processing 60/172: SITE
2026-06-16 15:07:53,366 | WARNING  | src.fetcher | SITE — attempt 1 failed: Too Many Requests. Rate limited. Try after a while.. Retrying...
2026-06-16 15:07:55,616 | WARNING  | src.fetcher | SITE — attempt 2 failed: Too Many Requests. Rate limited. Try after a while.. Retrying...
2026-06-16 15:07:58,750 | ERROR    | src.fetcher | SITE — failed after 3 retries: Too Many Requests. Rate limited. Try after a while.
2026-06-16 15:07:58,752 | INFO     | src.fetcher | Processing 61/172: BLDR
2026-06-16 15:07:59,814 | WARNING  | src.fetcher | BLDR — attempt 1 failed: Too Many Requests. Rate limited. Try after a while.. Retrying...
2026-06-16 15:08:01,907 | WARNING  | src.fetcher | BLDR — attempt 2 failed: Too Many Requests. Rate limited. Try after a while.. Retrying...
2026-06-16 15:08:04,999 | ERROR    | src.fetcher | BLDR — failed after 3 retries: Too Many Requests. Rate limited. Try after a while.
2026-06-16 15:08:05,002 | INFO     | src.fetcher | Processing 62/172: EXP
2026-06-16 15:08:06,211 | WARNING  | src.fetcher | EXP — attempt 1 failed: Too Many Requests. Rate limited. Try after a while.. Retrying...
2026-06-16 15:08:08,316 | WARNING  | src.fetcher | EXP — attempt 2 failed: Too Many Requests. Rate limited. Try after a while.. Retrying...
2026-06-16 15:08:11,190 | ERROR    | src.fetcher | EXP — failed after 3 retries: Too Many Requests. Rate limited. Try after a while.
2026-06-16 15:08:11,191 | INFO     | src.fetcher | Processing 63/172: VMC
2026-06-16 15:08:12,015 | WARNING  | src.fetcher | VMC — attempt 1 failed: Too Many Requests. Rate limited. Try after a while.. Retrying...
2026-06-16 15:08:14,000 | WARNING  | src.fetcher | VMC — attempt 2 failed: Too Many Requests. Rate limited. Try after a while.. Retrying...
2026-06-16 15:08:18,420 | ERROR    | src.fetcher | VMC — failed after 3 retries: Too Many Requests. Rate limited. Try after a while.
2026-06-16 15:08:18,421 | INFO     | src.fetcher | Processing 64/172: MLM
2026-06-16 15:08:19,621 | WARNING  | src.fetcher | MLM — attempt 1 failed: Too Many Requests. Rate limited. Try after a while.. Retrying...
2026-06-16 15:08:21,848 | WARNING  | src.fetcher | MLM — attempt 2 failed: Too Many Requests. Rate limited. Try after a while.. Retrying...
2026-06-16 15:08:24,687 | ERROR    | src.fetcher | MLM — failed after 3 retries: Too Many Requests. Rate limited. Try after a while.
2026-06-16 15:08:24,688 | INFO     | src.fetcher | Processing 65/172: NUE
2026-06-16 15:08:25,867 | WARNING  | src.fetcher | NUE — attempt 1 failed: Too Many Requests. Rate limited. Try after a while.. Retrying...
2026-06-16 15:08:28,153 | WARNING  | src.fetcher | NUE — attempt 2 failed: Too Many Requests. Rate limited. Try after a while.. Retrying...
2026-06-16 15:08:31,165 | ERROR    | src.fetcher | NUE — failed after 3 retries: Too Many Requests. Rate limited. Try after a while.
2026-06-16 15:08:31,168 | INFO     | src.fetcher | Processing 66/172: STLD
2026-06-16 15:08:32,208 | WARNING  | src.fetcher | STLD — attempt 1 failed: Too Many Requests. Rate limited. Try after a while.. Retrying...
2026-06-16 15:08:34,167 | WARNING  | src.fetcher | STLD — attempt 2 failed: Too Many Requests. Rate limited. Try after a while.. Retrying...
2026-06-16 15:08:36,958 | ERROR    | src.fetcher | STLD — failed after 3 retries: Too Many Requests. Rate limited. Try after a while.
2026-06-16 15:08:36,960 | INFO     | src.fetcher | Processing 67/172: X
2026-06-16 15:08:38,140 | WARNING  | src.fetcher | X — attempt 1 failed: Too Many Requests. Rate limited. Try after a while.. Retrying...
2026-06-16 15:08:39,923 | WARNING  | src.fetcher | X — attempt 2 failed: Too Many Requests. Rate limited. Try after a while.. Retrying...
2026-06-16 15:08:42,888 | ERROR    | src.fetcher | X — failed after 3 retries: Too Many Requests. Rate limited. Try after a while.
2026-06-16 15:08:42,889 | INFO     | src.fetcher | Processing 68/172: CLF
2026-06-16 15:08:43,870 | WARNING  | src.fetcher | CLF — attempt 1 failed: Too Many Requests. Rate limited. Try after a while.. Retrying...
2026-06-16 15:08:45,878 | WARNING  | src.fetcher | CLF — attempt 2 failed: Too Many Requests. Rate limited. Try after a while.. Retrying...
2026-06-16 15:08:48,706 | ERROR    | src.fetcher | CLF — failed after 3 retries: Too Many Requests. Rate limited. Try after a while.
2026-06-16 15:08:48,708 | INFO     | src.fetcher | Processing 69/172: RS
2026-06-16 15:08:49,734 | WARNING  | src.fetcher | RS — attempt 1 failed: Too Many Requests. Rate limited. Try after a while.. Retrying...
2026-06-16 15:08:51,727 | WARNING  | src.fetcher | RS — attempt 2 failed: Too Many Requests. Rate limited. Try after a while.. Retrying...
2026-06-16 15:08:54,706 | ERROR    | src.fetcher | RS — failed after 3 retries: Too Many Requests. Rate limited. Try after a while.
2026-06-16 15:08:54,708 | INFO     | src.fetcher | Processing 70/172: ATI
2026-06-16 15:08:55,567 | WARNING  | src.fetcher | ATI — attempt 1 failed: Too Many Requests. Rate limited. Try after a while.. Retrying...
2026-06-16 15:08:57,495 | WARNING  | src.fetcher | ATI — attempt 2 failed: Too Many Requests. Rate limited. Try after a while.. Retrying...
2026-06-16 15:09:00,647 | ERROR    | src.fetcher | ATI — failed after 3 retries: Too Many Requests. Rate limited. Try after a while.
2026-06-16 15:09:00,649 | INFO     | src.fetcher | Processing 71/172: CRS
2026-06-16 15:09:01,668 | WARNING  | src.fetcher | CRS — attempt 1 failed: Too Many Requests. Rate limited. Try after a while.. Retrying...
2026-06-16 15:09:03,663 | WARNING  | src.fetcher | CRS — attempt 2 failed: Too Many Requests. Rate limited. Try after a while.. Retrying...
2026-06-16 15:09:06,646 | ERROR    | src.fetcher | CRS — failed after 3 retries: Too Many Requests. Rate limited. Try after a while.
2026-06-16 15:09:06,647 | INFO     | src.fetcher | Processing 72/172: KMT
2026-06-16 15:09:07,858 | WARNING  | src.fetcher | KMT — attempt 1 failed: Too Many Requests. Rate limited. Try after a while.. Retrying...
2026-06-16 15:09:09,976 | WARNING  | src.fetcher | KMT — attempt 2 failed: Too Many Requests. Rate limited. Try after a while.. Retrying...
2026-06-16 15:09:13,378 | ERROR    | src.fetcher | KMT — failed after 3 retries: Too Many Requests. Rate limited. Try after a while.
2026-06-16 15:09:13,379 | INFO     | src.fetcher | Processing 73/172: FLS
2026-06-16 15:09:14,281 | WARNING  | src.fetcher | FLS — attempt 1 failed: Too Many Requests. Rate limited. Try after a while.. Retrying...
2026-06-16 15:09:16,412 | WARNING  | src.fetcher | FLS — attempt 2 failed: Too Many Requests. Rate limited. Try after a while.. Retrying...
2026-06-16 15:09:19,370 | ERROR    | src.fetcher | FLS — failed after 3 retries: Too Many Requests. Rate limited. Try after a while.
2026-06-16 15:09:19,373 | INFO     | src.fetcher | Processing 74/172: CR
2026-06-16 15:09:20,270 | WARNING  | src.fetcher | CR — attempt 1 failed: Too Many Requests. Rate limited. Try after a while.. Retrying...
2026-06-16 15:09:22,124 | WARNING  | src.fetcher | CR — attempt 2 failed: Too Many Requests. Rate limited. Try after a while.. Retrying...
2026-06-16 15:09:25,160 | ERROR    | src.fetcher | CR — failed after 3 retries: Too Many Requests. Rate limited. Try after a while.
2026-06-16 15:09:25,161 | INFO     | src.fetcher | Processing 75/172: DCI
2026-06-16 15:09:26,239 | WARNING  | src.fetcher | DCI — attempt 1 failed: Too Many Requests. Rate limited. Try after a while.. Retrying...
2026-06-16 15:09:28,397 | WARNING  | src.fetcher | DCI — attempt 2 failed: Too Many Requests. Rate limited. Try after a while.. Retrying...
2026-06-16 15:09:31,489 | ERROR    | src.fetcher | DCI — failed after 3 retries: Too Many Requests. Rate limited. Try after a while.
2026-06-16 15:09:31,490 | INFO     | src.fetcher | Processing 76/172: GTLS
2026-06-16 15:09:32,281 | WARNING  | src.fetcher | GTLS — attempt 1 failed: Too Many Requests. Rate limited. Try after a while.. Retrying...
2026-06-16 15:09:34,835 | WARNING  | src.fetcher | GTLS — attempt 2 failed: Too Many Requests. Rate limited. Try after a while.. Retrying...
2026-06-16 15:09:37,820 | ERROR    | src.fetcher | GTLS — failed after 3 retries: Too Many Requests. Rate limited. Try after a while.
2026-06-16 15:09:37,821 | INFO     | src.fetcher | Processing 77/172: CFX
2026-06-16 15:09:38,830 | WARNING  | src.fetcher | CFX — attempt 1 failed: Too Many Requests. Rate limited. Try after a while.. Retrying...
2026-06-16 15:09:40,697 | WARNING  | src.fetcher | CFX — attempt 2 failed: Too Many Requests. Rate limited. Try after a while.. Retrying...
2026-06-16 15:09:43,638 | ERROR    | src.fetcher | CFX — failed after 3 retries: Too Many Requests. Rate limited. Try after a while.
2026-06-16 15:09:43,639 | INFO     | src.fetcher | Processing 78/172: HEES
2026-06-16 15:09:44,724 | WARNING  | src.fetcher | HEES — attempt 1 failed: Too Many Requests. Rate limited. Try after a while.. Retrying...
2026-06-16 15:09:46,947 | WARNING  | src.fetcher | HEES — attempt 2 failed: Too Many Requests. Rate limited. Try after a while.. Retrying...
2026-06-16 15:09:49,995 | ERROR    | src.fetcher | HEES — failed after 3 retries: Too Many Requests. Rate limited. Try after a while.
2026-06-16 15:09:49,996 | INFO     | src.fetcher | Processing 79/172: TKR
2026-06-16 15:09:50,985 | WARNING  | src.fetcher | TKR — attempt 1 failed: Too Many Requests. Rate limited. Try after a while.. Retrying...
2026-06-16 15:09:53,120 | WARNING  | src.fetcher | TKR — attempt 2 failed: Too Many Requests. Rate limited. Try after a while.. Retrying...
2026-06-16 15:09:56,081 | ERROR    | src.fetcher | TKR — failed after 3 retries: Too Many Requests. Rate limited. Try after a while.
2026-06-16 15:09:56,082 | INFO     | src.fetcher | Processing 80/172: ROLL
2026-06-16 15:09:57,457 | WARNING  | src.fetcher | ROLL — attempt 1 failed: Too Many Requests. Rate limited. Try after a while.. Retrying...
2026-06-16 15:09:59,900 | WARNING  | src.fetcher | ROLL — attempt 2 failed: Too Many Requests. Rate limited. Try after a while.. Retrying...
2026-06-16 15:10:03,077 | ERROR    | src.fetcher | ROLL — failed after 3 retries: Too Many Requests. Rate limited. Try after a while.
2026-06-16 15:10:03,078 | INFO     | src.fetcher | Processing 81/172: B
2026-06-16 15:10:04,148 | WARNING  | src.fetcher | B — attempt 1 failed: Too Many Requests. Rate limited. Try after a while.. Retrying...
2026-06-16 15:10:06,205 | WARNING  | src.fetcher | B — attempt 2 failed: Too Many Requests. Rate limited. Try after a while.. Retrying...
2026-06-16 15:10:09,417 | ERROR    | src.fetcher | B — failed after 3 retries: Too Many Requests. Rate limited. Try after a while.
2026-06-16 15:10:09,420 | INFO     | src.fetcher | Processing 82/172: WCC
2026-06-16 15:10:10,568 | WARNING  | src.fetcher | WCC — attempt 1 failed: Too Many Requests. Rate limited. Try after a while.. Retrying...
2026-06-16 15:10:12,560 | WARNING  | src.fetcher | WCC — attempt 2 failed: Too Many Requests. Rate limited. Try after a while.. Retrying...
2026-06-16 15:10:15,632 | ERROR    | src.fetcher | WCC — failed after 3 retries: Too Many Requests. Rate limited. Try after a while.
2026-06-16 15:10:15,633 | INFO     | src.fetcher | Processing 83/172: AYI
2026-06-16 15:10:16,581 | WARNING  | src.fetcher | AYI — attempt 1 failed: Too Many Requests. Rate limited. Try after a while.. Retrying...
2026-06-16 15:10:18,744 | WARNING  | src.fetcher | AYI — attempt 2 failed: Too Many Requests. Rate limited. Try after a while.. Retrying...
2026-06-16 15:10:21,736 | ERROR    | src.fetcher | AYI — failed after 3 retries: Too Many Requests. Rate limited. Try after a while.
2026-06-16 15:10:21,737 | INFO     | src.fetcher | Processing 84/172: HUBB
2026-06-16 15:10:22,584 | WARNING  | src.fetcher | HUBB — attempt 1 failed: Too Many Requests. Rate limited. Try after a while.. Retrying...
2026-06-16 15:10:24,667 | WARNING  | src.fetcher | HUBB — attempt 2 failed: Too Many Requests. Rate limited. Try after a while.. Retrying...
2026-06-16 15:10:27,667 | ERROR    | src.fetcher | HUBB — failed after 3 retries: Too Many Requests. Rate limited. Try after a while.
2026-06-16 15:10:27,669 | INFO     | src.fetcher | Processing 85/172: POWL
2026-06-16 15:10:28,668 | WARNING  | src.fetcher | POWL — attempt 1 failed: Too Many Requests. Rate limited. Try after a while.. Retrying...
2026-06-16 15:10:30,762 | WARNING  | src.fetcher | POWL — attempt 2 failed: Too Many Requests. Rate limited. Try after a while.. Retrying...
2026-06-16 15:10:33,634 | ERROR    | src.fetcher | POWL — failed after 3 retries: Too Many Requests. Rate limited. Try after a while.
2026-06-16 15:10:33,635 | INFO     | src.fetcher | Processing 86/172: THR
2026-06-16 15:10:34,664 | WARNING  | src.fetcher | THR — attempt 1 failed: Too Many Requests. Rate limited. Try after a while.. Retrying...
2026-06-16 15:10:36,589 | WARNING  | src.fetcher | THR — attempt 2 failed: Too Many Requests. Rate limited. Try after a while.. Retrying...
2026-06-16 15:10:39,609 | ERROR    | src.fetcher | THR — failed after 3 retries: Too Many Requests. Rate limited. Try after a while.
2026-06-16 15:10:39,611 | INFO     | src.fetcher | Processing 87/172: MWA
2026-06-16 15:10:40,724 | WARNING  | src.fetcher | MWA — attempt 1 failed: Too Many Requests. Rate limited. Try after a while.. Retrying...
2026-06-16 15:10:42,781 | WARNING  | src.fetcher | MWA — attempt 2 failed: Too Many Requests. Rate limited. Try after a while.. Retrying...
2026-06-16 15:10:46,049 | ERROR    | src.fetcher | MWA — failed after 3 retries: Too Many Requests. Rate limited. Try after a while.
2026-06-16 15:10:46,050 | INFO     | src.fetcher | Processing 88/172: AWI
2026-06-16 15:10:47,016 | WARNING  | src.fetcher | AWI — attempt 1 failed: Too Many Requests. Rate limited. Try after a while.. Retrying...
2026-06-16 15:10:49,112 | WARNING  | src.fetcher | AWI — attempt 2 failed: Too Many Requests. Rate limited. Try after a while.. Retrying...
2026-06-16 15:10:52,190 | ERROR    | src.fetcher | AWI — failed after 3 retries: Too Many Requests. Rate limited. Try after a while.
2026-06-16 15:10:52,192 | INFO     | src.fetcher | Processing 89/172: JBT
2026-06-16 15:10:53,100 | WARNING  | src.fetcher | JBT — attempt 1 failed: Too Many Requests. Rate limited. Try after a while.. Retrying...
2026-06-16 15:10:55,293 | WARNING  | src.fetcher | JBT — attempt 2 failed: Too Many Requests. Rate limited. Try after a while.. Retrying...
2026-06-16 15:10:58,501 | ERROR    | src.fetcher | JBT — failed after 3 retries: Too Many Requests. Rate limited. Try after a while.
2026-06-16 15:10:58,502 | INFO     | src.fetcher | Processing 90/172: GGG
2026-06-16 15:10:59,653 | WARNING  | src.fetcher | GGG — attempt 1 failed: Too Many Requests. Rate limited. Try after a while.. Retrying...
2026-06-16 15:11:01,672 | WARNING  | src.fetcher | GGG — attempt 2 failed: Too Many Requests. Rate limited. Try after a while.. Retrying...
2026-06-16 15:11:04,577 | ERROR    | src.fetcher | GGG — failed after 3 retries: Too Many Requests. Rate limited. Try after a while.
2026-06-16 15:11:04,578 | INFO     | src.fetcher | Processing 91/172: SPXC
2026-06-16 15:11:05,397 | WARNING  | src.fetcher | SPXC — attempt 1 failed: Too Many Requests. Rate limited. Try after a while.. Retrying...
2026-06-16 15:11:07,747 | WARNING  | src.fetcher | SPXC — attempt 2 failed: Too Many Requests. Rate limited. Try after a while.. Retrying...
2026-06-16 15:11:10,697 | ERROR    | src.fetcher | SPXC — failed after 3 retries: Too Many Requests. Rate limited. Try after a while.
2026-06-16 15:11:10,699 | INFO     | src.fetcher | Processing 92/172: CIR
2026-06-16 15:11:11,625 | WARNING  | src.fetcher | CIR — attempt 1 failed: Too Many Requests. Rate limited. Try after a while.. Retrying...
2026-06-16 15:11:13,552 | WARNING  | src.fetcher | CIR — attempt 2 failed: Too Many Requests. Rate limited. Try after a while.. Retrying...
2026-06-16 15:11:16,827 | ERROR    | src.fetcher | CIR — failed after 3 retries: Too Many Requests. Rate limited. Try after a while.
2026-06-16 15:11:16,829 | INFO     | src.fetcher | Processing 93/172: CSL
2026-06-16 15:11:17,834 | WARNING  | src.fetcher | CSL — attempt 1 failed: Too Many Requests. Rate limited. Try after a while.. Retrying...
2026-06-16 15:11:20,004 | WARNING  | src.fetcher | CSL — attempt 2 failed: Too Many Requests. Rate limited. Try after a while.. Retrying...
2026-06-16 15:11:23,206 | ERROR    | src.fetcher | CSL — failed after 3 retries: Too Many Requests. Rate limited. Try after a while.
2026-06-16 15:11:23,207 | INFO     | src.fetcher | Processing 94/172: EME
2026-06-16 15:11:24,202 | WARNING  | src.fetcher | EME — attempt 1 failed: Too Many Requests. Rate limited. Try after a while.. Retrying...
2026-06-16 15:11:26,225 | WARNING  | src.fetcher | EME — attempt 2 failed: Too Many Requests. Rate limited. Try after a while.. Retrying...
2026-06-16 15:11:29,466 | ERROR    | src.fetcher | EME — failed after 3 retries: Too Many Requests. Rate limited. Try after a while.
2026-06-16 15:11:29,467 | INFO     | src.fetcher | Processing 95/172: MTZ
2026-06-16 15:11:30,305 | WARNING  | src.fetcher | MTZ — attempt 1 failed: Too Many Requests. Rate limited. Try after a while.. Retrying...
2026-06-16 15:11:32,391 | WARNING  | src.fetcher | MTZ — attempt 2 failed: Too Many Requests. Rate limited. Try after a while.. Retrying...
2026-06-16 15:11:35,298 | ERROR    | src.fetcher | MTZ — failed after 3 retries: Too Many Requests. Rate limited. Try after a while.
2026-06-16 15:11:35,299 | INFO     | src.fetcher | Processing 96/172: BMI
2026-06-16 15:11:36,409 | WARNING  | src.fetcher | BMI — attempt 1 failed: Too Many Requests. Rate limited. Try after a while.. Retrying...
2026-06-16 15:11:38,429 | WARNING  | src.fetcher | BMI — attempt 2 failed: Too Many Requests. Rate limited. Try after a while.. Retrying...
2026-06-16 15:11:41,777 | ERROR    | src.fetcher | BMI — failed after 3 retries: Too Many Requests. Rate limited. Try after a while.
2026-06-16 15:11:41,779 | INFO     | src.fetcher | Processing 97/172: NDSN
2026-06-16 15:11:42,680 | WARNING  | src.fetcher | NDSN — attempt 1 failed: Too Many Requests. Rate limited. Try after a while.. Retrying...
2026-06-16 15:11:44,757 | WARNING  | src.fetcher | NDSN — attempt 2 failed: Too Many Requests. Rate limited. Try after a while.. Retrying...
2026-06-16 15:11:47,725 | ERROR    | src.fetcher | NDSN — failed after 3 retries: Too Many Requests. Rate limited. Try after a while.
2026-06-16 15:11:47,726 | INFO     | src.fetcher | Processing 98/172: AAON
2026-06-16 15:11:48,817 | WARNING  | src.fetcher | AAON — attempt 1 failed: Too Many Requests. Rate limited. Try after a while.. Retrying...
2026-06-16 15:11:50,618 | WARNING  | src.fetcher | AAON — attempt 2 failed: Too Many Requests. Rate limited. Try after a while.. Retrying...
2026-06-16 15:11:54,058 | ERROR    | src.fetcher | AAON — failed after 3 retries: Too Many Requests. Rate limited. Try after a while.
2026-06-16 15:11:54,060 | INFO     | src.fetcher | Processing 99/172: LECO
2026-06-16 15:11:55,204 | WARNING  | src.fetcher | LECO — attempt 1 failed: Too Many Requests. Rate limited. Try after a while.. Retrying...
2026-06-16 15:11:57,308 | WARNING  | src.fetcher | LECO — attempt 2 failed: Too Many Requests. Rate limited. Try after a while.. Retrying...
2026-06-16 15:12:00,166 | ERROR    | src.fetcher | LECO — failed after 3 retries: Too Many Requests. Rate limited. Try after a while.
2026-06-16 15:12:00,168 | INFO     | src.fetcher | Processing 100/172: KAMN
2026-06-16 15:12:01,394 | WARNING  | src.fetcher | KAMN — attempt 1 failed: Too Many Requests. Rate limited. Try after a while.. Retrying...
2026-06-16 15:12:03,273 | WARNING  | src.fetcher | KAMN — attempt 2 failed: Too Many Requests. Rate limited. Try after a while.. Retrying...
2026-06-16 15:12:06,295 | ERROR    | src.fetcher | KAMN — failed after 3 retries: Too Many Requests. Rate limited. Try after a while.
2026-06-16 15:12:06,296 | INFO     | src.fetcher | Processing 101/172: CW
2026-06-16 15:12:07,294 | WARNING  | src.fetcher | CW — attempt 1 failed: Too Many Requests. Rate limited. Try after a while.. Retrying...
2026-06-16 15:12:09,437 | WARNING  | src.fetcher | CW — attempt 2 failed: Too Many Requests. Rate limited. Try after a while.. Retrying...
2026-06-16 15:12:12,718 | ERROR    | src.fetcher | CW — failed after 3 retries: Too Many Requests. Rate limited. Try after a while.
2026-06-16 15:12:12,718 | INFO     | src.fetcher | Processing 102/172: HXL
2026-06-16 15:12:13,629 | WARNING  | src.fetcher | HXL — attempt 1 failed: Too Many Requests. Rate limited. Try after a while.. Retrying...
2026-06-16 15:12:15,652 | WARNING  | src.fetcher | HXL — attempt 2 failed: Too Many Requests. Rate limited. Try after a while.. Retrying...
2026-06-16 15:12:18,745 | ERROR    | src.fetcher | HXL — failed after 3 retries: Too Many Requests. Rate limited. Try after a while.
2026-06-16 15:12:18,750 | INFO     | src.fetcher | Processing 103/172: TXT
2026-06-16 15:12:19,841 | WARNING  | src.fetcher | TXT — attempt 1 failed: Too Many Requests. Rate limited. Try after a while.. Retrying...
2026-06-16 15:12:22,094 | WARNING  | src.fetcher | TXT — attempt 2 failed: Too Many Requests. Rate limited. Try after a while.. Retrying...
2026-06-16 15:12:25,187 | ERROR    | src.fetcher | TXT — failed after 3 retries: Too Many Requests. Rate limited. Try after a while.
2026-06-16 15:12:25,189 | INFO     | src.fetcher | Processing 104/172: SPR
2026-06-16 15:12:26,189 | WARNING  | src.fetcher | SPR — attempt 1 failed: Too Many Requests. Rate limited. Try after a while.. Retrying...
2026-06-16 15:12:28,292 | WARNING  | src.fetcher | SPR — attempt 2 failed: Too Many Requests. Rate limited. Try after a while.. Retrying...
2026-06-16 15:12:31,286 | ERROR    | src.fetcher | SPR — failed after 3 retries: Too Many Requests. Rate limited. Try after a while.
2026-06-16 15:12:31,288 | INFO     | src.fetcher | Processing 105/172: ABT
2026-06-16 15:12:32,285 | WARNING  | src.fetcher | ABT — attempt 1 failed: Too Many Requests. Rate limited. Try after a while.. Retrying...
2026-06-16 15:12:34,384 | WARNING  | src.fetcher | ABT — attempt 2 failed: Too Many Requests. Rate limited. Try after a while.. Retrying...
2026-06-16 15:12:37,527 | ERROR    | src.fetcher | ABT — failed after 3 retries: Too Many Requests. Rate limited. Try after a while.
2026-06-16 15:12:37,527 | INFO     | src.fetcher | Processing 106/172: MDT
2026-06-16 15:12:38,394 | WARNING  | src.fetcher | MDT — attempt 1 failed: Too Many Requests. Rate limited. Try after a while.. Retrying...
2026-06-16 15:12:40,438 | WARNING  | src.fetcher | MDT — attempt 2 failed: Too Many Requests. Rate limited. Try after a while.. Retrying...
2026-06-16 15:12:44,916 | ERROR    | src.fetcher | MDT — failed after 3 retries: Too Many Requests. Rate limited. Try after a while.
2026-06-16 15:12:44,919 | INFO     | src.fetcher | Processing 107/172: SYK
2026-06-16 15:12:45,987 | WARNING  | src.fetcher | SYK — attempt 1 failed: Too Many Requests. Rate limited. Try after a while.. Retrying...
2026-06-16 15:12:48,148 | WARNING  | src.fetcher | SYK — attempt 2 failed: Too Many Requests. Rate limited. Try after a while.. Retrying...
2026-06-16 15:12:51,198 | ERROR    | src.fetcher | SYK — failed after 3 retries: Too Many Requests. Rate limited. Try after a while.
2026-06-16 15:12:51,198 | INFO     | src.fetcher | Processing 108/172: BSX
2026-06-16 15:12:52,023 | WARNING  | src.fetcher | BSX — attempt 1 failed: Too Many Requests. Rate limited. Try after a while.. Retrying...
2026-06-16 15:12:54,018 | WARNING  | src.fetcher | BSX — attempt 2 failed: Too Many Requests. Rate limited. Try after a while.. Retrying...
2026-06-16 15:12:57,159 | ERROR    | src.fetcher | BSX — failed after 3 retries: Too Many Requests. Rate limited. Try after a while.
2026-06-16 15:12:57,161 | INFO     | src.fetcher | Processing 109/172: ZBH
2026-06-16 15:12:59,254 | WARNING  | src.fetcher | ZBH — attempt 1 failed: Too Many Requests. Rate limited. Try after a while.. Retrying...
2026-06-16 15:13:01,159 | WARNING  | src.fetcher | ZBH — attempt 2 failed: Too Many Requests. Rate limited. Try after a while.. Retrying...
2026-06-16 15:13:04,120 | ERROR    | src.fetcher | ZBH — failed after 3 retries: Too Many Requests. Rate limited. Try after a while.
2026-06-16 15:13:04,121 | INFO     | src.fetcher | Processing 110/172: EW
2026-06-16 15:13:05,344 | WARNING  | src.fetcher | EW — attempt 1 failed: Too Many Requests. Rate limited. Try after a while.. Retrying...
2026-06-16 15:13:07,207 | WARNING  | src.fetcher | EW — attempt 2 failed: Too Many Requests. Rate limited. Try after a while.. Retrying...
2026-06-16 15:13:10,287 | ERROR    | src.fetcher | EW — failed after 3 retries: Too Many Requests. Rate limited. Try after a while.
2026-06-16 15:13:10,288 | INFO     | src.fetcher | Processing 111/172: HOLX
2026-06-16 15:13:11,224 | WARNING  | src.fetcher | HOLX — attempt 1 failed: Too Many Requests. Rate limited. Try after a while.. Retrying...
2026-06-16 15:13:13,646 | WARNING  | src.fetcher | HOLX — attempt 2 failed: Too Many Requests. Rate limited. Try after a while.. Retrying...
2026-06-16 15:13:16,851 | ERROR    | src.fetcher | HOLX — failed after 3 retries: Too Many Requests. Rate limited. Try after a while.
2026-06-16 15:13:16,852 | INFO     | src.fetcher | Processing 112/172: DXCM
2026-06-16 15:13:18,015 | WARNING  | src.fetcher | DXCM — attempt 1 failed: Too Many Requests. Rate limited. Try after a while.. Retrying...
2026-06-16 15:13:20,044 | WARNING  | src.fetcher | DXCM — attempt 2 failed: Too Many Requests. Rate limited. Try after a while.. Retrying...
2026-06-16 15:13:23,190 | ERROR    | src.fetcher | DXCM — failed after 3 retries: Too Many Requests. Rate limited. Try after a while.
2026-06-16 15:13:23,191 | INFO     | src.fetcher | Processing 113/172: ISRG
2026-06-16 15:13:24,272 | WARNING  | src.fetcher | ISRG — attempt 1 failed: Too Many Requests. Rate limited. Try after a while.. Retrying...
2026-06-16 15:13:26,414 | WARNING  | src.fetcher | ISRG — attempt 2 failed: Too Many Requests. Rate limited. Try after a while.. Retrying...
2026-06-16 15:13:29,611 | ERROR    | src.fetcher | ISRG — failed after 3 retries: Too Many Requests. Rate limited. Try after a while.
2026-06-16 15:13:29,613 | INFO     | src.fetcher | Processing 114/172: RMD
2026-06-16 15:13:30,648 | WARNING  | src.fetcher | RMD — attempt 1 failed: Too Many Requests. Rate limited. Try after a while.. Retrying...
2026-06-16 15:13:32,754 | WARNING  | src.fetcher | RMD — attempt 2 failed: Too Many Requests. Rate limited. Try after a while.. Retrying...
2026-06-16 15:13:36,244 | ERROR    | src.fetcher | RMD — failed after 3 retries: Too Many Requests. Rate limited. Try after a while.
2026-06-16 15:13:36,246 | INFO     | src.fetcher | Processing 115/172: BAX
2026-06-16 15:13:37,457 | WARNING  | src.fetcher | BAX — attempt 1 failed: Too Many Requests. Rate limited. Try after a while.. Retrying...
2026-06-16 15:13:39,238 | WARNING  | src.fetcher | BAX — attempt 2 failed: Too Many Requests. Rate limited. Try after a while.. Retrying...
2026-06-16 15:13:42,417 | ERROR    | src.fetcher | BAX — failed after 3 retries: Too Many Requests. Rate limited. Try after a while.
2026-06-16 15:13:42,419 | INFO     | src.fetcher | Processing 116/172: BDX
2026-06-16 15:13:43,652 | WARNING  | src.fetcher | BDX — attempt 1 failed: Too Many Requests. Rate limited. Try after a while.. Retrying...
2026-06-16 15:13:45,734 | WARNING  | src.fetcher | BDX — attempt 2 failed: Too Many Requests. Rate limited. Try after a while.. Retrying...
2026-06-16 15:13:48,668 | ERROR    | src.fetcher | BDX — failed after 3 retries: Too Many Requests. Rate limited. Try after a while.
2026-06-16 15:13:48,668 | INFO     | src.fetcher | Processing 117/172: HAE
2026-06-16 15:13:49,561 | WARNING  | src.fetcher | HAE — attempt 1 failed: Too Many Requests. Rate limited. Try after a while.. Retrying...
2026-06-16 15:13:52,126 | WARNING  | src.fetcher | HAE — attempt 2 failed: Too Many Requests. Rate limited. Try after a while.. Retrying...
2026-06-16 15:13:55,855 | ERROR    | src.fetcher | HAE — failed after 3 retries: Too Many Requests. Rate limited. Try after a while.
2026-06-16 15:13:55,856 | INFO     | src.fetcher | Processing 118/172: ICUI
2026-06-16 15:13:57,024 | WARNING  | src.fetcher | ICUI — attempt 1 failed: Too Many Requests. Rate limited. Try after a while.. Retrying...
2026-06-16 15:13:58,962 | WARNING  | src.fetcher | ICUI — attempt 2 failed: Too Many Requests. Rate limited. Try after a while.. Retrying...
2026-06-16 15:14:02,053 | ERROR    | src.fetcher | ICUI — failed after 3 retries: Too Many Requests. Rate limited. Try after a while.
2026-06-16 15:14:02,055 | INFO     | src.fetcher | Processing 119/172: AMED
2026-06-16 15:14:03,059 | WARNING  | src.fetcher | AMED — attempt 1 failed: Too Many Requests. Rate limited. Try after a while.. Retrying...
2026-06-16 15:14:05,155 | WARNING  | src.fetcher | AMED — attempt 2 failed: Too Many Requests. Rate limited. Try after a while.. Retrying...
2026-06-16 15:14:08,390 | ERROR    | src.fetcher | AMED — failed after 3 retries: Too Many Requests. Rate limited. Try after a while.
2026-06-16 15:14:08,391 | INFO     | src.fetcher | Processing 120/172: NVCR
2026-06-16 15:14:09,279 | WARNING  | src.fetcher | NVCR — attempt 1 failed: Too Many Requests. Rate limited. Try after a while.. Retrying...
2026-06-16 15:14:11,285 | WARNING  | src.fetcher | NVCR — attempt 2 failed: Too Many Requests. Rate limited. Try after a while.. Retrying...
2026-06-16 15:14:14,593 | ERROR    | src.fetcher | NVCR — failed after 3 retries: Too Many Requests. Rate limited. Try after a while.
2026-06-16 15:14:14,595 | INFO     | src.fetcher | Processing 121/172: RGEN
2026-06-16 15:14:15,612 | WARNING  | src.fetcher | RGEN — attempt 1 failed: Too Many Requests. Rate limited. Try after a while.. Retrying...
2026-06-16 15:14:17,787 | WARNING  | src.fetcher | RGEN — attempt 2 failed: Too Many Requests. Rate limited. Try after a while.. Retrying...
2026-06-16 15:14:20,955 | ERROR    | src.fetcher | RGEN — failed after 3 retries: Too Many Requests. Rate limited. Try after a while.
2026-06-16 15:14:20,956 | INFO     | src.fetcher | Processing 122/172: IART
2026-06-16 15:14:22,028 | WARNING  | src.fetcher | IART — attempt 1 failed: Too Many Requests. Rate limited. Try after a while.. Retrying...
2026-06-16 15:14:24,113 | WARNING  | src.fetcher | IART — attempt 2 failed: Too Many Requests. Rate limited. Try after a while.. Retrying...
2026-06-16 15:14:27,307 | ERROR    | src.fetcher | IART — failed after 3 retries: Too Many Requests. Rate limited. Try after a while.
2026-06-16 15:14:27,308 | INFO     | src.fetcher | Processing 123/172: MMSI
2026-06-16 15:14:28,380 | WARNING  | src.fetcher | MMSI — attempt 1 failed: Too Many Requests. Rate limited. Try after a while.. Retrying...
2026-06-16 15:14:30,444 | WARNING  | src.fetcher | MMSI — attempt 2 failed: Too Many Requests. Rate limited. Try after a while.. Retrying...
2026-06-16 15:14:33,556 | ERROR    | src.fetcher | MMSI — failed after 3 retries: Too Many Requests. Rate limited. Try after a while.
2026-06-16 15:14:33,558 | INFO     | src.fetcher | Processing 124/172: PEN
2026-06-16 15:14:34,531 | WARNING  | src.fetcher | PEN — attempt 1 failed: Too Many Requests. Rate limited. Try after a while.. Retrying...
2026-06-16 15:14:36,542 | WARNING  | src.fetcher | PEN — attempt 2 failed: Too Many Requests. Rate limited. Try after a while.. Retrying...
2026-06-16 15:14:39,819 | ERROR    | src.fetcher | PEN — failed after 3 retries: Too Many Requests. Rate limited. Try after a while.
2026-06-16 15:14:39,819 | INFO     | src.fetcher | Processing 125/172: OSIS
2026-06-16 15:14:40,765 | WARNING  | src.fetcher | OSIS — attempt 1 failed: Too Many Requests. Rate limited. Try after a while.. Retrying...
2026-06-16 15:14:42,988 | WARNING  | src.fetcher | OSIS — attempt 2 failed: Too Many Requests. Rate limited. Try after a while.. Retrying...
2026-06-16 15:14:46,021 | ERROR    | src.fetcher | OSIS — failed after 3 retries: Too Many Requests. Rate limited. Try after a while.
2026-06-16 15:14:46,023 | INFO     | src.fetcher | Processing 126/172: ATRC
2026-06-16 15:14:47,177 | WARNING  | src.fetcher | ATRC — attempt 1 failed: Too Many Requests. Rate limited. Try after a while.. Retrying...
2026-06-16 15:14:49,122 | WARNING  | src.fetcher | ATRC — attempt 2 failed: Too Many Requests. Rate limited. Try after a while.. Retrying...
2026-06-16 15:14:52,482 | ERROR    | src.fetcher | ATRC — failed after 3 retries: Too Many Requests. Rate limited. Try after a while.
2026-06-16 15:14:52,483 | INFO     | src.fetcher | Processing 127/172: NTRA
2026-06-16 15:14:53,508 | WARNING  | src.fetcher | NTRA — attempt 1 failed: Too Many Requests. Rate limited. Try after a while.. Retrying...
2026-06-16 15:14:56,142 | WARNING  | src.fetcher | NTRA — attempt 2 failed: Too Many Requests. Rate limited. Try after a while.. Retrying...
2026-06-16 15:14:59,318 | ERROR    | src.fetcher | NTRA — failed after 3 retries: Too Many Requests. Rate limited. Try after a while.
2026-06-16 15:14:59,320 | INFO     | src.fetcher | Processing 128/172: INSP
2026-06-16 15:15:00,356 | WARNING  | src.fetcher | INSP — attempt 1 failed: Too Many Requests. Rate limited. Try after a while.. Retrying...
2026-06-16 15:15:02,425 | WARNING  | src.fetcher | INSP — attempt 2 failed: Too Many Requests. Rate limited. Try after a while.. Retrying...
2026-06-16 15:15:05,419 | ERROR    | src.fetcher | INSP — failed after 3 retries: Too Many Requests. Rate limited. Try after a while.
2026-06-16 15:15:05,420 | INFO     | src.fetcher | Processing 129/172: SWAV
2026-06-16 15:15:06,752 | WARNING  | src.fetcher | SWAV — attempt 1 failed: Too Many Requests. Rate limited. Try after a while.. Retrying...
2026-06-16 15:15:08,953 | WARNING  | src.fetcher | SWAV — attempt 2 failed: Too Many Requests. Rate limited. Try after a while.. Retrying...
2026-06-16 15:15:11,875 | ERROR    | src.fetcher | SWAV — failed after 3 retries: Too Many Requests. Rate limited. Try after a while.
2026-06-16 15:15:11,876 | INFO     | src.fetcher | Processing 130/172: AXNX
2026-06-16 15:15:12,718 | WARNING  | src.fetcher | AXNX — attempt 1 failed: Too Many Requests. Rate limited. Try after a while.. Retrying...
2026-06-16 15:15:14,608 | WARNING  | src.fetcher | AXNX — attempt 2 failed: Too Many Requests. Rate limited. Try after a while.. Retrying...
2026-06-16 15:15:17,692 | ERROR    | src.fetcher | AXNX — failed after 3 retries: Too Many Requests. Rate limited. Try after a while.
2026-06-16 15:15:17,693 | INFO     | src.fetcher | Processing 131/172: TNDM
2026-06-16 15:15:18,749 | WARNING  | src.fetcher | TNDM — attempt 1 failed: Too Many Requests. Rate limited. Try after a while.. Retrying...
2026-06-16 15:15:20,737 | WARNING  | src.fetcher | TNDM — attempt 2 failed: Too Many Requests. Rate limited. Try after a while.. Retrying...
2026-06-16 15:15:23,728 | ERROR    | src.fetcher | TNDM — failed after 3 retries: Too Many Requests. Rate limited. Try after a while.
2026-06-16 15:15:23,730 | INFO     | src.fetcher | Processing 132/172: NVST
2026-06-16 15:15:24,632 | WARNING  | src.fetcher | NVST — attempt 1 failed: Too Many Requests. Rate limited. Try after a while.. Retrying...
2026-06-16 15:15:26,943 | WARNING  | src.fetcher | NVST — attempt 2 failed: Too Many Requests. Rate limited. Try after a while.. Retrying...
2026-06-16 15:15:29,864 | ERROR    | src.fetcher | NVST — failed after 3 retries: Too Many Requests. Rate limited. Try after a while.
2026-06-16 15:15:29,866 | INFO     | src.fetcher | Processing 133/172: ALGN
2026-06-16 15:15:30,901 | WARNING  | src.fetcher | ALGN — attempt 1 failed: Too Many Requests. Rate limited. Try after a while.. Retrying...
2026-06-16 15:15:32,831 | WARNING  | src.fetcher | ALGN — attempt 2 failed: Too Many Requests. Rate limited. Try after a while.. Retrying...
2026-06-16 15:15:35,951 | ERROR    | src.fetcher | ALGN — failed after 3 retries: Too Many Requests. Rate limited. Try after a while.
2026-06-16 15:15:35,953 | INFO     | src.fetcher | Processing 134/172: VRTX
2026-06-16 15:15:37,114 | WARNING  | src.fetcher | VRTX — attempt 1 failed: Too Many Requests. Rate limited. Try after a while.. Retrying...
2026-06-16 15:15:39,225 | WARNING  | src.fetcher | VRTX — attempt 2 failed: Too Many Requests. Rate limited. Try after a while.. Retrying...
2026-06-16 15:15:43,251 | ERROR    | src.fetcher | VRTX — failed after 3 retries: Too Many Requests. Rate limited. Try after a while.
2026-06-16 15:15:43,251 | INFO     | src.fetcher | Processing 135/172: GMED
2026-06-16 15:15:44,318 | WARNING  | src.fetcher | GMED — attempt 1 failed: Too Many Requests. Rate limited. Try after a while.. Retrying...
2026-06-16 15:15:46,344 | WARNING  | src.fetcher | GMED — attempt 2 failed: Too Many Requests. Rate limited. Try after a while.. Retrying...
2026-06-16 15:15:49,413 | ERROR    | src.fetcher | GMED — failed after 3 retries: Too Many Requests. Rate limited. Try after a while.
2026-06-16 15:15:49,414 | INFO     | src.fetcher | Processing 136/172: CNMD
2026-06-16 15:15:50,348 | WARNING  | src.fetcher | CNMD — attempt 1 failed: Too Many Requests. Rate limited. Try after a while.. Retrying...
2026-06-16 15:15:52,251 | WARNING  | src.fetcher | CNMD — attempt 2 failed: Too Many Requests. Rate limited. Try after a while.. Retrying...
2026-06-16 15:15:55,227 | ERROR    | src.fetcher | CNMD — failed after 3 retries: Too Many Requests. Rate limited. Try after a while.
2026-06-16 15:15:55,230 | INFO     | src.fetcher | Processing 137/172: STE
2026-06-16 15:15:56,233 | WARNING  | src.fetcher | STE — attempt 1 failed: Too Many Requests. Rate limited. Try after a while.. Retrying...
2026-06-16 15:15:58,524 | WARNING  | src.fetcher | STE — attempt 2 failed: Too Many Requests. Rate limited. Try after a while.. Retrying...
2026-06-16 15:16:01,909 | ERROR    | src.fetcher | STE — failed after 3 retries: Too Many Requests. Rate limited. Try after a while.
2026-06-16 15:16:01,912 | INFO     | src.fetcher | Processing 138/172: TFX
2026-06-16 15:16:03,191 | WARNING  | src.fetcher | TFX — attempt 1 failed: Too Many Requests. Rate limited. Try after a while.. Retrying...
2026-06-16 15:16:05,248 | WARNING  | src.fetcher | TFX — attempt 2 failed: Too Many Requests. Rate limited. Try after a while.. Retrying...
2026-06-16 15:16:08,356 | ERROR    | src.fetcher | TFX — failed after 3 retries: Too Many Requests. Rate limited. Try after a while.
2026-06-16 15:16:08,357 | INFO     | src.fetcher | Processing 139/172: XRAY
2026-06-16 15:16:09,536 | WARNING  | src.fetcher | XRAY — attempt 1 failed: Too Many Requests. Rate limited. Try after a while.. Retrying...
2026-06-16 15:16:11,702 | WARNING  | src.fetcher | XRAY — attempt 2 failed: Too Many Requests. Rate limited. Try after a while.. Retrying...
2026-06-16 15:16:14,734 | ERROR    | src.fetcher | XRAY — failed after 3 retries: Too Many Requests. Rate limited. Try after a while.
2026-06-16 15:16:14,736 | INFO     | src.fetcher | Processing 140/172: AAPL
2026-06-16 15:16:15,474 | WARNING  | src.fetcher | AAPL — attempt 1 failed: Too Many Requests. Rate limited. Try after a while.. Retrying...
2026-06-16 15:16:17,539 | WARNING  | src.fetcher | AAPL — attempt 2 failed: Too Many Requests. Rate limited. Try after a while.. Retrying...
2026-06-16 15:16:20,606 | ERROR    | src.fetcher | AAPL — failed after 3 retries: Too Many Requests. Rate limited. Try after a while.
2026-06-16 15:16:20,607 | INFO     | src.fetcher | Processing 141/172: DELL
2026-06-16 15:16:21,813 | WARNING  | src.fetcher | DELL — attempt 1 failed: Too Many Requests. Rate limited. Try after a while.. Retrying...
2026-06-16 15:16:23,760 | WARNING  | src.fetcher | DELL — attempt 2 failed: Too Many Requests. Rate limited. Try after a while.. Retrying...
2026-06-16 15:16:26,770 | ERROR    | src.fetcher | DELL — failed after 3 retries: Too Many Requests. Rate limited. Try after a while.
2026-06-16 15:16:26,772 | INFO     | src.fetcher | Processing 142/172: HPQ
2026-06-16 15:16:27,848 | WARNING  | src.fetcher | HPQ — attempt 1 failed: Too Many Requests. Rate limited. Try after a while.. Retrying...
2026-06-16 15:16:29,934 | WARNING  | src.fetcher | HPQ — attempt 2 failed: Too Many Requests. Rate limited. Try after a while.. Retrying...
2026-06-16 15:16:32,807 | ERROR    | src.fetcher | HPQ — failed after 3 retries: Too Many Requests. Rate limited. Try after a while.
2026-06-16 15:16:32,808 | INFO     | src.fetcher | Processing 143/172: HPE
2026-06-16 15:16:33,822 | WARNING  | src.fetcher | HPE — attempt 1 failed: Too Many Requests. Rate limited. Try after a while.. Retrying...
2026-06-16 15:16:35,767 | WARNING  | src.fetcher | HPE — attempt 2 failed: Too Many Requests. Rate limited. Try after a while.. Retrying...
2026-06-16 15:16:38,833 | ERROR    | src.fetcher | HPE — failed after 3 retries: Too Many Requests. Rate limited. Try after a while.
2026-06-16 15:16:38,834 | INFO     | src.fetcher | Processing 144/172: NTAP
2026-06-16 15:16:39,947 | WARNING  | src.fetcher | NTAP — attempt 1 failed: Too Many Requests. Rate limited. Try after a while.. Retrying...
2026-06-16 15:16:42,103 | WARNING  | src.fetcher | NTAP — attempt 2 failed: Too Many Requests. Rate limited. Try after a while.. Retrying...
2026-06-16 15:16:45,120 | ERROR    | src.fetcher | NTAP — failed after 3 retries: Too Many Requests. Rate limited. Try after a while.
2026-06-16 15:16:45,121 | INFO     | src.fetcher | Processing 145/172: STX
2026-06-16 15:16:46,040 | WARNING  | src.fetcher | STX — attempt 1 failed: Too Many Requests. Rate limited. Try after a while.. Retrying...
2026-06-16 15:16:48,027 | WARNING  | src.fetcher | STX — attempt 2 failed: Too Many Requests. Rate limited. Try after a while.. Retrying...
2026-06-16 15:16:50,935 | ERROR    | src.fetcher | STX — failed after 3 retries: Too Many Requests. Rate limited. Try after a while.
2026-06-16 15:16:50,936 | INFO     | src.fetcher | Processing 146/172: WDC
2026-06-16 15:16:51,985 | WARNING  | src.fetcher | WDC — attempt 1 failed: Too Many Requests. Rate limited. Try after a while.. Retrying...
2026-06-16 15:16:53,902 | WARNING  | src.fetcher | WDC — attempt 2 failed: Too Many Requests. Rate limited. Try after a while.. Retrying...
2026-06-16 15:16:57,049 | ERROR    | src.fetcher | WDC — failed after 3 retries: Too Many Requests. Rate limited. Try after a while.
2026-06-16 15:16:57,050 | INFO     | src.fetcher | Processing 147/172: PSTG
2026-06-16 15:16:58,219 | WARNING  | src.fetcher | PSTG — attempt 1 failed: Too Many Requests. Rate limited. Try after a while.. Retrying...
2026-06-16 15:17:00,539 | WARNING  | src.fetcher | PSTG — attempt 2 failed: Too Many Requests. Rate limited. Try after a while.. Retrying...
2026-06-16 15:17:03,544 | ERROR    | src.fetcher | PSTG — failed after 3 retries: Too Many Requests. Rate limited. Try after a while.
2026-06-16 15:17:03,546 | INFO     | src.fetcher | Processing 148/172: SMCI
2026-06-16 15:17:04,568 | WARNING  | src.fetcher | SMCI — attempt 1 failed: Too Many Requests. Rate limited. Try after a while.. Retrying...
2026-06-16 15:17:06,645 | WARNING  | src.fetcher | SMCI — attempt 2 failed: Too Many Requests. Rate limited. Try after a while.. Retrying...
2026-06-16 15:17:09,450 | ERROR    | src.fetcher | SMCI — failed after 3 retries: Too Many Requests. Rate limited. Try after a while.
2026-06-16 15:17:09,450 | INFO     | src.fetcher | Processing 149/172: JNPR
2026-06-16 15:17:10,469 | WARNING  | src.fetcher | JNPR — attempt 1 failed: Too Many Requests. Rate limited. Try after a while.. Retrying...
2026-06-16 15:17:12,615 | WARNING  | src.fetcher | JNPR — attempt 2 failed: Too Many Requests. Rate limited. Try after a while.. Retrying...
2026-06-16 15:17:15,557 | ERROR    | src.fetcher | JNPR — failed after 3 retries: Too Many Requests. Rate limited. Try after a while.
2026-06-16 15:17:15,558 | INFO     | src.fetcher | Processing 150/172: CSCO
2026-06-16 15:17:16,706 | WARNING  | src.fetcher | CSCO — attempt 1 failed: Too Many Requests. Rate limited. Try after a while.. Retrying...
2026-06-16 15:17:18,583 | WARNING  | src.fetcher | CSCO — attempt 2 failed: Too Many Requests. Rate limited. Try after a while.. Retrying...
2026-06-16 15:17:21,843 | ERROR    | src.fetcher | CSCO — failed after 3 retries: Too Many Requests. Rate limited. Try after a while.
2026-06-16 15:17:21,843 | INFO     | src.fetcher | Processing 151/172: ANET
2026-06-16 15:17:22,812 | WARNING  | src.fetcher | ANET — attempt 1 failed: Too Many Requests. Rate limited. Try after a while.. Retrying...
2026-06-16 15:17:25,007 | WARNING  | src.fetcher | ANET — attempt 2 failed: Too Many Requests. Rate limited. Try after a while.. Retrying...
2026-06-16 15:17:28,102 | ERROR    | src.fetcher | ANET — failed after 3 retries: Too Many Requests. Rate limited. Try after a while.
2026-06-16 15:17:28,102 | INFO     | src.fetcher | Processing 152/172: CIEN
2026-06-16 15:17:29,177 | WARNING  | src.fetcher | CIEN — attempt 1 failed: Too Many Requests. Rate limited. Try after a while.. Retrying...
2026-06-16 15:17:31,197 | WARNING  | src.fetcher | CIEN — attempt 2 failed: Too Many Requests. Rate limited. Try after a while.. Retrying...
2026-06-16 15:17:34,071 | ERROR    | src.fetcher | CIEN — failed after 3 retries: Too Many Requests. Rate limited. Try after a while.
2026-06-16 15:17:34,073 | INFO     | src.fetcher | Processing 153/172: VIAV
2026-06-16 15:17:35,070 | WARNING  | src.fetcher | VIAV — attempt 1 failed: Too Many Requests. Rate limited. Try after a while.. Retrying...
2026-06-16 15:17:37,122 | WARNING  | src.fetcher | VIAV — attempt 2 failed: Too Many Requests. Rate limited. Try after a while.. Retrying...
2026-06-16 15:17:40,109 | ERROR    | src.fetcher | VIAV — failed after 3 retries: Too Many Requests. Rate limited. Try after a while.
2026-06-16 15:17:40,111 | INFO     | src.fetcher | Processing 154/172: CLFD
2026-06-16 15:17:41,095 | WARNING  | src.fetcher | CLFD — attempt 1 failed: Too Many Requests. Rate limited. Try after a while.. Retrying...
2026-06-16 15:17:43,363 | WARNING  | src.fetcher | CLFD — attempt 2 failed: Too Many Requests. Rate limited. Try after a while.. Retrying...
2026-06-16 15:17:46,217 | ERROR    | src.fetcher | CLFD — failed after 3 retries: Too Many Requests. Rate limited. Try after a while.
2026-06-16 15:17:46,218 | INFO     | src.fetcher | Processing 155/172: ATEN
2026-06-16 15:17:47,080 | WARNING  | src.fetcher | ATEN — attempt 1 failed: Too Many Requests. Rate limited. Try after a while.. Retrying...
2026-06-16 15:17:49,035 | WARNING  | src.fetcher | ATEN — attempt 2 failed: Too Many Requests. Rate limited. Try after a while.. Retrying...
2026-06-16 15:17:52,319 | ERROR    | src.fetcher | ATEN — failed after 3 retries: Too Many Requests. Rate limited. Try after a while.
2026-06-16 15:17:52,320 | INFO     | src.fetcher | Processing 156/172: ARLO
2026-06-16 15:17:53,312 | WARNING  | src.fetcher | ARLO — attempt 1 failed: Too Many Requests. Rate limited. Try after a while.. Retrying...
2026-06-16 15:17:55,283 | WARNING  | src.fetcher | ARLO — attempt 2 failed: Too Many Requests. Rate limited. Try after a while.. Retrying...
2026-06-16 15:17:58,517 | ERROR    | src.fetcher | ARLO — failed after 3 retries: Too Many Requests. Rate limited. Try after a while.
2026-06-16 15:17:58,518 | INFO     | src.fetcher | Processing 157/172: CALX
2026-06-16 15:17:59,541 | WARNING  | src.fetcher | CALX — attempt 1 failed: Too Many Requests. Rate limited. Try after a while.. Retrying...
2026-06-16 15:18:01,607 | WARNING  | src.fetcher | CALX — attempt 2 failed: Too Many Requests. Rate limited. Try after a while.. Retrying...
2026-06-16 15:18:04,758 | ERROR    | src.fetcher | CALX — failed after 3 retries: Too Many Requests. Rate limited. Try after a while.
2026-06-16 15:18:04,760 | INFO     | src.fetcher | Processing 158/172: DIGI
2026-06-16 15:18:05,774 | WARNING  | src.fetcher | DIGI — attempt 1 failed: Too Many Requests. Rate limited. Try after a while.. Retrying...
2026-06-16 15:18:07,869 | WARNING  | src.fetcher | DIGI — attempt 2 failed: Too Many Requests. Rate limited. Try after a while.. Retrying...
2026-06-16 15:18:11,117 | ERROR    | src.fetcher | DIGI — failed after 3 retries: Too Many Requests. Rate limited. Try after a while.
2026-06-16 15:18:11,118 | INFO     | src.fetcher | Processing 159/172: LIQT
2026-06-16 15:18:12,197 | WARNING  | src.fetcher | LIQT — attempt 1 failed: Too Many Requests. Rate limited. Try after a while.. Retrying...
2026-06-16 15:18:14,280 | WARNING  | src.fetcher | LIQT — attempt 2 failed: Too Many Requests. Rate limited. Try after a while.. Retrying...
2026-06-16 15:18:17,452 | ERROR    | src.fetcher | LIQT — failed after 3 retries: Too Many Requests. Rate limited. Try after a while.
2026-06-16 15:18:17,454 | INFO     | src.fetcher | Processing 160/172: PCTI
2026-06-16 15:18:18,413 | WARNING  | src.fetcher | PCTI — attempt 1 failed: Too Many Requests. Rate limited. Try after a while.. Retrying...
2026-06-16 15:18:20,410 | WARNING  | src.fetcher | PCTI — attempt 2 failed: Too Many Requests. Rate limited. Try after a while.. Retrying...
2026-06-16 15:18:23,375 | ERROR    | src.fetcher | PCTI — failed after 3 retries: Too Many Requests. Rate limited. Try after a while.
2026-06-16 15:18:23,377 | INFO     | src.fetcher | Processing 161/172: SIFY
2026-06-16 15:18:24,361 | WARNING  | src.fetcher | SIFY — attempt 1 failed: Too Many Requests. Rate limited. Try after a while.. Retrying...
2026-06-16 15:18:26,349 | WARNING  | src.fetcher | SIFY — attempt 2 failed: Too Many Requests. Rate limited. Try after a while.. Retrying...
2026-06-16 15:18:29,325 | ERROR    | src.fetcher | SIFY — failed after 3 retries: Too Many Requests. Rate limited. Try after a while.
2026-06-16 15:18:29,326 | INFO     | src.fetcher | Processing 162/172: SMSI
2026-06-16 15:18:30,252 | WARNING  | src.fetcher | SMSI — attempt 1 failed: Too Many Requests. Rate limited. Try after a while.. Retrying...
2026-06-16 15:18:32,236 | WARNING  | src.fetcher | SMSI — attempt 2 failed: Too Many Requests. Rate limited. Try after a while.. Retrying...
2026-06-16 15:18:35,323 | ERROR    | src.fetcher | SMSI — failed after 3 retries: Too Many Requests. Rate limited. Try after a while.
2026-06-16 15:18:35,324 | INFO     | src.fetcher | Processing 163/172: SPOK
2026-06-16 15:18:36,665 | WARNING  | src.fetcher | SPOK — attempt 1 failed: Too Many Requests. Rate limited. Try after a while.. Retrying...
2026-06-16 15:18:38,586 | WARNING  | src.fetcher | SPOK — attempt 2 failed: Too Many Requests. Rate limited. Try after a while.. Retrying...
2026-06-16 15:18:41,635 | ERROR    | src.fetcher | SPOK — failed after 3 retries: Too Many Requests. Rate limited. Try after a while.
2026-06-16 15:18:41,636 | INFO     | src.fetcher | Processing 164/172: SYNA
2026-06-16 15:18:42,819 | WARNING  | src.fetcher | SYNA — attempt 1 failed: Too Many Requests. Rate limited. Try after a while.. Retrying...
2026-06-16 15:18:44,784 | WARNING  | src.fetcher | SYNA — attempt 2 failed: Too Many Requests. Rate limited. Try after a while.. Retrying...
2026-06-16 15:18:47,965 | ERROR    | src.fetcher | SYNA — failed after 3 retries: Too Many Requests. Rate limited. Try after a while.
2026-06-16 15:18:47,966 | INFO     | src.fetcher | Processing 165/172: TTEC
2026-06-16 15:18:49,018 | WARNING  | src.fetcher | TTEC — attempt 1 failed: Too Many Requests. Rate limited. Try after a while.. Retrying...
2026-06-16 15:18:51,194 | WARNING  | src.fetcher | TTEC — attempt 2 failed: Too Many Requests. Rate limited. Try after a while.. Retrying...
2026-06-16 15:18:54,332 | ERROR    | src.fetcher | TTEC — failed after 3 retries: Too Many Requests. Rate limited. Try after a while.
2026-06-16 15:18:54,333 | INFO     | src.fetcher | Processing 166/172: UTSI
2026-06-16 15:18:55,391 | WARNING  | src.fetcher | UTSI — attempt 1 failed: Too Many Requests. Rate limited. Try after a while.. Retrying...
2026-06-16 15:18:57,315 | WARNING  | src.fetcher | UTSI — attempt 2 failed: Too Many Requests. Rate limited. Try after a while.. Retrying...
2026-06-16 15:19:00,407 | ERROR    | src.fetcher | UTSI — failed after 3 retries: Too Many Requests. Rate limited. Try after a while.
2026-06-16 15:19:00,408 | INFO     | src.fetcher | Processing 167/172: VNET
2026-06-16 15:19:01,308 | WARNING  | src.fetcher | VNET — attempt 1 failed: Too Many Requests. Rate limited. Try after a while.. Retrying...
2026-06-16 15:19:03,176 | WARNING  | src.fetcher | VNET — attempt 2 failed: Too Many Requests. Rate limited. Try after a while.. Retrying...
2026-06-16 15:19:06,239 | ERROR    | src.fetcher | VNET — failed after 3 retries: Too Many Requests. Rate limited. Try after a while.
2026-06-16 15:19:06,240 | INFO     | src.fetcher | Processing 168/172: GLW
2026-06-16 15:19:07,414 | WARNING  | src.fetcher | GLW — attempt 1 failed: Too Many Requests. Rate limited. Try after a while.. Retrying...
2026-06-16 15:19:09,333 | WARNING  | src.fetcher | GLW — attempt 2 failed: Too Many Requests. Rate limited. Try after a while.. Retrying...
2026-06-16 15:19:12,317 | ERROR    | src.fetcher | GLW — failed after 3 retries: Too Many Requests. Rate limited. Try after a while.
2026-06-16 15:19:12,318 | INFO     | src.fetcher | Processing 169/172: TEL
2026-06-16 15:19:13,366 | WARNING  | src.fetcher | TEL — attempt 1 failed: Too Many Requests. Rate limited. Try after a while.. Retrying...
2026-06-16 15:19:15,270 | WARNING  | src.fetcher | TEL — attempt 2 failed: Too Many Requests. Rate limited. Try after a while.. Retrying...
2026-06-16 15:19:18,383 | ERROR    | src.fetcher | TEL — failed after 3 retries: Too Many Requests. Rate limited. Try after a while.
2026-06-16 15:19:18,383 | INFO     | src.fetcher | Processing 170/172: APH
2026-06-16 15:19:19,296 | WARNING  | src.fetcher | APH — attempt 1 failed: Too Many Requests. Rate limited. Try after a while.. Retrying...
2026-06-16 15:19:21,139 | WARNING  | src.fetcher | APH — attempt 2 failed: Too Many Requests. Rate limited. Try after a while.. Retrying...
2026-06-16 15:19:24,235 | ERROR    | src.fetcher | APH — failed after 3 retries: Too Many Requests. Rate limited. Try after a while.
2026-06-16 15:19:24,236 | INFO     | src.fetcher | Processing 171/172: KEYS
2026-06-16 15:19:25,215 | WARNING  | src.fetcher | KEYS — attempt 1 failed: Too Many Requests. Rate limited. Try after a while.. Retrying...
2026-06-16 15:19:27,163 | WARNING  | src.fetcher | KEYS — attempt 2 failed: Too Many Requests. Rate limited. Try after a while.. Retrying...
2026-06-16 15:19:30,166 | ERROR    | src.fetcher | KEYS — failed after 3 retries: Too Many Requests. Rate limited. Try after a while.
2026-06-16 15:19:30,174 | INFO     | src.fetcher | Processing 172/172: FFIV
2026-06-16 15:19:31,061 | WARNING  | src.fetcher | FFIV — attempt 1 failed: Too Many Requests. Rate limited. Try after a while.. Retrying...
2026-06-16 15:19:33,611 | WARNING  | src.fetcher | FFIV — attempt 2 failed: Too Many Requests. Rate limited. Try after a while.. Retrying...
2026-06-16 15:19:36,608 | ERROR    | src.fetcher | FFIV — failed after 3 retries: Too Many Requests. Rate limited. Try after a while.
2026-06-16 15:19:36,611 | INFO     | src.data_quality | Data quality report written to outputs/data_quality_report.txt
2026-06-16 15:24:38,607 | INFO     | src.fetcher | Processing 1/20: MMM
2026-06-16 15:24:38,607 | INFO     | src.fetcher | MMM — loaded from cache
2026-06-16 15:24:38,607 | INFO     | src.fetcher | Processing 2/20: HON
2026-06-16 15:24:38,608 | INFO     | src.fetcher | HON — loaded from cache
2026-06-16 15:24:38,608 | INFO     | src.fetcher | Processing 3/20: GE
2026-06-16 15:24:38,608 | INFO     | src.fetcher | GE — loaded from cache
2026-06-16 15:24:38,608 | INFO     | src.fetcher | Processing 4/20: CAT
2026-06-16 15:24:38,608 | INFO     | src.fetcher | CAT — loaded from cache
2026-06-16 15:24:38,608 | INFO     | src.fetcher | Processing 5/20: DE
2026-06-16 15:24:38,608 | INFO     | src.fetcher | DE — loaded from cache
2026-06-16 15:24:38,608 | INFO     | src.fetcher | Processing 6/20: EMR
2026-06-16 15:24:40,561 | WARNING  | src.fetcher | EMR — attempt 1 failed: Too Many Requests. Rate limited. Try after a while.. Retrying...
2026-06-16 15:24:42,472 | WARNING  | src.fetcher | EMR — attempt 2 failed: Too Many Requests. Rate limited. Try after a while.. Retrying...
2026-06-16 15:24:45,390 | ERROR    | src.fetcher | EMR — failed after 3 retries: Too Many Requests. Rate limited. Try after a while.
2026-06-16 15:24:45,393 | INFO     | src.fetcher | Processing 7/20: ETN
2026-06-16 15:24:46,412 | WARNING  | src.fetcher | ETN — attempt 1 failed: Too Many Requests. Rate limited. Try after a while.. Retrying...
2026-06-16 15:24:48,428 | WARNING  | src.fetcher | ETN — attempt 2 failed: Too Many Requests. Rate limited. Try after a while.. Retrying...
2026-06-16 15:24:51,309 | ERROR    | src.fetcher | ETN — failed after 3 retries: Too Many Requests. Rate limited. Try after a while.
2026-06-16 15:24:51,310 | INFO     | src.fetcher | Processing 8/20: PH
2026-06-16 15:24:52,406 | WARNING  | src.fetcher | PH — attempt 1 failed: Too Many Requests. Rate limited. Try after a while.. Retrying...
2026-06-16 15:24:54,319 | WARNING  | src.fetcher | PH — attempt 2 failed: Too Many Requests. Rate limited. Try after a while.. Retrying...
2026-06-16 15:24:57,301 | ERROR    | src.fetcher | PH — failed after 3 retries: Too Many Requests. Rate limited. Try after a while.
2026-06-16 15:24:57,302 | INFO     | src.fetcher | Processing 9/20: ROK
2026-06-16 15:24:58,414 | WARNING  | src.fetcher | ROK — attempt 1 failed: Too Many Requests. Rate limited. Try after a while.. Retrying...
2026-06-16 15:25:00,284 | WARNING  | src.fetcher | ROK — attempt 2 failed: Too Many Requests. Rate limited. Try after a while.. Retrying...
2026-06-16 15:25:03,231 | ERROR    | src.fetcher | ROK — failed after 3 retries: Too Many Requests. Rate limited. Try after a while.
2026-06-16 15:25:03,233 | INFO     | src.fetcher | Processing 10/20: IR
2026-06-16 15:25:04,159 | WARNING  | src.fetcher | IR — attempt 1 failed: Too Many Requests. Rate limited. Try after a while.. Retrying...
2026-06-16 15:25:06,112 | WARNING  | src.fetcher | IR — attempt 2 failed: Too Many Requests. Rate limited. Try after a while.. Retrying...
2026-06-16 15:25:09,002 | ERROR    | src.fetcher | IR — failed after 3 retries: Too Many Requests. Rate limited. Try after a while.
2026-06-16 15:25:09,003 | INFO     | src.fetcher | Processing 11/20: AME
2026-06-16 15:25:09,923 | WARNING  | src.fetcher | AME — attempt 1 failed: Too Many Requests. Rate limited. Try after a while.. Retrying...
2026-06-16 15:25:11,713 | WARNING  | src.fetcher | AME — attempt 2 failed: Too Many Requests. Rate limited. Try after a while.. Retrying...
2026-06-16 15:25:14,739 | ERROR    | src.fetcher | AME — failed after 3 retries: Too Many Requests. Rate limited. Try after a while.
2026-06-16 15:25:14,741 | INFO     | src.fetcher | Processing 12/20: FTV
2026-06-16 15:25:15,696 | WARNING  | src.fetcher | FTV — attempt 1 failed: Too Many Requests. Rate limited. Try after a while.. Retrying...
2026-06-16 15:25:17,586 | WARNING  | src.fetcher | FTV — attempt 2 failed: Too Many Requests. Rate limited. Try after a while.. Retrying...
2026-06-16 15:25:20,506 | ERROR    | src.fetcher | FTV — failed after 3 retries: Too Many Requests. Rate limited. Try after a while.
2026-06-16 15:25:20,508 | INFO     | src.fetcher | Processing 13/20: GNRC
2026-06-16 15:25:21,790 | WARNING  | src.fetcher | GNRC — attempt 1 failed: Too Many Requests. Rate limited. Try after a while.. Retrying...
2026-06-16 15:25:23,652 | WARNING  | src.fetcher | GNRC — attempt 2 failed: Too Many Requests. Rate limited. Try after a while.. Retrying...
2026-06-16 15:25:26,660 | ERROR    | src.fetcher | GNRC — failed after 3 retries: Too Many Requests. Rate limited. Try after a while.
2026-06-16 15:25:26,662 | INFO     | src.fetcher | Processing 14/20: HUBB
2026-06-16 15:25:27,505 | WARNING  | src.fetcher | HUBB — attempt 1 failed: Too Many Requests. Rate limited. Try after a while.. Retrying...
2026-06-16 15:25:29,429 | WARNING  | src.fetcher | HUBB — attempt 2 failed: Too Many Requests. Rate limited. Try after a while.. Retrying...
2026-06-16 15:25:32,605 | ERROR    | src.fetcher | HUBB — failed after 3 retries: Too Many Requests. Rate limited. Try after a while.
2026-06-16 15:25:32,607 | INFO     | src.fetcher | Processing 15/20: LDOS
2026-06-16 15:25:33,615 | WARNING  | src.fetcher | LDOS — attempt 1 failed: Too Many Requests. Rate limited. Try after a while.. Retrying...
2026-06-16 15:25:35,571 | WARNING  | src.fetcher | LDOS — attempt 2 failed: Too Many Requests. Rate limited. Try after a while.. Retrying...
2026-06-16 15:25:38,481 | ERROR    | src.fetcher | LDOS — failed after 3 retries: Too Many Requests. Rate limited. Try after a while.
2026-06-16 15:25:38,483 | INFO     | src.fetcher | Processing 16/20: LDOS
2026-06-16 15:25:39,511 | WARNING  | src.fetcher | LDOS — attempt 1 failed: Too Many Requests. Rate limited. Try after a while.. Retrying...
2026-06-16 15:25:41,520 | WARNING  | src.fetcher | LDOS — attempt 2 failed: Too Many Requests. Rate limited. Try after a while.. Retrying...
2026-06-16 15:25:44,335 | ERROR    | src.fetcher | LDOS — failed after 3 retries: Too Many Requests. Rate limited. Try after a while.
2026-06-16 15:25:44,336 | INFO     | src.fetcher | Processing 17/20: LMT
2026-06-16 15:25:45,148 | WARNING  | src.fetcher | LMT — attempt 1 failed: Too Many Requests. Rate limited. Try after a while.. Retrying...
2026-06-16 15:25:47,107 | WARNING  | src.fetcher | LMT — attempt 2 failed: Too Many Requests. Rate limited. Try after a while.. Retrying...
2026-06-16 15:25:51,015 | ERROR    | src.fetcher | LMT — failed after 3 retries: Too Many Requests. Rate limited. Try after a while.
2026-06-16 15:25:51,017 | INFO     | src.fetcher | Processing 18/20: NOC
2026-06-16 15:25:52,051 | WARNING  | src.fetcher | NOC — attempt 1 failed: Too Many Requests. Rate limited. Try after a while.. Retrying...
2026-06-16 15:25:54,151 | WARNING  | src.fetcher | NOC — attempt 2 failed: Too Many Requests. Rate limited. Try after a while.. Retrying...
2026-06-16 15:25:57,107 | ERROR    | src.fetcher | NOC — failed after 3 retries: Too Many Requests. Rate limited. Try after a while.
2026-06-16 15:25:57,109 | INFO     | src.fetcher | Processing 19/20: RTX
2026-06-16 15:25:57,905 | WARNING  | src.fetcher | RTX — attempt 1 failed: Too Many Requests. Rate limited. Try after a while.. Retrying...
2026-06-16 15:26:00,034 | WARNING  | src.fetcher | RTX — attempt 2 failed: Too Many Requests. Rate limited. Try after a while.. Retrying...
2026-06-16 15:26:02,900 | ERROR    | src.fetcher | RTX — failed after 3 retries: Too Many Requests. Rate limited. Try after a while.
2026-06-16 15:26:02,902 | INFO     | src.fetcher | Processing 20/20: TDG
2026-06-16 15:26:03,883 | WARNING  | src.fetcher | TDG — attempt 1 failed: Too Many Requests. Rate limited. Try after a while.. Retrying...
2026-06-16 15:26:05,755 | WARNING  | src.fetcher | TDG — attempt 2 failed: Too Many Requests. Rate limited. Try after a while.. Retrying...
2026-06-16 15:26:08,673 | ERROR    | src.fetcher | TDG — failed after 3 retries: Too Many Requests. Rate limited. Try after a while.
2026-06-16 15:47:17,450 | INFO     | src.data_quality | Data quality report written to /private/var/folders/g_/mmp1t2z93x57zkd20bmq6pn40000gn/T/pytest-of-xiaoweizhang/pytest-4/test_report_contains_all_field0/outputs/data_quality_report.txt
2026-06-16 15:47:17,451 | INFO     | src.data_quality | Data quality report written to /private/var/folders/g_/mmp1t2z93x57zkd20bmq6pn40000gn/T/pytest-of-xiaoweizhang/pytest-4/test_missing_rate_calculation0/outputs/data_quality_report.txt
2026-06-16 15:47:17,452 | INFO     | src.data_quality | Data quality report written to /private/var/folders/g_/mmp1t2z93x57zkd20bmq6pn40000gn/T/pytest-of-xiaoweizhang/pytest-4/test_report_file_written0/outputs/data_quality_report.txt
2026-06-16 15:47:17,453 | INFO     | src.data_quality | Data quality report written to /private/var/folders/g_/mmp1t2z93x57zkd20bmq6pn40000gn/T/pytest-of-xiaoweizhang/pytest-4/test_short_description_count0/outputs/data_quality_report.txt
2026-06-16 15:47:17,457 | INFO     | src.fetcher | Processing 1/1: AAA
2026-06-16 15:47:17,458 | INFO     | src.fetcher | AAA — loaded from cache
2026-06-16 15:47:17,460 | INFO     | src.fetcher | Processing 1/1: BBB
2026-06-16 15:47:17,462 | WARNING  | src.fetcher | BBB — EDGAR description failed: no network in tests
2026-06-16 15:47:17,462 | WARNING  | src.fetcher | BBB — ev_ebitda outlier (127.0), setting None
2026-06-16 15:47:17,465 | WARNING  | src.fetcher | CCC — attempt 1 failed: EDGAR down. Retrying...
2026-06-16 15:47:17,465 | WARNING  | src.fetcher | CCC — attempt 2 failed: EDGAR down. Retrying...
2026-06-16 15:47:17,467 | INFO     | src.fetcher | Processing 1/1: DDD
2026-06-16 15:47:17,467 | WARNING  | src.fetcher | DDD — attempt 1 failed: EDGAR down. Retrying...
2026-06-16 15:47:17,467 | WARNING  | src.fetcher | DDD — attempt 2 failed: EDGAR down. Retrying...
2026-06-16 15:47:17,467 | ERROR    | src.fetcher | DDD — failed after 3 retries: EDGAR down
2026-06-16 15:47:17,469 | WARNING  | src.fetcher | EEE — ev_ebitda outlier (150), setting None
2026-06-16 15:47:17,470 | WARNING  | src.fetcher | FFF — ev_ebitda outlier (-3), setting None
2026-06-16 15:47:17,472 | INFO     | src.fetcher | Processing 1/1: GGG
2026-06-16 15:47:17,473 | WARNING  | src.fetcher | GGG — EDGAR description failed: no network in tests
2026-06-16 15:47:17,473 | WARNING  | src.fetcher | GGG — yfinance market cap/EV lookup failed: Too Many Requests. Leaving market data as None.
2026-06-16 15:47:17,475 | INFO     | src.fetcher | Processing 1/1: HHH
2026-06-16 15:47:17,476 | WARNING  | src.fetcher | HHH — EDGAR description failed: no network in tests
2026-06-16 15:47:17,478 | INFO     | src.fetcher | Processing 1/2: III
2026-06-16 15:47:17,479 | WARNING  | src.fetcher | III — EDGAR description failed: no network in tests
2026-06-16 15:47:17,480 | INFO     | src.fetcher | Processing 2/2: JJJ
2026-06-16 15:47:17,480 | WARNING  | src.fetcher | JJJ — EDGAR description failed: no network in tests
2026-06-16 15:47:17,482 | WARNING  | src.universe_builder | AAA — failed to fetch market cap: Too Many Requests. Keeping ticker.
2026-06-16 15:47:17,484 | WARNING  | src.universe_builder | BBB — market cap not available. Keeping ticker.
2026-06-16 15:47:17,485 | INFO     | src.universe_builder | CCC — market cap 100000000 below $200000000, filtering out
2026-06-16 15:47:26,645 | INFO     | src.fetcher | Processing 1/2: MMM
2026-06-16 15:47:33,896 | WARNING  | src.fetcher | MMM — yfinance market cap/EV lookup failed: Too Many Requests. Rate limited. Try after a while.. Leaving market data as None.
2026-06-16 15:47:33,897 | INFO     | src.fetcher | Processing 2/2: CAT
2026-06-16 15:47:38,898 | WARNING  | src.fetcher | CAT — yfinance market cap/EV lookup failed: Too Many Requests. Rate limited. Try after a while.. Leaving market data as None.
2026-06-16 15:58:26,650 | INFO     | src.data_quality | Data quality report written to /private/var/folders/g_/mmp1t2z93x57zkd20bmq6pn40000gn/T/pytest-of-xiaoweizhang/pytest-5/test_report_contains_all_field0/outputs/data_quality_report.txt
2026-06-16 15:58:26,652 | INFO     | src.data_quality | Data quality report written to /private/var/folders/g_/mmp1t2z93x57zkd20bmq6pn40000gn/T/pytest-of-xiaoweizhang/pytest-5/test_missing_rate_calculation0/outputs/data_quality_report.txt
2026-06-16 15:58:26,653 | INFO     | src.data_quality | Data quality report written to /private/var/folders/g_/mmp1t2z93x57zkd20bmq6pn40000gn/T/pytest-of-xiaoweizhang/pytest-5/test_report_file_written0/outputs/data_quality_report.txt
2026-06-16 15:58:26,654 | INFO     | src.data_quality | Data quality report written to /private/var/folders/g_/mmp1t2z93x57zkd20bmq6pn40000gn/T/pytest-of-xiaoweizhang/pytest-5/test_short_description_count0/outputs/data_quality_report.txt
2026-06-16 15:58:26,655 | INFO     | src.fetcher | Processing 1/1: AAA
2026-06-16 15:58:26,655 | INFO     | src.fetcher | AAA — loaded from cache
2026-06-16 15:58:26,657 | INFO     | src.fetcher | Processing 1/1: BBB
2026-06-16 15:58:26,658 | WARNING  | src.fetcher | BBB — ev_ebitda outlier (127.0), setting None
2026-06-16 15:58:26,729 | WARNING  | src.fetcher | CCC — attempt 1 failed: EDGAR down. Retrying...
2026-06-16 15:58:26,730 | WARNING  | src.fetcher | CCC — attempt 2 failed: EDGAR down. Retrying...
2026-06-16 15:58:26,731 | INFO     | src.fetcher | Processing 1/1: DDD
2026-06-16 15:58:26,731 | WARNING  | src.fetcher | DDD — attempt 1 failed: EDGAR down. Retrying...
2026-06-16 15:58:26,732 | WARNING  | src.fetcher | DDD — attempt 2 failed: EDGAR down. Retrying...
2026-06-16 15:58:26,732 | ERROR    | src.fetcher | DDD — failed after 3 retries: EDGAR down
2026-06-16 15:58:26,738 | WARNING  | src.fetcher | EEE — ev_ebitda outlier (150), setting None
2026-06-16 15:58:26,739 | WARNING  | src.fetcher | FFF — ev_ebitda outlier (-3), setting None
2026-06-16 15:58:26,740 | INFO     | src.fetcher | Processing 1/1: GGG
2026-06-16 15:58:26,745 | WARNING  | src.fetcher | GGG — yfinance market cap/EV lookup failed: Too Many Requests. Leaving market data as None.
2026-06-16 15:58:26,747 | INFO     | src.fetcher | Processing 1/1: HHH
2026-06-16 15:58:26,750 | INFO     | src.fetcher | Processing 1/2: III
2026-06-16 15:58:26,750 | INFO     | src.fetcher | Processing 2/2: JJJ
2026-06-16 15:58:26,753 | INFO     | src.fetcher | Processing 1/1: KKK
2026-06-16 15:58:26,755 | INFO     | src.fetcher | Processing 1/1: LLL
2026-06-16 15:58:26,757 | INFO     | src.fetcher | Processing 1/1: MMM2
2026-06-16 15:58:26,760 | WARNING  | src.universe_builder | AAA — failed to fetch market cap: Too Many Requests. Keeping ticker.
2026-06-16 15:58:26,761 | WARNING  | src.universe_builder | BBB — market cap not available. Keeping ticker.
2026-06-16 15:58:26,762 | INFO     | src.universe_builder | CCC — market cap 100000000 below $200000000, filtering out
2026-06-16 15:59:24,152 | INFO     | src.data_quality | Data quality report written to /private/var/folders/g_/mmp1t2z93x57zkd20bmq6pn40000gn/T/pytest-of-xiaoweizhang/pytest-6/test_report_contains_all_field0/outputs/data_quality_report.txt
2026-06-16 15:59:24,153 | INFO     | src.data_quality | Data quality report written to /private/var/folders/g_/mmp1t2z93x57zkd20bmq6pn40000gn/T/pytest-of-xiaoweizhang/pytest-6/test_missing_rate_calculation0/outputs/data_quality_report.txt
2026-06-16 15:59:24,154 | INFO     | src.data_quality | Data quality report written to /private/var/folders/g_/mmp1t2z93x57zkd20bmq6pn40000gn/T/pytest-of-xiaoweizhang/pytest-6/test_report_file_written0/outputs/data_quality_report.txt
2026-06-16 15:59:24,155 | INFO     | src.data_quality | Data quality report written to /private/var/folders/g_/mmp1t2z93x57zkd20bmq6pn40000gn/T/pytest-of-xiaoweizhang/pytest-6/test_short_description_count0/outputs/data_quality_report.txt
2026-06-16 15:59:24,156 | INFO     | src.fetcher | Processing 1/1: AAA
2026-06-16 15:59:24,156 | INFO     | src.fetcher | AAA — loaded from cache
2026-06-16 15:59:24,158 | INFO     | src.fetcher | Processing 1/1: BBB
2026-06-16 15:59:24,161 | WARNING  | src.fetcher | BBB — ev_ebitda outlier (127.0), setting None
2026-06-16 15:59:24,162 | WARNING  | src.fetcher | CCC — attempt 1 failed: EDGAR down. Retrying...
2026-06-16 15:59:24,162 | WARNING  | src.fetcher | CCC — attempt 2 failed: EDGAR down. Retrying...
2026-06-16 15:59:24,164 | INFO     | src.fetcher | Processing 1/1: DDD
2026-06-16 15:59:24,164 | WARNING  | src.fetcher | DDD — attempt 1 failed: EDGAR down. Retrying...
2026-06-16 15:59:24,164 | WARNING  | src.fetcher | DDD — attempt 2 failed: EDGAR down. Retrying...
2026-06-16 15:59:24,164 | ERROR    | src.fetcher | DDD — failed after 3 retries: EDGAR down
2026-06-16 15:59:24,165 | WARNING  | src.fetcher | EEE — ev_ebitda outlier (150), setting None
2026-06-16 15:59:24,166 | WARNING  | src.fetcher | FFF — ev_ebitda outlier (-3), setting None
2026-06-16 15:59:24,168 | INFO     | src.fetcher | Processing 1/1: GGG
2026-06-16 15:59:24,168 | WARNING  | src.fetcher | GGG — yfinance market cap/EV lookup failed: Too Many Requests. Leaving market data as None.
2026-06-16 15:59:24,170 | INFO     | src.fetcher | Processing 1/1: HHH
2026-06-16 15:59:24,172 | INFO     | src.fetcher | Processing 1/2: III
2026-06-16 15:59:24,173 | INFO     | src.fetcher | Processing 2/2: JJJ
2026-06-16 15:59:24,175 | INFO     | src.fetcher | Processing 1/1: KKK
2026-06-16 15:59:24,177 | INFO     | src.fetcher | Processing 1/1: LLL
2026-06-16 15:59:24,179 | INFO     | src.fetcher | Processing 1/1: MMM2
2026-06-16 15:59:24,181 | WARNING  | src.universe_builder | AAA — failed to fetch market cap: Too Many Requests. Keeping ticker.
2026-06-16 15:59:24,182 | WARNING  | src.universe_builder | BBB — market cap not available. Keeping ticker.
2026-06-16 15:59:24,183 | INFO     | src.universe_builder | CCC — market cap 100000000 below $200000000, filtering out
2026-06-16 15:59:32,389 | INFO     | src.fetcher | Processing 1/2: MMM
2026-06-16 15:59:39,317 | WARNING  | src.fetcher | MMM — yfinance market cap/EV lookup failed: Too Many Requests. Rate limited. Try after a while.. Leaving market data as None.
2026-06-16 15:59:39,318 | INFO     | src.fetcher | Processing 2/2: CAT
2026-06-16 15:59:49,498 | WARNING  | src.fetcher | CAT — yfinance market cap/EV lookup failed: Too Many Requests. Rate limited. Try after a while.. Leaving market data as None.
2026-06-16 16:08:05,386 | WARNING  | src.universe_builder | 20 — yfinance sector screener failed: yfinance sector 'industrials' returned no companies. Falling back to hardcoded list.
2026-06-16 16:08:05,386 | INFO     | src.universe_builder | Industrials (20) — 104 candidates found, 104 new tickers added after de-dup
2026-06-16 16:08:06,382 | WARNING  | src.universe_builder | 35 — yfinance sector screener failed: yfinance sector 'healthcare' returned no companies. Falling back to hardcoded list.
2026-06-16 16:08:06,382 | INFO     | src.universe_builder | Healthcare Equipment (35) — 35 candidates found, 35 new tickers added after de-dup
2026-06-16 16:08:07,854 | WARNING  | src.universe_builder | 45 — yfinance sector screener failed: yfinance sector 'technology' returned no companies. Falling back to hardcoded list.
2026-06-16 16:08:07,854 | INFO     | src.universe_builder | Technology Hardware (45) — 33 candidates found, 33 new tickers added after de-dup
2026-06-16 16:08:07,854 | INFO     | src.universe_builder | Merged universe before market cap filter: 172 tickers across 3 industries
2026-06-16 16:08:09,078 | WARNING  | src.universe_builder | MMM — failed to fetch market cap: Too Many Requests. Rate limited. Try after a while.. Keeping ticker.
2026-06-16 16:08:11,519 | WARNING  | src.universe_builder | HON — failed to fetch market cap: Too Many Requests. Rate limited. Try after a while.. Keeping ticker.
2026-06-16 16:08:14,133 | WARNING  | src.universe_builder | GE — failed to fetch market cap: Too Many Requests. Rate limited. Try after a while.. Keeping ticker.
2026-06-16 16:08:16,622 | WARNING  | src.universe_builder | EMR — failed to fetch market cap: Too Many Requests. Rate limited. Try after a while.. Keeping ticker.
2026-06-16 16:08:20,639 | WARNING  | src.universe_builder | ITW — failed to fetch market cap: Too Many Requests. Rate limited. Try after a while.. Keeping ticker.
2026-06-16 16:08:23,361 | WARNING  | src.universe_builder | PH — failed to fetch market cap: Too Many Requests. Rate limited. Try after a while.. Keeping ticker.
2026-06-16 16:08:25,809 | WARNING  | src.universe_builder | ROK — failed to fetch market cap: Too Many Requests. Rate limited. Try after a while.. Keeping ticker.
2026-06-16 16:08:28,652 | WARNING  | src.universe_builder | AME — failed to fetch market cap: Too Many Requests. Rate limited. Try after a while.. Keeping ticker.
2026-06-16 16:08:31,059 | WARNING  | src.universe_builder | IEX — failed to fetch market cap: Too Many Requests. Rate limited. Try after a while.. Keeping ticker.
2026-06-16 16:08:33,539 | WARNING  | src.universe_builder | GNRC — failed to fetch market cap: Too Many Requests. Rate limited. Try after a while.. Keeping ticker.
2026-06-16 16:08:36,294 | WARNING  | src.universe_builder | SWK — failed to fetch market cap: Too Many Requests. Rate limited. Try after a while.. Keeping ticker.
2026-06-16 16:08:38,606 | WARNING  | src.universe_builder | PNR — failed to fetch market cap: Too Many Requests. Rate limited. Try after a while.. Keeping ticker.
2026-06-16 16:08:41,400 | WARNING  | src.universe_builder | RRX — failed to fetch market cap: Too Many Requests. Rate limited. Try after a while.. Keeping ticker.
2026-06-16 16:08:43,984 | WARNING  | src.universe_builder | XYL — failed to fetch market cap: Too Many Requests. Rate limited. Try after a while.. Keeping ticker.
2026-06-16 16:08:46,656 | WARNING  | src.universe_builder | FELE — failed to fetch market cap: Too Many Requests. Rate limited. Try after a while.. Keeping ticker.
2026-06-16 16:08:49,047 | WARNING  | src.universe_builder | TT — failed to fetch market cap: Too Many Requests. Rate limited. Try after a while.. Keeping ticker.
2026-06-16 16:08:51,568 | WARNING  | src.universe_builder | IR — failed to fetch market cap: Too Many Requests. Rate limited. Try after a while.. Keeping ticker.
2026-06-16 16:08:54,596 | WARNING  | src.universe_builder | CARR — failed to fetch market cap: Too Many Requests. Rate limited. Try after a while.. Keeping ticker.
2026-06-16 16:08:57,163 | WARNING  | src.universe_builder | OTIS — failed to fetch market cap: Too Many Requests. Rate limited. Try after a while.. Keeping ticker.
2026-06-16 16:08:59,793 | WARNING  | src.universe_builder | LMT — failed to fetch market cap: Too Many Requests. Rate limited. Try after a while.. Keeping ticker.
2026-06-16 16:09:02,163 | WARNING  | src.universe_builder | RTX — failed to fetch market cap: Too Many Requests. Rate limited. Try after a while.. Keeping ticker.
2026-06-16 16:09:05,155 | WARNING  | src.universe_builder | GD — failed to fetch market cap: Too Many Requests. Rate limited. Try after a while.. Keeping ticker.
2026-06-16 16:09:07,651 | WARNING  | src.universe_builder | NOC — failed to fetch market cap: Too Many Requests. Rate limited. Try after a while.. Keeping ticker.
2026-06-16 16:09:10,277 | WARNING  | src.universe_builder | LHX — failed to fetch market cap: Too Many Requests. Rate limited. Try after a while.. Keeping ticker.
2026-06-16 16:09:12,979 | WARNING  | src.universe_builder | TDG — failed to fetch market cap: Too Many Requests. Rate limited. Try after a while.. Keeping ticker.
2026-06-16 16:09:15,524 | WARNING  | src.universe_builder | HII — failed to fetch market cap: Too Many Requests. Rate limited. Try after a while.. Keeping ticker.
2026-06-16 16:09:18,062 | WARNING  | src.universe_builder | MOG.A — failed to fetch market cap: Too Many Requests. Rate limited. Try after a while.. Keeping ticker.
2026-06-16 16:09:20,518 | WARNING  | src.universe_builder | HEI — failed to fetch market cap: Too Many Requests. Rate limited. Try after a while.. Keeping ticker.
2026-06-16 16:09:22,968 | WARNING  | src.universe_builder | ESAB — failed to fetch market cap: Too Many Requests. Rate limited. Try after a while.. Keeping ticker.
2026-06-16 16:09:25,618 | WARNING  | src.universe_builder | ITT — failed to fetch market cap: Too Many Requests. Rate limited. Try after a while.. Keeping ticker.
2026-06-16 16:09:28,287 | WARNING  | src.universe_builder | WTS — failed to fetch market cap: Too Many Requests. Rate limited. Try after a while.. Keeping ticker.
2026-06-16 16:09:31,874 | WARNING  | src.universe_builder | RXN — failed to fetch market cap: Too Many Requests. Rate limited. Try after a while.. Keeping ticker.
2026-06-16 16:09:35,719 | WARNING  | src.universe_builder | ACCO — failed to fetch market cap: Too Many Requests. Rate limited. Try after a while.. Keeping ticker.
2026-06-16 16:09:38,136 | WARNING  | src.universe_builder | LYTS — failed to fetch market cap: Too Many Requests. Rate limited. Try after a while.. Keeping ticker.
2026-06-16 16:09:40,506 | WARNING  | src.universe_builder | KBAL — failed to fetch market cap: Too Many Requests. Rate limited. Try after a while.. Keeping ticker.
2026-06-16 16:09:42,887 | WARNING  | src.universe_builder | GFF — failed to fetch market cap: Too Many Requests. Rate limited. Try after a while.. Keeping ticker.
2026-06-16 16:09:45,412 | WARNING  | src.universe_builder | ASTE — failed to fetch market cap: Too Many Requests. Rate limited. Try after a while.. Keeping ticker.
2026-06-16 16:09:47,946 | WARNING  | src.universe_builder | HCSG — failed to fetch market cap: Too Many Requests. Rate limited. Try after a while.. Keeping ticker.
2026-06-16 16:09:50,374 | WARNING  | src.universe_builder | HI — failed to fetch market cap: Too Many Requests. Rate limited. Try after a while.. Keeping ticker.
2026-06-16 16:09:52,822 | WARNING  | src.universe_builder | CSWI — failed to fetch market cap: Too Many Requests. Rate limited. Try after a while.. Keeping ticker.
2026-06-16 16:09:55,165 | WARNING  | src.universe_builder | NVT — failed to fetch market cap: Too Many Requests. Rate limited. Try after a while.. Keeping ticker.
2026-06-16 16:09:57,599 | WARNING  | src.universe_builder | TRMK — failed to fetch market cap: Too Many Requests. Rate limited. Try after a while.. Keeping ticker.
2026-06-16 16:10:00,056 | WARNING  | src.universe_builder | DXPE — failed to fetch market cap: Too Many Requests. Rate limited. Try after a while.. Keeping ticker.
2026-06-16 16:10:02,627 | WARNING  | src.universe_builder | CAT — failed to fetch market cap: Too Many Requests. Rate limited. Try after a while.. Keeping ticker.
2026-06-16 16:10:05,081 | WARNING  | src.universe_builder | DE — failed to fetch market cap: Too Many Requests. Rate limited. Try after a while.. Keeping ticker.
2026-06-16 16:10:07,486 | WARNING  | src.universe_builder | PCAR — failed to fetch market cap: Too Many Requests. Rate limited. Try after a while.. Keeping ticker.
2026-06-16 16:10:10,011 | WARNING  | src.universe_builder | CMI — failed to fetch market cap: Too Many Requests. Rate limited. Try after a while.. Keeping ticker.
2026-06-16 16:10:12,733 | WARNING  | src.universe_builder | DOV — failed to fetch market cap: Too Many Requests. Rate limited. Try after a while.. Keeping ticker.
2026-06-16 16:10:15,375 | WARNING  | src.universe_builder | AOS — failed to fetch market cap: Too Many Requests. Rate limited. Try after a while.. Keeping ticker.
2026-06-16 16:10:17,878 | WARNING  | src.universe_builder | ALLE — failed to fetch market cap: Too Many Requests. Rate limited. Try after a while.. Keeping ticker.
2026-06-16 16:10:20,512 | WARNING  | src.universe_builder | MAS — failed to fetch market cap: Too Many Requests. Rate limited. Try after a while.. Keeping ticker.
2026-06-16 16:10:22,861 | WARNING  | src.universe_builder | JCI — failed to fetch market cap: Too Many Requests. Rate limited. Try after a while.. Keeping ticker.
2026-06-16 16:10:25,372 | WARNING  | src.universe_builder | LII — failed to fetch market cap: Too Many Requests. Rate limited. Try after a while.. Keeping ticker.
2026-06-16 16:10:27,946 | WARNING  | src.universe_builder | PWR — failed to fetch market cap: Too Many Requests. Rate limited. Try after a while.. Keeping ticker.
2026-06-16 16:10:30,413 | WARNING  | src.universe_builder | FAST — failed to fetch market cap: Too Many Requests. Rate limited. Try after a while.. Keeping ticker.
2026-06-16 16:10:33,033 | WARNING  | src.universe_builder | GWW — failed to fetch market cap: Too Many Requests. Rate limited. Try after a while.. Keeping ticker.
2026-06-16 16:10:35,871 | WARNING  | src.universe_builder | WSO — failed to fetch market cap: Too Many Requests. Rate limited. Try after a while.. Keeping ticker.
2026-06-16 16:10:38,325 | WARNING  | src.universe_builder | AIT — failed to fetch market cap: Too Many Requests. Rate limited. Try after a while.. Keeping ticker.
2026-06-16 16:10:40,713 | WARNING  | src.universe_builder | MSM — failed to fetch market cap: Too Many Requests. Rate limited. Try after a while.. Keeping ticker.
2026-06-16 16:10:43,171 | WARNING  | src.universe_builder | SITE — failed to fetch market cap: Too Many Requests. Rate limited. Try after a while.. Keeping ticker.
2026-06-16 16:10:46,400 | WARNING  | src.universe_builder | BLDR — failed to fetch market cap: Too Many Requests. Rate limited. Try after a while.. Keeping ticker.
2026-06-16 16:10:49,072 | WARNING  | src.universe_builder | EXP — failed to fetch market cap: Too Many Requests. Rate limited. Try after a while.. Keeping ticker.
2026-06-16 16:10:51,538 | WARNING  | src.universe_builder | VMC — failed to fetch market cap: Too Many Requests. Rate limited. Try after a while.. Keeping ticker.
2026-06-16 16:10:53,872 | WARNING  | src.universe_builder | MLM — failed to fetch market cap: Too Many Requests. Rate limited. Try after a while.. Keeping ticker.
2026-06-16 16:10:56,783 | WARNING  | src.universe_builder | NUE — failed to fetch market cap: Too Many Requests. Rate limited. Try after a while.. Keeping ticker.
2026-06-16 16:10:59,135 | WARNING  | src.universe_builder | STLD — failed to fetch market cap: Too Many Requests. Rate limited. Try after a while.. Keeping ticker.
2026-06-16 16:11:01,905 | WARNING  | src.universe_builder | X — failed to fetch market cap: Too Many Requests. Rate limited. Try after a while.. Keeping ticker.
2026-06-16 16:11:04,296 | WARNING  | src.universe_builder | CLF — failed to fetch market cap: Too Many Requests. Rate limited. Try after a while.. Keeping ticker.
2026-06-16 16:11:06,867 | WARNING  | src.universe_builder | RS — failed to fetch market cap: Too Many Requests. Rate limited. Try after a while.. Keeping ticker.
2026-06-16 16:11:09,539 | WARNING  | src.universe_builder | ATI — failed to fetch market cap: Too Many Requests. Rate limited. Try after a while.. Keeping ticker.
2026-06-16 16:11:12,402 | WARNING  | src.universe_builder | CRS — failed to fetch market cap: Too Many Requests. Rate limited. Try after a while.. Keeping ticker.
2026-06-16 16:11:15,192 | WARNING  | src.universe_builder | KMT — failed to fetch market cap: Too Many Requests. Rate limited. Try after a while.. Keeping ticker.
2026-06-16 16:11:17,678 | WARNING  | src.universe_builder | FLS — failed to fetch market cap: Too Many Requests. Rate limited. Try after a while.. Keeping ticker.
2026-06-16 16:11:20,048 | WARNING  | src.universe_builder | CR — failed to fetch market cap: Too Many Requests. Rate limited. Try after a while.. Keeping ticker.
2026-06-16 16:11:22,674 | WARNING  | src.universe_builder | DCI — failed to fetch market cap: Too Many Requests. Rate limited. Try after a while.. Keeping ticker.
2026-06-16 16:11:25,146 | WARNING  | src.universe_builder | GTLS — failed to fetch market cap: Too Many Requests. Rate limited. Try after a while.. Keeping ticker.
2026-06-16 16:11:27,559 | WARNING  | src.universe_builder | CFX — failed to fetch market cap: Too Many Requests. Rate limited. Try after a while.. Keeping ticker.
2026-06-16 16:11:30,255 | WARNING  | src.universe_builder | HEES — failed to fetch market cap: Too Many Requests. Rate limited. Try after a while.. Keeping ticker.
2026-06-16 16:11:32,926 | WARNING  | src.universe_builder | TKR — failed to fetch market cap: Too Many Requests. Rate limited. Try after a while.. Keeping ticker.
2026-06-16 16:11:35,327 | WARNING  | src.universe_builder | ROLL — failed to fetch market cap: Too Many Requests. Rate limited. Try after a while.. Keeping ticker.
2026-06-16 16:11:38,402 | WARNING  | src.universe_builder | B — failed to fetch market cap: Too Many Requests. Rate limited. Try after a while.. Keeping ticker.
2026-06-16 16:11:40,933 | WARNING  | src.universe_builder | WCC — failed to fetch market cap: Too Many Requests. Rate limited. Try after a while.. Keeping ticker.
2026-06-16 16:11:43,667 | WARNING  | src.universe_builder | AYI — failed to fetch market cap: Too Many Requests. Rate limited. Try after a while.. Keeping ticker.
2026-06-16 16:11:46,156 | WARNING  | src.universe_builder | HUBB — failed to fetch market cap: Too Many Requests. Rate limited. Try after a while.. Keeping ticker.
2026-06-16 16:11:48,773 | WARNING  | src.universe_builder | POWL — failed to fetch market cap: Too Many Requests. Rate limited. Try after a while.. Keeping ticker.
2026-06-16 16:11:51,341 | WARNING  | src.universe_builder | THR — failed to fetch market cap: Too Many Requests. Rate limited. Try after a while.. Keeping ticker.
2026-06-16 16:11:53,659 | WARNING  | src.universe_builder | MWA — failed to fetch market cap: Too Many Requests. Rate limited. Try after a while.. Keeping ticker.
2026-06-16 16:11:56,015 | WARNING  | src.universe_builder | AWI — failed to fetch market cap: Too Many Requests. Rate limited. Try after a while.. Keeping ticker.
2026-06-16 16:11:58,539 | WARNING  | src.universe_builder | JBT — failed to fetch market cap: Too Many Requests. Rate limited. Try after a while.. Keeping ticker.
2026-06-16 16:12:00,958 | WARNING  | src.universe_builder | GGG — failed to fetch market cap: Too Many Requests. Rate limited. Try after a while.. Keeping ticker.
2026-06-16 16:12:03,354 | WARNING  | src.universe_builder | SPXC — failed to fetch market cap: Too Many Requests. Rate limited. Try after a while.. Keeping ticker.
2026-06-16 16:12:05,833 | WARNING  | src.universe_builder | CIR — failed to fetch market cap: Too Many Requests. Rate limited. Try after a while.. Keeping ticker.
2026-06-16 16:12:08,277 | WARNING  | src.universe_builder | CSL — failed to fetch market cap: Too Many Requests. Rate limited. Try after a while.. Keeping ticker.
2026-06-16 16:12:10,907 | WARNING  | src.universe_builder | EME — failed to fetch market cap: Too Many Requests. Rate limited. Try after a while.. Keeping ticker.
2026-06-16 16:12:13,518 | WARNING  | src.universe_builder | MTZ — failed to fetch market cap: Too Many Requests. Rate limited. Try after a while.. Keeping ticker.
2026-06-16 16:12:18,413 | WARNING  | src.universe_builder | BMI — failed to fetch market cap: Too Many Requests. Rate limited. Try after a while.. Keeping ticker.
2026-06-16 16:12:21,073 | WARNING  | src.universe_builder | NDSN — failed to fetch market cap: Too Many Requests. Rate limited. Try after a while.. Keeping ticker.
2026-06-16 16:12:23,456 | WARNING  | src.universe_builder | AAON — failed to fetch market cap: Too Many Requests. Rate limited. Try after a while.. Keeping ticker.
2026-06-16 16:12:25,937 | WARNING  | src.universe_builder | LECO — failed to fetch market cap: Too Many Requests. Rate limited. Try after a while.. Keeping ticker.
2026-06-16 16:12:28,228 | WARNING  | src.universe_builder | KAMN — failed to fetch market cap: Too Many Requests. Rate limited. Try after a while.. Keeping ticker.
2026-06-16 16:12:30,697 | WARNING  | src.universe_builder | CW — failed to fetch market cap: Too Many Requests. Rate limited. Try after a while.. Keeping ticker.
2026-06-16 16:12:33,138 | WARNING  | src.universe_builder | HXL — failed to fetch market cap: Too Many Requests. Rate limited. Try after a while.. Keeping ticker.
2026-06-16 16:12:35,443 | WARNING  | src.universe_builder | TXT — failed to fetch market cap: Too Many Requests. Rate limited. Try after a while.. Keeping ticker.
2026-06-16 16:12:37,975 | WARNING  | src.universe_builder | SPR — failed to fetch market cap: Too Many Requests. Rate limited. Try after a while.. Keeping ticker.
2026-06-16 16:12:40,584 | WARNING  | src.universe_builder | ABT — failed to fetch market cap: Too Many Requests. Rate limited. Try after a while.. Keeping ticker.
2026-06-16 16:12:42,868 | WARNING  | src.universe_builder | MDT — failed to fetch market cap: Too Many Requests. Rate limited. Try after a while.. Keeping ticker.
2026-06-16 16:12:45,319 | WARNING  | src.universe_builder | SYK — failed to fetch market cap: Too Many Requests. Rate limited. Try after a while.. Keeping ticker.
2026-06-16 16:12:47,985 | WARNING  | src.universe_builder | BSX — failed to fetch market cap: Too Many Requests. Rate limited. Try after a while.. Keeping ticker.
2026-06-16 16:12:50,577 | WARNING  | src.universe_builder | ZBH — failed to fetch market cap: Too Many Requests. Rate limited. Try after a while.. Keeping ticker.
2026-06-16 16:12:52,853 | WARNING  | src.universe_builder | EW — failed to fetch market cap: Too Many Requests. Rate limited. Try after a while.. Keeping ticker.
2026-06-16 16:12:55,294 | WARNING  | src.universe_builder | HOLX — failed to fetch market cap: Too Many Requests. Rate limited. Try after a while.. Keeping ticker.
2026-06-16 16:12:57,739 | WARNING  | src.universe_builder | DXCM — failed to fetch market cap: Too Many Requests. Rate limited. Try after a while.. Keeping ticker.
2026-06-16 16:13:00,204 | WARNING  | src.universe_builder | ISRG — failed to fetch market cap: Too Many Requests. Rate limited. Try after a while.. Keeping ticker.
2026-06-16 16:13:02,781 | WARNING  | src.universe_builder | RMD — failed to fetch market cap: Too Many Requests. Rate limited. Try after a while.. Keeping ticker.
2026-06-16 16:13:05,491 | WARNING  | src.universe_builder | BAX — failed to fetch market cap: Too Many Requests. Rate limited. Try after a while.. Keeping ticker.
2026-06-16 16:13:07,962 | WARNING  | src.universe_builder | BDX — failed to fetch market cap: Too Many Requests. Rate limited. Try after a while.. Keeping ticker.
2026-06-16 16:13:10,225 | WARNING  | src.universe_builder | HAE — failed to fetch market cap: Too Many Requests. Rate limited. Try after a while.. Keeping ticker.
2026-06-16 16:13:12,616 | WARNING  | src.universe_builder | ICUI — failed to fetch market cap: Too Many Requests. Rate limited. Try after a while.. Keeping ticker.
2026-06-16 16:13:15,184 | WARNING  | src.universe_builder | AMED — failed to fetch market cap: Too Many Requests. Rate limited. Try after a while.. Keeping ticker.
2026-06-16 16:13:17,789 | WARNING  | src.universe_builder | NVCR — failed to fetch market cap: Too Many Requests. Rate limited. Try after a while.. Keeping ticker.
2026-06-16 16:13:20,108 | WARNING  | src.universe_builder | RGEN — failed to fetch market cap: Too Many Requests. Rate limited. Try after a while.. Keeping ticker.
2026-06-16 16:13:23,988 | WARNING  | src.universe_builder | IART — failed to fetch market cap: Too Many Requests. Rate limited. Try after a while.. Keeping ticker.
2026-06-16 16:13:26,574 | WARNING  | src.universe_builder | MMSI — failed to fetch market cap: Too Many Requests. Rate limited. Try after a while.. Keeping ticker.
2026-06-16 16:13:28,969 | WARNING  | src.universe_builder | PEN — failed to fetch market cap: Too Many Requests. Rate limited. Try after a while.. Keeping ticker.
2026-06-16 16:13:31,365 | WARNING  | src.universe_builder | OSIS — failed to fetch market cap: Too Many Requests. Rate limited. Try after a while.. Keeping ticker.
2026-06-16 16:13:33,802 | WARNING  | src.universe_builder | ATRC — failed to fetch market cap: Too Many Requests. Rate limited. Try after a while.. Keeping ticker.
2026-06-16 16:13:36,270 | WARNING  | src.universe_builder | NTRA — failed to fetch market cap: Too Many Requests. Rate limited. Try after a while.. Keeping ticker.
2026-06-16 16:13:38,661 | WARNING  | src.universe_builder | INSP — failed to fetch market cap: Too Many Requests. Rate limited. Try after a while.. Keeping ticker.
2026-06-16 16:13:41,101 | WARNING  | src.universe_builder | SWAV — failed to fetch market cap: Too Many Requests. Rate limited. Try after a while.. Keeping ticker.
2026-06-16 16:13:43,568 | WARNING  | src.universe_builder | AXNX — failed to fetch market cap: Too Many Requests. Rate limited. Try after a while.. Keeping ticker.
2026-06-16 16:13:46,051 | WARNING  | src.universe_builder | TNDM — failed to fetch market cap: Too Many Requests. Rate limited. Try after a while.. Keeping ticker.
2026-06-16 16:13:48,403 | WARNING  | src.universe_builder | NVST — failed to fetch market cap: Too Many Requests. Rate limited. Try after a while.. Keeping ticker.
2026-06-16 16:13:50,933 | WARNING  | src.universe_builder | ALGN — failed to fetch market cap: Too Many Requests. Rate limited. Try after a while.. Keeping ticker.
2026-06-16 16:13:53,349 | WARNING  | src.universe_builder | VRTX — failed to fetch market cap: Too Many Requests. Rate limited. Try after a while.. Keeping ticker.
2026-06-16 16:13:55,934 | WARNING  | src.universe_builder | GMED — failed to fetch market cap: Too Many Requests. Rate limited. Try after a while.. Keeping ticker.
2026-06-16 16:13:58,270 | WARNING  | src.universe_builder | CNMD — failed to fetch market cap: Too Many Requests. Rate limited. Try after a while.. Keeping ticker.
2026-06-16 16:14:00,798 | WARNING  | src.universe_builder | STE — failed to fetch market cap: Too Many Requests. Rate limited. Try after a while.. Keeping ticker.
2026-06-16 16:14:04,669 | WARNING  | src.universe_builder | TFX — failed to fetch market cap: Too Many Requests. Rate limited. Try after a while.. Keeping ticker.
2026-06-16 16:14:07,313 | WARNING  | src.universe_builder | XRAY — failed to fetch market cap: Too Many Requests. Rate limited. Try after a while.. Keeping ticker.
2026-06-16 16:14:09,712 | WARNING  | src.universe_builder | AAPL — failed to fetch market cap: Too Many Requests. Rate limited. Try after a while.. Keeping ticker.
2026-06-16 16:14:12,192 | WARNING  | src.universe_builder | DELL — failed to fetch market cap: Too Many Requests. Rate limited. Try after a while.. Keeping ticker.
2026-06-16 16:14:14,537 | WARNING  | src.universe_builder | HPQ — failed to fetch market cap: Too Many Requests. Rate limited. Try after a while.. Keeping ticker.
2026-06-16 16:14:17,501 | WARNING  | src.universe_builder | HPE — failed to fetch market cap: Too Many Requests. Rate limited. Try after a while.. Keeping ticker.
2026-06-16 16:14:19,904 | WARNING  | src.universe_builder | NTAP — failed to fetch market cap: Too Many Requests. Rate limited. Try after a while.. Keeping ticker.
2026-06-16 16:14:22,330 | WARNING  | src.universe_builder | STX — failed to fetch market cap: Too Many Requests. Rate limited. Try after a while.. Keeping ticker.
2026-06-16 16:14:24,893 | WARNING  | src.universe_builder | WDC — failed to fetch market cap: Too Many Requests. Rate limited. Try after a while.. Keeping ticker.
2026-06-16 16:14:27,253 | WARNING  | src.universe_builder | PSTG — failed to fetch market cap: Too Many Requests. Rate limited. Try after a while.. Keeping ticker.
2026-06-16 16:14:29,766 | WARNING  | src.universe_builder | SMCI — failed to fetch market cap: Too Many Requests. Rate limited. Try after a while.. Keeping ticker.
2026-06-16 16:14:33,879 | WARNING  | src.universe_builder | JNPR — failed to fetch market cap: Too Many Requests. Rate limited. Try after a while.. Keeping ticker.
2026-06-16 16:14:36,306 | WARNING  | src.universe_builder | CSCO — failed to fetch market cap: Too Many Requests. Rate limited. Try after a while.. Keeping ticker.
2026-06-16 16:14:38,664 | WARNING  | src.universe_builder | ANET — failed to fetch market cap: Too Many Requests. Rate limited. Try after a while.. Keeping ticker.
2026-06-16 16:14:41,205 | WARNING  | src.universe_builder | CIEN — failed to fetch market cap: Too Many Requests. Rate limited. Try after a while.. Keeping ticker.
2026-06-16 16:14:43,538 | WARNING  | src.universe_builder | VIAV — failed to fetch market cap: Too Many Requests. Rate limited. Try after a while.. Keeping ticker.
2026-06-16 16:14:46,024 | WARNING  | src.universe_builder | CLFD — failed to fetch market cap: Too Many Requests. Rate limited. Try after a while.. Keeping ticker.
2026-06-16 16:14:48,459 | WARNING  | src.universe_builder | ATEN — failed to fetch market cap: Too Many Requests. Rate limited. Try after a while.. Keeping ticker.
2026-06-16 16:14:50,793 | WARNING  | src.universe_builder | ARLO — failed to fetch market cap: Too Many Requests. Rate limited. Try after a while.. Keeping ticker.
2026-06-16 16:14:53,233 | WARNING  | src.universe_builder | CALX — failed to fetch market cap: Too Many Requests. Rate limited. Try after a while.. Keeping ticker.
2026-06-16 16:14:55,612 | WARNING  | src.universe_builder | DIGI — failed to fetch market cap: Too Many Requests. Rate limited. Try after a while.. Keeping ticker.
2026-06-16 16:14:58,145 | WARNING  | src.universe_builder | LIQT — failed to fetch market cap: Too Many Requests. Rate limited. Try after a while.. Keeping ticker.
2026-06-16 16:15:00,565 | WARNING  | src.universe_builder | PCTI — failed to fetch market cap: Too Many Requests. Rate limited. Try after a while.. Keeping ticker.
2026-06-16 16:15:02,945 | WARNING  | src.universe_builder | SIFY — failed to fetch market cap: Too Many Requests. Rate limited. Try after a while.. Keeping ticker.
2026-06-16 16:15:05,460 | WARNING  | src.universe_builder | SMSI — failed to fetch market cap: Too Many Requests. Rate limited. Try after a while.. Keeping ticker.
2026-06-16 16:15:08,097 | WARNING  | src.universe_builder | SPOK — failed to fetch market cap: Too Many Requests. Rate limited. Try after a while.. Keeping ticker.
2026-06-16 16:15:10,640 | WARNING  | src.universe_builder | SYNA — failed to fetch market cap: Too Many Requests. Rate limited. Try after a while.. Keeping ticker.
2026-06-16 16:15:13,080 | WARNING  | src.universe_builder | TTEC — failed to fetch market cap: Too Many Requests. Rate limited. Try after a while.. Keeping ticker.
2026-06-16 16:15:15,835 | WARNING  | src.universe_builder | UTSI — failed to fetch market cap: Too Many Requests. Rate limited. Try after a while.. Keeping ticker.
2026-06-16 16:15:18,294 | WARNING  | src.universe_builder | VNET — failed to fetch market cap: Too Many Requests. Rate limited. Try after a while.. Keeping ticker.
2026-06-16 16:15:21,078 | WARNING  | src.universe_builder | GLW — failed to fetch market cap: Too Many Requests. Rate limited. Try after a while.. Keeping ticker.
2026-06-16 16:15:24,541 | WARNING  | src.universe_builder | TEL — failed to fetch market cap: Too Many Requests. Rate limited. Try after a while.. Keeping ticker.
2026-06-16 16:15:26,939 | WARNING  | src.universe_builder | APH — failed to fetch market cap: Too Many Requests. Rate limited. Try after a while.. Keeping ticker.
2026-06-16 16:15:29,399 | WARNING  | src.universe_builder | KEYS — failed to fetch market cap: Too Many Requests. Rate limited. Try after a while.. Keeping ticker.
2026-06-16 16:15:31,726 | WARNING  | src.universe_builder | FFIV — failed to fetch market cap: Too Many Requests. Rate limited. Try after a while.. Keeping ticker.
2026-06-16 16:15:31,727 | INFO     | src.universe_builder | 172 candidates remain after market cap filter
2026-06-16 16:15:31,727 | INFO     | src.fetcher | Processing 1/172: MMM
2026-06-16 16:15:31,729 | INFO     | src.fetcher | MMM — loaded from cache
2026-06-16 16:15:31,729 | INFO     | src.fetcher | Processing 2/172: HON
2026-06-16 16:15:35,925 | WARNING  | src.fetcher | HON — EBITDA not available (operating income or D&A missing), setting None
2026-06-16 16:15:43,936 | WARNING  | src.fetcher | HON — yfinance market cap/EV lookup failed: Too Many Requests. Rate limited. Try after a while.. Leaving market data as None.
2026-06-16 16:15:43,941 | INFO     | src.fetcher | Processing 3/172: GE
2026-06-16 16:15:44,893 | WARNING  | src.fetcher | GE — EBITDA not available (operating income or D&A missing), setting None
2026-06-16 16:15:50,225 | WARNING  | src.fetcher | GE — yfinance market cap/EV lookup failed: Too Many Requests. Rate limited. Try after a while.. Leaving market data as None.
2026-06-16 16:15:50,228 | INFO     | src.fetcher | Processing 4/172: EMR
2026-06-16 16:15:50,872 | WARNING  | src.fetcher | EMR — EBITDA not available (operating income or D&A missing), setting None
2026-06-16 16:15:57,213 | WARNING  | src.fetcher | EMR — yfinance market cap/EV lookup failed: Too Many Requests. Rate limited. Try after a while.. Leaving market data as None.
2026-06-16 16:15:57,216 | INFO     | src.fetcher | Processing 5/172: ITW
2026-06-16 16:16:03,517 | WARNING  | src.fetcher | ITW — yfinance market cap/EV lookup failed: Too Many Requests. Rate limited. Try after a while.. Leaving market data as None.
2026-06-16 16:16:03,519 | INFO     | src.fetcher | Processing 6/172: PH
2026-06-16 16:16:05,769 | WARNING  | src.fetcher | PH — EBITDA not available (operating income or D&A missing), setting None
2026-06-16 16:16:11,843 | WARNING  | src.fetcher | PH — yfinance market cap/EV lookup failed: Too Many Requests. Rate limited. Try after a while.. Leaving market data as None.
2026-06-16 16:16:11,844 | INFO     | src.fetcher | Processing 7/172: ROK
2026-06-16 16:16:12,732 | WARNING  | src.fetcher | ROK — EBITDA not available (operating income or D&A missing), setting None
2026-06-16 16:16:18,871 | WARNING  | src.fetcher | ROK — yfinance market cap/EV lookup failed: Too Many Requests. Rate limited. Try after a while.. Leaving market data as None.
2026-06-16 16:16:18,873 | INFO     | src.fetcher | Processing 8/172: AME
2026-06-16 16:16:25,450 | WARNING  | src.fetcher | AME — yfinance market cap/EV lookup failed: Too Many Requests. Rate limited. Try after a while.. Leaving market data as None.
2026-06-16 16:16:25,452 | INFO     | src.fetcher | Processing 9/172: IEX
2026-06-16 16:16:33,525 | WARNING  | src.fetcher | IEX — yfinance market cap/EV lookup failed: Too Many Requests. Rate limited. Try after a while.. Leaving market data as None.
2026-06-16 16:16:33,528 | INFO     | src.fetcher | Processing 10/172: GNRC
2026-06-16 16:16:39,188 | WARNING  | src.fetcher | GNRC — yfinance market cap/EV lookup failed: Too Many Requests. Rate limited. Try after a while.. Leaving market data as None.
2026-06-16 16:16:39,190 | INFO     | src.fetcher | Processing 11/172: SWK
2026-06-16 16:16:40,007 | WARNING  | src.fetcher | SWK — EBITDA not available (operating income or D&A missing), setting None
2026-06-16 16:16:46,481 | WARNING  | src.fetcher | SWK — yfinance market cap/EV lookup failed: Too Many Requests. Rate limited. Try after a while.. Leaving market data as None.
2026-06-16 16:16:46,484 | INFO     | src.fetcher | Processing 12/172: PNR
2026-06-16 16:16:53,279 | WARNING  | src.fetcher | PNR — yfinance market cap/EV lookup failed: Too Many Requests. Rate limited. Try after a while.. Leaving market data as None.
2026-06-16 16:16:53,280 | INFO     | src.fetcher | Processing 13/172: RRX
2026-06-16 16:17:00,666 | WARNING  | src.fetcher | RRX — yfinance market cap/EV lookup failed: Too Many Requests. Rate limited. Try after a while.. Leaving market data as None.
2026-06-16 16:17:00,668 | INFO     | src.fetcher | Processing 14/172: XYL
2026-06-16 16:17:08,347 | WARNING  | src.fetcher | XYL — yfinance market cap/EV lookup failed: Too Many Requests. Rate limited. Try after a while.. Leaving market data as None.
2026-06-16 16:17:08,349 | INFO     | src.fetcher | Processing 15/172: FELE
2026-06-16 16:17:14,454 | WARNING  | src.fetcher | FELE — yfinance market cap/EV lookup failed: Too Many Requests. Rate limited. Try after a while.. Leaving market data as None.
2026-06-16 16:17:14,455 | INFO     | src.fetcher | Processing 16/172: TT
2026-06-16 16:17:21,279 | WARNING  | src.fetcher | TT — yfinance market cap/EV lookup failed: Too Many Requests. Rate limited. Try after a while.. Leaving market data as None.
2026-06-16 16:17:21,280 | WARNING  | src.fetcher | TT — gross_margin outlier (1.6383905749487615), setting None
2026-06-16 16:17:21,280 | INFO     | src.fetcher | Processing 17/172: IR
2026-06-16 16:17:28,053 | WARNING  | src.fetcher | IR — yfinance market cap/EV lookup failed: Too Many Requests. Rate limited. Try after a while.. Leaving market data as None.
2026-06-16 16:17:28,054 | INFO     | src.fetcher | Processing 18/172: CARR
2026-06-16 16:17:34,899 | WARNING  | src.fetcher | CARR — yfinance market cap/EV lookup failed: Too Many Requests. Rate limited. Try after a while.. Leaving market data as None.
2026-06-16 16:17:34,900 | WARNING  | src.fetcher | CARR — gross_margin outlier (1.741389616958661), setting None
2026-06-16 16:17:34,900 | INFO     | src.fetcher | Processing 19/172: OTIS
2026-06-16 16:17:42,153 | WARNING  | src.fetcher | OTIS — yfinance market cap/EV lookup failed: Too Many Requests. Rate limited. Try after a while.. Leaving market data as None.
2026-06-16 16:17:42,156 | INFO     | src.fetcher | Processing 20/172: LMT
2026-06-16 16:17:49,032 | WARNING  | src.fetcher | LMT — yfinance market cap/EV lookup failed: Too Many Requests. Rate limited. Try after a while.. Leaving market data as None.
2026-06-16 16:17:49,034 | INFO     | src.fetcher | Processing 21/172: RTX
2026-06-16 16:17:56,973 | WARNING  | src.fetcher | RTX — yfinance market cap/EV lookup failed: Too Many Requests. Rate limited. Try after a while.. Leaving market data as None.
2026-06-16 16:17:56,975 | INFO     | src.fetcher | Processing 22/172: GD
2026-06-16 16:18:04,217 | WARNING  | src.fetcher | GD — yfinance market cap/EV lookup failed: Too Many Requests. Rate limited. Try after a while.. Leaving market data as None.
2026-06-16 16:18:04,218 | WARNING  | src.fetcher | GD — gross_margin outlier (1.848696479543292), setting None
2026-06-16 16:18:04,218 | INFO     | src.fetcher | Processing 23/172: NOC
2026-06-16 16:18:11,639 | WARNING  | src.fetcher | NOC — yfinance market cap/EV lookup failed: Too Many Requests. Rate limited. Try after a while.. Leaving market data as None.
2026-06-16 16:18:11,641 | INFO     | src.fetcher | Processing 24/172: LHX
2026-06-16 16:18:18,230 | WARNING  | src.fetcher | LHX — yfinance market cap/EV lookup failed: Too Many Requests. Rate limited. Try after a while.. Leaving market data as None.
2026-06-16 16:18:18,230 | WARNING  | src.fetcher | LHX — gross_margin outlier (1.7427395380745483), setting None
2026-06-16 16:18:18,231 | INFO     | src.fetcher | Processing 25/172: TDG
2026-06-16 16:18:24,108 | WARNING  | src.fetcher | TDG — yfinance market cap/EV lookup failed: Too Many Requests. Rate limited. Try after a while.. Leaving market data as None.
2026-06-16 16:18:24,109 | INFO     | src.fetcher | Processing 26/172: HII
2026-06-16 16:18:32,601 | WARNING  | src.fetcher | HII — yfinance market cap/EV lookup failed: Too Many Requests. Rate limited. Try after a while.. Leaving market data as None.
2026-06-16 16:18:32,604 | INFO     | src.fetcher | Processing 27/172: MOG.A
2026-06-16 16:18:33,926 | WARNING  | src.fetcher | MOG.A — EBITDA not available (operating income or D&A missing), setting None
2026-06-16 16:18:43,240 | WARNING  | src.fetcher | MOG.A — yfinance market cap/EV lookup failed: Too Many Requests. Rate limited. Try after a while.. Leaving market data as None.
2026-06-16 16:18:43,244 | INFO     | src.fetcher | Processing 28/172: HEI
2026-06-16 16:18:50,156 | WARNING  | src.fetcher | HEI — yfinance market cap/EV lookup failed: Too Many Requests. Rate limited. Try after a while.. Leaving market data as None.
2026-06-16 16:18:50,158 | INFO     | src.fetcher | Processing 29/172: ESAB
2026-06-16 16:18:56,112 | WARNING  | src.fetcher | ESAB — yfinance market cap/EV lookup failed: Too Many Requests. Rate limited. Try after a while.. Leaving market data as None.
2026-06-16 16:18:56,114 | INFO     | src.fetcher | Processing 30/172: ITT
2026-06-16 16:19:03,692 | WARNING  | src.fetcher | ITT — yfinance market cap/EV lookup failed: Too Many Requests. Rate limited. Try after a while.. Leaving market data as None.
2026-06-16 16:19:03,696 | INFO     | src.fetcher | Processing 31/172: WTS
2026-06-16 16:19:11,070 | WARNING  | src.fetcher | WTS — yfinance market cap/EV lookup failed: Too Many Requests. Rate limited. Try after a while.. Leaving market data as None.
2026-06-16 16:19:11,073 | INFO     | src.fetcher | Processing 32/172: RXN
2026-06-16 16:19:11,356 | WARNING  | src.fetcher | RXN — attempt 1 failed: Company not found: 'RXN'
  Tip: Search by name with find_company("...") or pass a CIK directly.. Retrying...
2026-06-16 16:19:12,372 | WARNING  | src.fetcher | RXN — attempt 2 failed: Company not found: 'RXN'
  Tip: Search by name with find_company("...") or pass a CIK directly.. Retrying...
2026-06-16 16:19:14,389 | ERROR    | src.fetcher | RXN — failed after 3 retries: Company not found: 'RXN'
  Tip: Search by name with find_company("...") or pass a CIK directly.
2026-06-16 16:19:14,397 | INFO     | src.fetcher | Processing 33/172: ACCO
2026-06-16 16:19:23,687 | WARNING  | src.fetcher | ACCO — yfinance market cap/EV lookup failed: Too Many Requests. Rate limited. Try after a while.. Leaving market data as None.
2026-06-16 16:19:23,691 | INFO     | src.fetcher | Processing 34/172: LYTS
2026-06-16 16:19:28,759 | WARNING  | src.fetcher | LYTS — yfinance market cap/EV lookup failed: Too Many Requests. Rate limited. Try after a while.. Leaving market data as None.
2026-06-16 16:19:28,761 | INFO     | src.fetcher | Processing 35/172: KBAL
2026-06-16 16:19:28,773 | WARNING  | src.fetcher | KBAL — attempt 1 failed: Company not found: 'KBAL'
  Tip: Search by name with find_company("...") or pass a CIK directly.. Retrying...
2026-06-16 16:19:29,788 | WARNING  | src.fetcher | KBAL — attempt 2 failed: Company not found: 'KBAL'
  Tip: Search by name with find_company("...") or pass a CIK directly.. Retrying...
2026-06-16 16:19:31,804 | ERROR    | src.fetcher | KBAL — failed after 3 retries: Company not found: 'KBAL'
  Tip: Search by name with find_company("...") or pass a CIK directly.
2026-06-16 16:19:31,806 | INFO     | src.fetcher | Processing 36/172: GFF
2026-06-16 16:19:39,767 | WARNING  | src.fetcher | GFF — yfinance market cap/EV lookup failed: Too Many Requests. Rate limited. Try after a while.. Leaving market data as None.
2026-06-16 16:19:39,768 | INFO     | src.fetcher | Processing 37/172: ASTE
2026-06-16 16:19:46,301 | WARNING  | src.fetcher | ASTE — yfinance market cap/EV lookup failed: Too Many Requests. Rate limited. Try after a while.. Leaving market data as None.
2026-06-16 16:19:46,302 | INFO     | src.fetcher | Processing 38/172: HCSG
2026-06-16 16:19:47,064 | WARNING  | src.fetcher | HCSG — EBITDA not available (operating income or D&A missing), setting None
2026-06-16 16:19:52,251 | WARNING  | src.fetcher | HCSG — yfinance market cap/EV lookup failed: Too Many Requests. Rate limited. Try after a while.. Leaving market data as None.
2026-06-16 16:19:52,253 | INFO     | src.fetcher | Processing 39/172: HI
2026-06-16 16:19:52,261 | WARNING  | src.fetcher | HI — attempt 1 failed: Company not found: 'HI'
  Similar: 'HIT' (Health In Tech, Inc.), 'HIX' (WESTERN ASSET HIGH INCOME FUND II INC.), 'HIO' (WESTERN ASSET HIGH INCOME OPPORTUNITY FUND INC.)
  Tip: Search by name with find_company("...") or pass a CIK directly.. Retrying...
2026-06-16 16:19:53,282 | WARNING  | src.fetcher | HI — attempt 2 failed: Company not found: 'HI'
  Similar: 'HIT' (Health In Tech, Inc.), 'HIX' (WESTERN ASSET HIGH INCOME FUND II INC.), 'HIO' (WESTERN ASSET HIGH INCOME OPPORTUNITY FUND INC.)
  Tip: Search by name with find_company("...") or pass a CIK directly.. Retrying...
2026-06-16 16:19:55,295 | ERROR    | src.fetcher | HI — failed after 3 retries: Company not found: 'HI'
  Similar: 'HIT' (Health In Tech, Inc.), 'HIX' (WESTERN ASSET HIGH INCOME FUND II INC.), 'HIO' (WESTERN ASSET HIGH INCOME OPPORTUNITY FUND INC.)
  Tip: Search by name with find_company("...") or pass a CIK directly.
2026-06-16 16:19:55,296 | INFO     | src.fetcher | Processing 40/172: CSWI
2026-06-16 16:19:55,303 | WARNING  | src.fetcher | CSWI — attempt 1 failed: Company not found: 'CSWI'
  Tip: Search by name with find_company("...") or pass a CIK directly.. Retrying...
2026-06-16 16:19:56,316 | WARNING  | src.fetcher | CSWI — attempt 2 failed: Company not found: 'CSWI'
  Tip: Search by name with find_company("...") or pass a CIK directly.. Retrying...
2026-06-16 16:19:58,332 | ERROR    | src.fetcher | CSWI — failed after 3 retries: Company not found: 'CSWI'
  Tip: Search by name with find_company("...") or pass a CIK directly.
2026-06-16 16:19:58,339 | INFO     | src.fetcher | Processing 41/172: NVT
2026-06-16 16:20:04,346 | WARNING  | src.fetcher | NVT — yfinance market cap/EV lookup failed: Too Many Requests. Rate limited. Try after a while.. Leaving market data as None.
2026-06-16 16:20:04,349 | INFO     | src.fetcher | Processing 42/172: TRMK
2026-06-16 16:20:05,931 | WARNING  | src.fetcher | TRMK — Revenue not available from EDGAR XBRL, setting None
2026-06-16 16:20:05,932 | WARNING  | src.fetcher | TRMK — EBITDA not available (operating income or D&A missing), setting None
2026-06-16 16:20:05,932 | WARNING  | src.fetcher | TRMK — gross profit not available from EDGAR XBRL, setting None
2026-06-16 16:20:18,705 | WARNING  | src.fetcher | TRMK — yfinance market cap/EV lookup failed: Too Many Requests. Rate limited. Try after a while.. Leaving market data as None.
2026-06-16 16:20:18,706 | INFO     | src.fetcher | Processing 43/172: DXPE
2026-06-16 16:20:25,893 | WARNING  | src.fetcher | DXPE — yfinance market cap/EV lookup failed: Too Many Requests. Rate limited. Try after a while.. Leaving market data as None.
2026-06-16 16:20:25,896 | INFO     | src.fetcher | Processing 44/172: CAT
2026-06-16 16:20:25,898 | INFO     | src.fetcher | CAT — loaded from cache
2026-06-16 16:20:25,898 | INFO     | src.fetcher | Processing 45/172: DE
2026-06-16 16:20:27,133 | WARNING  | src.fetcher | DE — EBITDA not available (operating income or D&A missing), setting None
2026-06-16 16:20:36,203 | WARNING  | src.fetcher | DE — yfinance market cap/EV lookup failed: Too Many Requests. Rate limited. Try after a while.. Leaving market data as None.
2026-06-16 16:20:36,204 | INFO     | src.fetcher | Processing 46/172: PCAR
2026-06-16 16:20:37,482 | WARNING  | src.fetcher | PCAR — EBITDA not available (operating income or D&A missing), setting None
2026-06-16 16:20:48,552 | WARNING  | src.fetcher | PCAR — yfinance market cap/EV lookup failed: Too Many Requests. Rate limited. Try after a while.. Leaving market data as None.
2026-06-16 16:20:48,554 | INFO     | src.fetcher | Processing 47/172: CMI
2026-06-16 16:20:57,714 | WARNING  | src.fetcher | CMI — yfinance market cap/EV lookup failed: Too Many Requests. Rate limited. Try after a while.. Leaving market data as None.
2026-06-16 16:20:57,716 | INFO     | src.fetcher | Processing 48/172: DOV
2026-06-16 16:21:04,945 | WARNING  | src.fetcher | DOV — yfinance market cap/EV lookup failed: Too Many Requests. Rate limited. Try after a while.. Leaving market data as None.
2026-06-16 16:21:04,947 | INFO     | src.fetcher | Processing 49/172: AOS
2026-06-16 16:21:05,656 | WARNING  | src.fetcher | AOS — EBITDA not available (operating income or D&A missing), setting None
2026-06-16 16:21:10,568 | WARNING  | src.fetcher | AOS — yfinance market cap/EV lookup failed: Too Many Requests. Rate limited. Try after a while.. Leaving market data as None.
2026-06-16 16:21:10,570 | INFO     | src.fetcher | Processing 50/172: ALLE
2026-06-16 16:21:16,688 | WARNING  | src.fetcher | ALLE — yfinance market cap/EV lookup failed: Too Many Requests. Rate limited. Try after a while.. Leaving market data as None.
2026-06-16 16:21:16,689 | INFO     | src.fetcher | Processing 51/172: MAS
2026-06-16 16:21:22,899 | WARNING  | src.fetcher | MAS — yfinance market cap/EV lookup failed: Too Many Requests. Rate limited. Try after a while.. Leaving market data as None.
2026-06-16 16:21:22,901 | INFO     | src.fetcher | Processing 52/172: JCI
2026-06-16 16:21:23,867 | WARNING  | src.fetcher | JCI — EBITDA not available (operating income or D&A missing), setting None
2026-06-16 16:21:31,356 | WARNING  | src.fetcher | JCI — yfinance market cap/EV lookup failed: Too Many Requests. Rate limited. Try after a while.. Leaving market data as None.
2026-06-16 16:21:31,357 | INFO     | src.fetcher | Processing 53/172: LII
2026-06-16 16:21:38,929 | WARNING  | src.fetcher | LII — yfinance market cap/EV lookup failed: Too Many Requests. Rate limited. Try after a while.. Leaving market data as None.
2026-06-16 16:21:38,931 | INFO     | src.fetcher | Processing 54/172: PWR
2026-06-16 16:21:46,377 | WARNING  | src.fetcher | PWR — yfinance market cap/EV lookup failed: Too Many Requests. Rate limited. Try after a while.. Leaving market data as None.
2026-06-16 16:21:46,379 | INFO     | src.fetcher | Processing 55/172: FAST
2026-06-16 16:21:51,821 | WARNING  | src.fetcher | FAST — yfinance market cap/EV lookup failed: Too Many Requests. Rate limited. Try after a while.. Leaving market data as None.
2026-06-16 16:21:51,824 | INFO     | src.fetcher | Processing 56/172: GWW
2026-06-16 16:21:56,773 | WARNING  | src.fetcher | GWW — yfinance market cap/EV lookup failed: Too Many Requests. Rate limited. Try after a while.. Leaving market data as None.
2026-06-16 16:21:56,775 | INFO     | src.fetcher | Processing 57/172: WSO
2026-06-16 16:22:01,250 | WARNING  | src.fetcher | WSO — yfinance market cap/EV lookup failed: Too Many Requests. Rate limited. Try after a while.. Leaving market data as None.
2026-06-16 16:22:01,251 | INFO     | src.fetcher | Processing 58/172: AIT
2026-06-16 16:22:06,846 | WARNING  | src.fetcher | AIT — yfinance market cap/EV lookup failed: Too Many Requests. Rate limited. Try after a while.. Leaving market data as None.
2026-06-16 16:22:06,848 | INFO     | src.fetcher | Processing 59/172: MSM
2026-06-16 16:22:12,097 | WARNING  | src.fetcher | MSM — yfinance market cap/EV lookup failed: Too Many Requests. Rate limited. Try after a while.. Leaving market data as None.
2026-06-16 16:22:12,098 | INFO     | src.fetcher | Processing 60/172: SITE
2026-06-16 16:22:12,816 | WARNING  | src.fetcher | SITE — EBITDA not available (operating income or D&A missing), setting None
2026-06-16 16:22:18,019 | WARNING  | src.fetcher | SITE — yfinance market cap/EV lookup failed: Too Many Requests. Rate limited. Try after a while.. Leaving market data as None.
2026-06-16 16:22:18,021 | INFO     | src.fetcher | Processing 61/172: BLDR
2026-06-16 16:22:24,119 | WARNING  | src.fetcher | BLDR — yfinance market cap/EV lookup failed: Too Many Requests. Rate limited. Try after a while.. Leaving market data as None.
2026-06-16 16:22:24,122 | INFO     | src.fetcher | Processing 62/172: EXP
2026-06-16 16:22:25,975 | WARNING  | src.fetcher | EXP — EBITDA not available (operating income or D&A missing), setting None
2026-06-16 16:22:37,841 | WARNING  | src.fetcher | EXP — yfinance market cap/EV lookup failed: Too Many Requests. Rate limited. Try after a while.. Leaving market data as None.
2026-06-16 16:22:37,843 | INFO     | src.fetcher | Processing 63/172: VMC
2026-06-16 16:22:45,460 | WARNING  | src.fetcher | VMC — yfinance market cap/EV lookup failed: Too Many Requests. Rate limited. Try after a while.. Leaving market data as None.
2026-06-16 16:22:45,461 | INFO     | src.fetcher | Processing 64/172: MLM
2026-06-16 16:22:54,072 | WARNING  | src.fetcher | MLM — yfinance market cap/EV lookup failed: Too Many Requests. Rate limited. Try after a while.. Leaving market data as None.
2026-06-16 16:22:54,076 | INFO     | src.fetcher | Processing 65/172: NUE
2026-06-16 16:22:55,059 | WARNING  | src.fetcher | NUE — EBITDA not available (operating income or D&A missing), setting None
2026-06-16 16:23:01,894 | WARNING  | src.fetcher | NUE — yfinance market cap/EV lookup failed: Too Many Requests. Rate limited. Try after a while.. Leaving market data as None.
2026-06-16 16:23:01,896 | INFO     | src.fetcher | Processing 66/172: STLD
2026-06-16 16:23:09,055 | WARNING  | src.fetcher | STLD — yfinance market cap/EV lookup failed: Too Many Requests. Rate limited. Try after a while.. Leaving market data as None.
2026-06-16 16:23:09,057 | INFO     | src.fetcher | Processing 67/172: X
2026-06-16 16:23:09,069 | WARNING  | src.fetcher | X — attempt 1 failed: Company not found: 'X'
  Similar: 'XP' (XP Inc.), 'XE' (X-Energy, Inc.), 'XZO' (Exzeo Group, Inc.)
  Tip: Search by name with find_company("...") or pass a CIK directly.. Retrying...
2026-06-16 16:23:10,086 | WARNING  | src.fetcher | X — attempt 2 failed: Company not found: 'X'
  Similar: 'XP' (XP Inc.), 'XE' (X-Energy, Inc.), 'XZO' (Exzeo Group, Inc.)
  Tip: Search by name with find_company("...") or pass a CIK directly.. Retrying...
2026-06-16 16:23:12,095 | ERROR    | src.fetcher | X — failed after 3 retries: Company not found: 'X'
  Similar: 'XP' (XP Inc.), 'XE' (X-Energy, Inc.), 'XZO' (Exzeo Group, Inc.)
  Tip: Search by name with find_company("...") or pass a CIK directly.
2026-06-16 16:23:12,097 | INFO     | src.fetcher | Processing 68/172: CLF
2026-06-16 16:23:19,756 | WARNING  | src.fetcher | CLF — yfinance market cap/EV lookup failed: Too Many Requests. Rate limited. Try after a while.. Leaving market data as None.
2026-06-16 16:23:19,757 | WARNING  | src.fetcher | CLF — gross_margin outlier (2.046211714132187), setting None
2026-06-16 16:23:19,758 | INFO     | src.fetcher | Processing 69/172: RS
2026-06-16 16:23:26,430 | WARNING  | src.fetcher | RS — yfinance market cap/EV lookup failed: Too Many Requests. Rate limited. Try after a while.. Leaving market data as None.
2026-06-16 16:23:26,430 | INFO     | src.fetcher | Processing 70/172: ATI
2026-06-16 16:23:33,836 | WARNING  | src.fetcher | ATI — yfinance market cap/EV lookup failed: Too Many Requests. Rate limited. Try after a while.. Leaving market data as None.
2026-06-16 16:23:33,838 | INFO     | src.fetcher | Processing 71/172: CRS
2026-06-16 16:23:41,176 | WARNING  | src.fetcher | CRS — yfinance market cap/EV lookup failed: Too Many Requests. Rate limited. Try after a while.. Leaving market data as None.
2026-06-16 16:23:41,177 | INFO     | src.fetcher | Processing 72/172: KMT
2026-06-16 16:23:47,332 | WARNING  | src.fetcher | KMT — yfinance market cap/EV lookup failed: Too Many Requests. Rate limited. Try after a while.. Leaving market data as None.
2026-06-16 16:23:47,334 | INFO     | src.fetcher | Processing 73/172: FLS
2026-06-16 16:23:54,737 | WARNING  | src.fetcher | FLS — yfinance market cap/EV lookup failed: Too Many Requests. Rate limited. Try after a while.. Leaving market data as None.
2026-06-16 16:23:54,739 | INFO     | src.fetcher | Processing 74/172: CR
2026-06-16 16:24:01,734 | WARNING  | src.fetcher | CR — yfinance market cap/EV lookup failed: Too Many Requests. Rate limited. Try after a while.. Leaving market data as None.
2026-06-16 16:24:01,736 | INFO     | src.fetcher | Processing 75/172: DCI
2026-06-16 16:24:08,653 | WARNING  | src.fetcher | DCI — yfinance market cap/EV lookup failed: Too Many Requests. Rate limited. Try after a while.. Leaving market data as None.
2026-06-16 16:24:08,655 | INFO     | src.fetcher | Processing 76/172: GTLS
2026-06-16 16:24:15,807 | WARNING  | src.fetcher | GTLS — yfinance market cap/EV lookup failed: Too Many Requests. Rate limited. Try after a while.. Leaving market data as None.
2026-06-16 16:24:15,808 | INFO     | src.fetcher | Processing 77/172: CFX
2026-06-16 16:24:15,819 | WARNING  | src.fetcher | CFX — attempt 1 failed: Company not found: 'CFX'
  Tip: Search by name with find_company("...") or pass a CIK directly.. Retrying...
2026-06-16 16:24:16,829 | WARNING  | src.fetcher | CFX — attempt 2 failed: Company not found: 'CFX'
  Tip: Search by name with find_company("...") or pass a CIK directly.. Retrying...
2026-06-16 16:24:18,841 | ERROR    | src.fetcher | CFX — failed after 3 retries: Company not found: 'CFX'
  Tip: Search by name with find_company("...") or pass a CIK directly.
2026-06-16 16:24:18,858 | INFO     | src.fetcher | Processing 78/172: HEES
2026-06-16 16:24:18,864 | WARNING  | src.fetcher | HEES — attempt 1 failed: Company not found: 'HEES'
  Tip: Search by name with find_company("...") or pass a CIK directly.. Retrying...
2026-06-16 16:24:19,874 | WARNING  | src.fetcher | HEES — attempt 2 failed: Company not found: 'HEES'
  Tip: Search by name with find_company("...") or pass a CIK directly.. Retrying...
2026-06-16 16:24:21,881 | ERROR    | src.fetcher | HEES — failed after 3 retries: Company not found: 'HEES'
  Tip: Search by name with find_company("...") or pass a CIK directly.
2026-06-16 16:24:21,882 | INFO     | src.fetcher | Processing 79/172: TKR
2026-06-16 16:24:29,943 | WARNING  | src.fetcher | TKR — yfinance market cap/EV lookup failed: Too Many Requests. Rate limited. Try after a while.. Leaving market data as None.
2026-06-16 16:24:29,945 | INFO     | src.fetcher | Processing 80/172: ROLL
2026-06-16 16:24:30,059 | WARNING  | src.fetcher | ROLL — attempt 1 failed: Company not found: 'ROLL'
  Similar: 'ROL' (ROLLINS INC)
  Tip: Search by name with find_company("...") or pass a CIK directly.. Retrying...
2026-06-16 16:24:31,073 | WARNING  | src.fetcher | ROLL — attempt 2 failed: Company not found: 'ROLL'
  Similar: 'ROL' (ROLLINS INC)
  Tip: Search by name with find_company("...") or pass a CIK directly.. Retrying...
2026-06-16 16:24:33,087 | ERROR    | src.fetcher | ROLL — failed after 3 retries: Company not found: 'ROLL'
  Similar: 'ROL' (ROLLINS INC)
  Tip: Search by name with find_company("...") or pass a CIK directly.
2026-06-16 16:24:33,088 | INFO     | src.fetcher | Processing 81/172: B
2026-06-16 16:24:33,335 | WARNING  | src.fetcher | B — attempt 1 failed: 'NoneType' object has no attribute 'to_dataframe'. Retrying...
2026-06-16 16:24:34,615 | WARNING  | src.fetcher | B — attempt 2 failed: 'NoneType' object has no attribute 'to_dataframe'. Retrying...
2026-06-16 16:24:36,713 | ERROR    | src.fetcher | B — failed after 3 retries: 'NoneType' object has no attribute 'to_dataframe'
2026-06-16 16:24:36,714 | INFO     | src.fetcher | Processing 82/172: WCC
2026-06-16 16:24:43,570 | WARNING  | src.fetcher | WCC — yfinance market cap/EV lookup failed: Too Many Requests. Rate limited. Try after a while.. Leaving market data as None.
2026-06-16 16:24:43,571 | INFO     | src.fetcher | Processing 83/172: AYI
2026-06-16 16:24:49,995 | WARNING  | src.fetcher | AYI — yfinance market cap/EV lookup failed: Too Many Requests. Rate limited. Try after a while.. Leaving market data as None.
2026-06-16 16:24:49,996 | INFO     | src.fetcher | Processing 84/172: HUBB
2026-06-16 16:24:57,846 | WARNING  | src.fetcher | HUBB — yfinance market cap/EV lookup failed: Too Many Requests. Rate limited. Try after a while.. Leaving market data as None.
2026-06-16 16:24:57,848 | INFO     | src.fetcher | Processing 85/172: POWL
2026-06-16 16:25:03,213 | WARNING  | src.fetcher | POWL — yfinance market cap/EV lookup failed: Too Many Requests. Rate limited. Try after a while.. Leaving market data as None.
2026-06-16 16:25:03,214 | INFO     | src.fetcher | Processing 86/172: THR
2026-06-16 16:25:09,282 | WARNING  | src.fetcher | THR — yfinance market cap/EV lookup failed: Too Many Requests. Rate limited. Try after a while.. Leaving market data as None.
2026-06-16 16:25:09,283 | INFO     | src.fetcher | Processing 87/172: MWA
2026-06-16 16:25:15,845 | WARNING  | src.fetcher | MWA — yfinance market cap/EV lookup failed: Too Many Requests. Rate limited. Try after a while.. Leaving market data as None.
2026-06-16 16:25:15,846 | INFO     | src.fetcher | Processing 88/172: AWI
2026-06-16 16:25:24,011 | WARNING  | src.fetcher | AWI — yfinance market cap/EV lookup failed: Too Many Requests. Rate limited. Try after a while.. Leaving market data as None.
2026-06-16 16:25:24,013 | INFO     | src.fetcher | Processing 89/172: JBT
2026-06-16 16:25:24,019 | WARNING  | src.fetcher | JBT — attempt 1 failed: Company not found: 'JBT'
  Similar: 'JBTM' (JBT MAREL Corp)
  Tip: Search by name with find_company("...") or pass a CIK directly.. Retrying...
2026-06-16 16:25:25,033 | WARNING  | src.fetcher | JBT — attempt 2 failed: Company not found: 'JBT'
  Similar: 'JBTM' (JBT MAREL Corp)
  Tip: Search by name with find_company("...") or pass a CIK directly.. Retrying...
2026-06-16 16:25:27,045 | ERROR    | src.fetcher | JBT — failed after 3 retries: Company not found: 'JBT'
  Similar: 'JBTM' (JBT MAREL Corp)
  Tip: Search by name with find_company("...") or pass a CIK directly.
2026-06-16 16:25:27,046 | INFO     | src.fetcher | Processing 90/172: GGG
2026-06-16 16:25:34,287 | WARNING  | src.fetcher | GGG — yfinance market cap/EV lookup failed: Too Many Requests. Rate limited. Try after a while.. Leaving market data as None.
2026-06-16 16:25:34,288 | INFO     | src.fetcher | Processing 91/172: SPXC
2026-06-16 16:25:41,378 | WARNING  | src.fetcher | SPXC — yfinance market cap/EV lookup failed: Too Many Requests. Rate limited. Try after a while.. Leaving market data as None.
2026-06-16 16:25:41,380 | INFO     | src.fetcher | Processing 92/172: CIR
2026-06-16 16:25:41,386 | WARNING  | src.fetcher | CIR — attempt 1 failed: Company not found: 'CIR'
  Similar: 'CIRX' (CIRTRAN CORP), 'CRUS' (CIRRUS LOGIC, INC.)
  Tip: Search by name with find_company("...") or pass a CIK directly.. Retrying...
2026-06-16 16:25:42,402 | WARNING  | src.fetcher | CIR — attempt 2 failed: Company not found: 'CIR'
  Similar: 'CIRX' (CIRTRAN CORP), 'CRUS' (CIRRUS LOGIC, INC.)
  Tip: Search by name with find_company("...") or pass a CIK directly.. Retrying...
2026-06-16 16:25:44,415 | ERROR    | src.fetcher | CIR — failed after 3 retries: Company not found: 'CIR'
  Similar: 'CIRX' (CIRTRAN CORP), 'CRUS' (CIRRUS LOGIC, INC.)
  Tip: Search by name with find_company("...") or pass a CIK directly.
2026-06-16 16:25:44,417 | INFO     | src.fetcher | Processing 93/172: CSL
2026-06-16 16:25:50,316 | WARNING  | src.fetcher | CSL — yfinance market cap/EV lookup failed: Too Many Requests. Rate limited. Try after a while.. Leaving market data as None.
2026-06-16 16:25:50,318 | INFO     | src.fetcher | Processing 94/172: EME
2026-06-16 16:25:57,062 | WARNING  | src.fetcher | EME — yfinance market cap/EV lookup failed: Too Many Requests. Rate limited. Try after a while.. Leaving market data as None.
2026-06-16 16:25:57,063 | INFO     | src.fetcher | Processing 95/172: MTZ
2026-06-16 16:25:58,062 | WARNING  | src.fetcher | MTZ — EBITDA not available (operating income or D&A missing), setting None
2026-06-16 16:26:03,535 | WARNING  | src.fetcher | MTZ — yfinance market cap/EV lookup failed: Too Many Requests. Rate limited. Try after a while.. Leaving market data as None.
2026-06-16 16:26:03,537 | INFO     | src.fetcher | Processing 96/172: BMI
2026-06-16 16:26:09,684 | WARNING  | src.fetcher | BMI — yfinance market cap/EV lookup failed: Too Many Requests. Rate limited. Try after a while.. Leaving market data as None.
2026-06-16 16:26:09,685 | INFO     | src.fetcher | Processing 97/172: NDSN
2026-06-16 16:26:15,522 | WARNING  | src.fetcher | NDSN — yfinance market cap/EV lookup failed: Too Many Requests. Rate limited. Try after a while.. Leaving market data as None.
2026-06-16 16:26:15,524 | INFO     | src.fetcher | Processing 98/172: AAON
2026-06-16 16:26:21,270 | WARNING  | src.fetcher | AAON — yfinance market cap/EV lookup failed: Too Many Requests. Rate limited. Try after a while.. Leaving market data as None.
2026-06-16 16:26:21,272 | INFO     | src.fetcher | Processing 99/172: LECO
2026-06-16 16:26:28,812 | WARNING  | src.fetcher | LECO — yfinance market cap/EV lookup failed: Too Many Requests. Rate limited. Try after a while.. Leaving market data as None.
2026-06-16 16:26:28,815 | INFO     | src.fetcher | Processing 100/172: KAMN
2026-06-16 16:26:28,824 | WARNING  | src.fetcher | KAMN — attempt 1 failed: Company not found: 'KAMN'
  Tip: Search by name with find_company("...") or pass a CIK directly.. Retrying...
2026-06-16 16:26:29,838 | WARNING  | src.fetcher | KAMN — attempt 2 failed: Company not found: 'KAMN'
  Tip: Search by name with find_company("...") or pass a CIK directly.. Retrying...
2026-06-16 16:26:31,854 | ERROR    | src.fetcher | KAMN — failed after 3 retries: Company not found: 'KAMN'
  Tip: Search by name with find_company("...") or pass a CIK directly.
2026-06-16 16:26:31,856 | INFO     | src.fetcher | Processing 101/172: CW
2026-06-16 16:26:38,012 | WARNING  | src.fetcher | CW — yfinance market cap/EV lookup failed: Too Many Requests. Rate limited. Try after a while.. Leaving market data as None.
2026-06-16 16:26:38,013 | INFO     | src.fetcher | Processing 102/172: HXL
2026-06-16 16:26:44,700 | WARNING  | src.fetcher | HXL — yfinance market cap/EV lookup failed: Too Many Requests. Rate limited. Try after a while.. Leaving market data as None.
2026-06-16 16:26:44,701 | INFO     | src.fetcher | Processing 103/172: TXT
2026-06-16 16:26:45,512 | WARNING  | src.fetcher | TXT — EBITDA not available (operating income or D&A missing), setting None
2026-06-16 16:26:51,265 | WARNING  | src.fetcher | TXT — yfinance market cap/EV lookup failed: Too Many Requests. Rate limited. Try after a while.. Leaving market data as None.
2026-06-16 16:26:51,267 | INFO     | src.fetcher | Processing 104/172: SPR
2026-06-16 16:26:51,274 | WARNING  | src.fetcher | SPR — attempt 1 failed: Company not found: 'SPR'
  Similar: 'SPRU' (SPRUCE POWER HOLDING CORP), 'SPRS' (SURGE COMPONENTS INC), 'SPRO' (Spero Therapeutics, Inc.)
  Tip: Search by name with find_company("...") or pass a CIK directly.. Retrying...
2026-06-16 16:26:52,291 | WARNING  | src.fetcher | SPR — attempt 2 failed: Company not found: 'SPR'
  Similar: 'SPRU' (SPRUCE POWER HOLDING CORP), 'SPRS' (SURGE COMPONENTS INC), 'SPRO' (Spero Therapeutics, Inc.)
  Tip: Search by name with find_company("...") or pass a CIK directly.. Retrying...
2026-06-16 16:26:54,307 | ERROR    | src.fetcher | SPR — failed after 3 retries: Company not found: 'SPR'
  Similar: 'SPRU' (SPRUCE POWER HOLDING CORP), 'SPRS' (SURGE COMPONENTS INC), 'SPRO' (Spero Therapeutics, Inc.)
  Tip: Search by name with find_company("...") or pass a CIK directly.
2026-06-16 16:26:54,307 | INFO     | src.fetcher | Processing 105/172: ABT
2026-06-16 16:27:00,590 | WARNING  | src.fetcher | ABT — yfinance market cap/EV lookup failed: Too Many Requests. Rate limited. Try after a while.. Leaving market data as None.
2026-06-16 16:27:00,592 | INFO     | src.fetcher | Processing 106/172: MDT
2026-06-16 16:27:08,814 | WARNING  | src.fetcher | MDT — yfinance market cap/EV lookup failed: Too Many Requests. Rate limited. Try after a while.. Leaving market data as None.
2026-06-16 16:27:08,816 | INFO     | src.fetcher | Processing 107/172: SYK
2026-06-16 16:27:18,781 | WARNING  | src.fetcher | SYK — yfinance market cap/EV lookup failed: Too Many Requests. Rate limited. Try after a while.. Leaving market data as None.
2026-06-16 16:27:18,783 | INFO     | src.fetcher | Processing 108/172: BSX
2026-06-16 16:27:25,793 | WARNING  | src.fetcher | BSX — yfinance market cap/EV lookup failed: Too Many Requests. Rate limited. Try after a while.. Leaving market data as None.
2026-06-16 16:27:25,795 | INFO     | src.fetcher | Processing 109/172: ZBH
2026-06-16 16:27:35,018 | WARNING  | src.fetcher | ZBH — yfinance market cap/EV lookup failed: Too Many Requests. Rate limited. Try after a while.. Leaving market data as None.
2026-06-16 16:27:35,020 | INFO     | src.fetcher | Processing 110/172: EW
2026-06-16 16:27:42,340 | WARNING  | src.fetcher | EW — yfinance market cap/EV lookup failed: Too Many Requests. Rate limited. Try after a while.. Leaving market data as None.
2026-06-16 16:27:42,340 | INFO     | src.fetcher | Processing 111/172: HOLX
2026-06-16 16:27:42,347 | WARNING  | src.fetcher | HOLX — attempt 1 failed: Company not found: 'HOLX'
  Tip: Search by name with find_company("...") or pass a CIK directly.. Retrying...
2026-06-16 16:27:43,359 | WARNING  | src.fetcher | HOLX — attempt 2 failed: Company not found: 'HOLX'
  Tip: Search by name with find_company("...") or pass a CIK directly.. Retrying...
2026-06-16 16:27:45,377 | ERROR    | src.fetcher | HOLX — failed after 3 retries: Company not found: 'HOLX'
  Tip: Search by name with find_company("...") or pass a CIK directly.
2026-06-16 16:27:45,388 | INFO     | src.fetcher | Processing 112/172: DXCM
2026-06-16 16:27:51,804 | WARNING  | src.fetcher | DXCM — yfinance market cap/EV lookup failed: Too Many Requests. Rate limited. Try after a while.. Leaving market data as None.
2026-06-16 16:27:51,806 | INFO     | src.fetcher | Processing 113/172: ISRG
2026-06-16 16:27:52,554 | WARNING  | src.fetcher | ISRG — EBITDA not available (operating income or D&A missing), setting None
2026-06-16 16:27:58,537 | WARNING  | src.fetcher | ISRG — yfinance market cap/EV lookup failed: Too Many Requests. Rate limited. Try after a while.. Leaving market data as None.
2026-06-16 16:27:58,539 | INFO     | src.fetcher | Processing 114/172: RMD
2026-06-16 16:28:04,524 | WARNING  | src.fetcher | RMD — yfinance market cap/EV lookup failed: Too Many Requests. Rate limited. Try after a while.. Leaving market data as None.
2026-06-16 16:28:04,525 | INFO     | src.fetcher | Processing 115/172: BAX
2026-06-16 16:28:12,332 | WARNING  | src.fetcher | BAX — yfinance market cap/EV lookup failed: Too Many Requests. Rate limited. Try after a while.. Leaving market data as None.
2026-06-16 16:28:12,335 | INFO     | src.fetcher | Processing 116/172: BDX
2026-06-16 16:28:19,582 | WARNING  | src.fetcher | BDX — yfinance market cap/EV lookup failed: Too Many Requests. Rate limited. Try after a while.. Leaving market data as None.
2026-06-16 16:28:19,583 | INFO     | src.fetcher | Processing 117/172: HAE
2026-06-16 16:28:26,112 | WARNING  | src.fetcher | HAE — yfinance market cap/EV lookup failed: Too Many Requests. Rate limited. Try after a while.. Leaving market data as None.
2026-06-16 16:28:26,115 | INFO     | src.fetcher | Processing 118/172: ICUI
2026-06-16 16:28:32,885 | WARNING  | src.fetcher | ICUI — yfinance market cap/EV lookup failed: Too Many Requests. Rate limited. Try after a while.. Leaving market data as None.
2026-06-16 16:28:32,886 | INFO     | src.fetcher | Processing 119/172: AMED
2026-06-16 16:28:32,894 | WARNING  | src.fetcher | AMED — attempt 1 failed: Company not found: 'AMED'
  Tip: Search by name with find_company("...") or pass a CIK directly.. Retrying...
2026-06-16 16:28:33,911 | WARNING  | src.fetcher | AMED — attempt 2 failed: Company not found: 'AMED'
  Tip: Search by name with find_company("...") or pass a CIK directly.. Retrying...
2026-06-16 16:28:35,929 | ERROR    | src.fetcher | AMED — failed after 3 retries: Company not found: 'AMED'
  Tip: Search by name with find_company("...") or pass a CIK directly.
2026-06-16 16:28:35,932 | INFO     | src.fetcher | Processing 120/172: NVCR
2026-06-16 16:28:42,103 | WARNING  | src.fetcher | NVCR — yfinance market cap/EV lookup failed: Too Many Requests. Rate limited. Try after a while.. Leaving market data as None.
2026-06-16 16:28:42,105 | INFO     | src.fetcher | Processing 121/172: RGEN
2026-06-16 16:28:49,028 | WARNING  | src.fetcher | RGEN — yfinance market cap/EV lookup failed: Too Many Requests. Rate limited. Try after a while.. Leaving market data as None.
2026-06-16 16:28:49,030 | INFO     | src.fetcher | Processing 122/172: IART
2026-06-16 16:28:55,639 | WARNING  | src.fetcher | IART — yfinance market cap/EV lookup failed: Too Many Requests. Rate limited. Try after a while.. Leaving market data as None.
2026-06-16 16:28:55,640 | INFO     | src.fetcher | Processing 123/172: MMSI
2026-06-16 16:29:03,189 | WARNING  | src.fetcher | MMSI — yfinance market cap/EV lookup failed: Too Many Requests. Rate limited. Try after a while.. Leaving market data as None.
2026-06-16 16:29:03,190 | INFO     | src.fetcher | Processing 124/172: PEN
2026-06-16 16:29:09,611 | WARNING  | src.fetcher | PEN — yfinance market cap/EV lookup failed: Too Many Requests. Rate limited. Try after a while.. Leaving market data as None.
2026-06-16 16:29:09,613 | INFO     | src.fetcher | Processing 125/172: OSIS
2026-06-16 16:29:16,213 | WARNING  | src.fetcher | OSIS — yfinance market cap/EV lookup failed: Too Many Requests. Rate limited. Try after a while.. Leaving market data as None.
2026-06-16 16:29:16,213 | INFO     | src.fetcher | Processing 126/172: ATRC
2026-06-16 16:29:21,577 | WARNING  | src.fetcher | ATRC — yfinance market cap/EV lookup failed: Too Many Requests. Rate limited. Try after a while.. Leaving market data as None.
2026-06-16 16:29:21,579 | INFO     | src.fetcher | Processing 127/172: NTRA
2026-06-16 16:29:28,268 | WARNING  | src.fetcher | NTRA — yfinance market cap/EV lookup failed: Too Many Requests. Rate limited. Try after a while.. Leaving market data as None.
2026-06-16 16:29:28,269 | INFO     | src.fetcher | Processing 128/172: INSP
2026-06-16 16:29:34,747 | WARNING  | src.fetcher | INSP — yfinance market cap/EV lookup failed: Too Many Requests. Rate limited. Try after a while.. Leaving market data as None.
2026-06-16 16:29:34,776 | INFO     | src.fetcher | Processing 129/172: SWAV
2026-06-16 16:29:34,804 | WARNING  | src.fetcher | SWAV — attempt 1 failed: Company not found: 'SWAV'
  Tip: Search by name with find_company("...") or pass a CIK directly.. Retrying...
2026-06-16 16:29:35,821 | WARNING  | src.fetcher | SWAV — attempt 2 failed: Company not found: 'SWAV'
  Tip: Search by name with find_company("...") or pass a CIK directly.. Retrying...
2026-06-16 16:29:37,831 | ERROR    | src.fetcher | SWAV — failed after 3 retries: Company not found: 'SWAV'
  Tip: Search by name with find_company("...") or pass a CIK directly.
2026-06-16 16:29:37,834 | INFO     | src.fetcher | Processing 130/172: AXNX
2026-06-16 16:29:37,843 | WARNING  | src.fetcher | AXNX — attempt 1 failed: Company not found: 'AXNX'
  Tip: Search by name with find_company("...") or pass a CIK directly.. Retrying...
2026-06-16 16:29:38,852 | WARNING  | src.fetcher | AXNX — attempt 2 failed: Company not found: 'AXNX'
  Tip: Search by name with find_company("...") or pass a CIK directly.. Retrying...
2026-06-16 16:29:40,862 | ERROR    | src.fetcher | AXNX — failed after 3 retries: Company not found: 'AXNX'
  Tip: Search by name with find_company("...") or pass a CIK directly.
2026-06-16 16:29:40,862 | INFO     | src.fetcher | Processing 131/172: TNDM
2026-06-16 16:29:46,839 | WARNING  | src.fetcher | TNDM — yfinance market cap/EV lookup failed: Too Many Requests. Rate limited. Try after a while.. Leaving market data as None.
2026-06-16 16:29:46,840 | INFO     | src.fetcher | Processing 132/172: NVST
2026-06-16 16:29:53,545 | WARNING  | src.fetcher | NVST — yfinance market cap/EV lookup failed: Too Many Requests. Rate limited. Try after a while.. Leaving market data as None.
2026-06-16 16:29:53,546 | INFO     | src.fetcher | Processing 133/172: ALGN
2026-06-16 16:30:00,726 | WARNING  | src.fetcher | ALGN — yfinance market cap/EV lookup failed: Too Many Requests. Rate limited. Try after a while.. Leaving market data as None.
2026-06-16 16:30:00,727 | INFO     | src.fetcher | Processing 134/172: VRTX
2026-06-16 16:30:10,230 | WARNING  | src.fetcher | VRTX — yfinance market cap/EV lookup failed: Too Many Requests. Rate limited. Try after a while.. Leaving market data as None.
2026-06-16 16:30:10,232 | INFO     | src.fetcher | Processing 135/172: GMED
2026-06-16 16:30:16,347 | WARNING  | src.fetcher | GMED — yfinance market cap/EV lookup failed: Too Many Requests. Rate limited. Try after a while.. Leaving market data as None.
2026-06-16 16:30:16,349 | INFO     | src.fetcher | Processing 136/172: CNMD
2026-06-16 16:30:21,927 | WARNING  | src.fetcher | CNMD — yfinance market cap/EV lookup failed: Too Many Requests. Rate limited. Try after a while.. Leaving market data as None.
2026-06-16 16:30:21,929 | INFO     | src.fetcher | Processing 137/172: STE
2026-06-16 16:30:28,978 | WARNING  | src.fetcher | STE — yfinance market cap/EV lookup failed: Too Many Requests. Rate limited. Try after a while.. Leaving market data as None.
2026-06-16 16:30:28,980 | INFO     | src.fetcher | Processing 138/172: TFX
2026-06-16 16:30:35,291 | WARNING  | src.fetcher | TFX — yfinance market cap/EV lookup failed: Too Many Requests. Rate limited. Try after a while.. Leaving market data as None.
2026-06-16 16:30:35,292 | INFO     | src.fetcher | Processing 139/172: XRAY
2026-06-16 16:30:44,208 | WARNING  | src.fetcher | XRAY — yfinance market cap/EV lookup failed: Too Many Requests. Rate limited. Try after a while.. Leaving market data as None.
2026-06-16 16:30:44,212 | INFO     | src.fetcher | Processing 140/172: AAPL
2026-06-16 16:30:49,429 | WARNING  | src.fetcher | AAPL — yfinance market cap/EV lookup failed: Too Many Requests. Rate limited. Try after a while.. Leaving market data as None.
2026-06-16 16:30:49,431 | INFO     | src.fetcher | Processing 141/172: DELL
2026-06-16 16:30:57,106 | WARNING  | src.fetcher | DELL — yfinance market cap/EV lookup failed: Too Many Requests. Rate limited. Try after a while.. Leaving market data as None.
2026-06-16 16:30:57,108 | INFO     | src.fetcher | Processing 142/172: HPQ
2026-06-16 16:31:04,984 | WARNING  | src.fetcher | HPQ — yfinance market cap/EV lookup failed: Too Many Requests. Rate limited. Try after a while.. Leaving market data as None.
2026-06-16 16:31:04,986 | INFO     | src.fetcher | Processing 143/172: HPE
2026-06-16 16:31:13,744 | WARNING  | src.fetcher | HPE — yfinance market cap/EV lookup failed: Too Many Requests. Rate limited. Try after a while.. Leaving market data as None.
2026-06-16 16:31:13,747 | INFO     | src.fetcher | Processing 144/172: NTAP
2026-06-16 16:31:21,580 | WARNING  | src.fetcher | NTAP — yfinance market cap/EV lookup failed: Too Many Requests. Rate limited. Try after a while.. Leaving market data as None.
2026-06-16 16:31:21,582 | INFO     | src.fetcher | Processing 145/172: STX
2026-06-16 16:31:27,882 | WARNING  | src.fetcher | STX — yfinance market cap/EV lookup failed: Too Many Requests. Rate limited. Try after a while.. Leaving market data as None.
2026-06-16 16:31:27,884 | INFO     | src.fetcher | Processing 146/172: WDC
2026-06-16 16:31:34,835 | WARNING  | src.fetcher | WDC — yfinance market cap/EV lookup failed: Too Many Requests. Rate limited. Try after a while.. Leaving market data as None.
2026-06-16 16:31:34,837 | INFO     | src.fetcher | Processing 147/172: PSTG
2026-06-16 16:31:34,844 | WARNING  | src.fetcher | PSTG — attempt 1 failed: Company not found: 'PSTG'
  Tip: Search by name with find_company("...") or pass a CIK directly.. Retrying...
2026-06-16 16:31:35,861 | WARNING  | src.fetcher | PSTG — attempt 2 failed: Company not found: 'PSTG'
  Tip: Search by name with find_company("...") or pass a CIK directly.. Retrying...
2026-06-16 16:31:37,878 | ERROR    | src.fetcher | PSTG — failed after 3 retries: Company not found: 'PSTG'
  Tip: Search by name with find_company("...") or pass a CIK directly.
2026-06-16 16:31:37,880 | INFO     | src.fetcher | Processing 148/172: SMCI
2026-06-16 16:31:38,671 | WARNING  | src.fetcher | SMCI — EBITDA not available (operating income or D&A missing), setting None
2026-06-16 16:31:45,784 | WARNING  | src.fetcher | SMCI — yfinance market cap/EV lookup failed: Too Many Requests. Rate limited. Try after a while.. Leaving market data as None.
2026-06-16 16:31:45,787 | INFO     | src.fetcher | Processing 149/172: JNPR
2026-06-16 16:31:45,795 | WARNING  | src.fetcher | JNPR — attempt 1 failed: Company not found: 'JNPR'
  Tip: Search by name with find_company("...") or pass a CIK directly.. Retrying...
2026-06-16 16:31:46,812 | WARNING  | src.fetcher | JNPR — attempt 2 failed: Company not found: 'JNPR'
  Tip: Search by name with find_company("...") or pass a CIK directly.. Retrying...
2026-06-16 16:31:48,825 | ERROR    | src.fetcher | JNPR — failed after 3 retries: Company not found: 'JNPR'
  Tip: Search by name with find_company("...") or pass a CIK directly.
2026-06-16 16:31:48,826 | INFO     | src.fetcher | Processing 150/172: CSCO
2026-06-16 16:31:49,805 | WARNING  | src.fetcher | CSCO — EBITDA not available (operating income or D&A missing), setting None
2026-06-16 16:31:57,202 | WARNING  | src.fetcher | CSCO — yfinance market cap/EV lookup failed: Too Many Requests. Rate limited. Try after a while.. Leaving market data as None.
2026-06-16 16:31:57,205 | INFO     | src.fetcher | Processing 151/172: ANET
2026-06-16 16:32:03,833 | WARNING  | src.fetcher | ANET — yfinance market cap/EV lookup failed: Too Many Requests. Rate limited. Try after a while.. Leaving market data as None.
2026-06-16 16:32:03,835 | INFO     | src.fetcher | Processing 152/172: CIEN
2026-06-16 16:32:10,346 | WARNING  | src.fetcher | CIEN — yfinance market cap/EV lookup failed: Too Many Requests. Rate limited. Try after a while.. Leaving market data as None.
2026-06-16 16:32:10,346 | INFO     | src.fetcher | Processing 153/172: VIAV
2026-06-16 16:32:17,206 | WARNING  | src.fetcher | VIAV — yfinance market cap/EV lookup failed: Too Many Requests. Rate limited. Try after a while.. Leaving market data as None.
2026-06-16 16:32:17,207 | INFO     | src.fetcher | Processing 154/172: CLFD
2026-06-16 16:32:24,279 | WARNING  | src.fetcher | CLFD — yfinance market cap/EV lookup failed: Too Many Requests. Rate limited. Try after a while.. Leaving market data as None.
2026-06-16 16:32:24,288 | INFO     | src.fetcher | Processing 155/172: ATEN
2026-06-16 16:32:31,886 | WARNING  | src.fetcher | ATEN — yfinance market cap/EV lookup failed: Too Many Requests. Rate limited. Try after a while.. Leaving market data as None.
2026-06-16 16:32:31,887 | INFO     | src.fetcher | Processing 156/172: ARLO
2026-06-16 16:32:39,293 | WARNING  | src.fetcher | ARLO — yfinance market cap/EV lookup failed: Too Many Requests. Rate limited. Try after a while.. Leaving market data as None.
2026-06-16 16:32:39,294 | INFO     | src.fetcher | Processing 157/172: CALX
2026-06-16 16:32:45,138 | WARNING  | src.fetcher | CALX — yfinance market cap/EV lookup failed: Too Many Requests. Rate limited. Try after a while.. Leaving market data as None.
2026-06-16 16:32:45,141 | INFO     | src.fetcher | Processing 158/172: DIGI
2026-06-16 16:32:45,150 | WARNING  | src.fetcher | DIGI — attempt 1 failed: Company not found: 'DIGI'
  Similar: 'DGNX' (Diginex Ltd), 'DMRC' (Digimarc Corp), 'GENVR' (Gen Digital Inc.)
  Tip: Search by name with find_company("...") or pass a CIK directly.. Retrying...
2026-06-16 16:32:46,169 | WARNING  | src.fetcher | DIGI — attempt 2 failed: Company not found: 'DIGI'
  Similar: 'DGNX' (Diginex Ltd), 'DMRC' (Digimarc Corp), 'GENVR' (Gen Digital Inc.)
  Tip: Search by name with find_company("...") or pass a CIK directly.. Retrying...
2026-06-16 16:32:48,180 | ERROR    | src.fetcher | DIGI — failed after 3 retries: Company not found: 'DIGI'
  Similar: 'DGNX' (Diginex Ltd), 'DMRC' (Digimarc Corp), 'GENVR' (Gen Digital Inc.)
  Tip: Search by name with find_company("...") or pass a CIK directly.
2026-06-16 16:32:48,181 | INFO     | src.fetcher | Processing 159/172: LIQT
2026-06-16 16:32:53,186 | WARNING  | src.fetcher | LIQT — yfinance market cap/EV lookup failed: Too Many Requests. Rate limited. Try after a while.. Leaving market data as None.
2026-06-16 16:32:53,187 | INFO     | src.fetcher | Processing 160/172: PCTI
2026-06-16 16:32:53,196 | WARNING  | src.fetcher | PCTI — attempt 1 failed: Company not found: 'PCTI'
  Tip: Search by name with find_company("...") or pass a CIK directly.. Retrying...
2026-06-16 16:32:54,213 | WARNING  | src.fetcher | PCTI — attempt 2 failed: Company not found: 'PCTI'
  Tip: Search by name with find_company("...") or pass a CIK directly.. Retrying...
2026-06-16 16:32:56,227 | ERROR    | src.fetcher | PCTI — failed after 3 retries: Company not found: 'PCTI'
  Tip: Search by name with find_company("...") or pass a CIK directly.
2026-06-16 16:32:56,228 | INFO     | src.fetcher | Processing 161/172: SIFY
2026-06-16 16:32:57,580 | WARNING  | src.fetcher | SIFY — EBITDA not available (operating income or D&A missing), setting None
2026-06-16 16:33:00,695 | WARNING  | src.fetcher | SIFY — yfinance market cap/EV lookup failed: Too Many Requests. Rate limited. Try after a while.. Leaving market data as None.
2026-06-16 16:33:00,696 | INFO     | src.fetcher | Processing 162/172: SMSI
2026-06-16 16:33:05,508 | WARNING  | src.fetcher | SMSI — yfinance market cap/EV lookup failed: Too Many Requests. Rate limited. Try after a while.. Leaving market data as None.
2026-06-16 16:33:05,509 | WARNING  | src.fetcher | SMSI — ebitda_margin outlier (-1.359903242527213), setting None
2026-06-16 16:33:05,515 | INFO     | src.fetcher | Processing 163/172: SPOK
2026-06-16 16:33:11,727 | WARNING  | src.fetcher | SPOK — yfinance market cap/EV lookup failed: Too Many Requests. Rate limited. Try after a while.. Leaving market data as None.
2026-06-16 16:33:11,729 | INFO     | src.fetcher | Processing 164/172: SYNA
2026-06-16 16:33:17,493 | WARNING  | src.fetcher | SYNA — yfinance market cap/EV lookup failed: Too Many Requests. Rate limited. Try after a while.. Leaving market data as None.
2026-06-16 16:33:17,495 | INFO     | src.fetcher | Processing 165/172: TTEC
2026-06-16 16:33:18,462 | WARNING  | src.fetcher | TTEC — EBITDA not available (operating income or D&A missing), setting None
2026-06-16 16:33:18,463 | WARNING  | src.fetcher | TTEC — gross profit not available from EDGAR XBRL, setting None
2026-06-16 16:33:25,191 | WARNING  | src.fetcher | TTEC — yfinance market cap/EV lookup failed: Too Many Requests. Rate limited. Try after a while.. Leaving market data as None.
2026-06-16 16:33:25,192 | INFO     | src.fetcher | Processing 166/172: UTSI
2026-06-16 16:33:25,483 | WARNING  | src.fetcher | UTSI — attempt 1 failed: 'NoneType' object has no attribute 'to_dataframe'. Retrying...
2026-06-16 16:33:26,592 | WARNING  | src.fetcher | UTSI — attempt 2 failed: 'NoneType' object has no attribute 'to_dataframe'. Retrying...
2026-06-16 16:33:28,700 | ERROR    | src.fetcher | UTSI — failed after 3 retries: 'NoneType' object has no attribute 'to_dataframe'
2026-06-16 16:33:28,701 | INFO     | src.fetcher | Processing 167/172: VNET
2026-06-16 16:33:29,673 | WARNING  | src.fetcher | VNET — Revenue not available from EDGAR XBRL, setting None
2026-06-16 16:33:32,680 | WARNING  | src.fetcher | VNET — yfinance market cap/EV lookup failed: Too Many Requests. Rate limited. Try after a while.. Leaving market data as None.
2026-06-16 16:33:32,681 | INFO     | src.fetcher | Processing 168/172: GLW
2026-06-16 16:33:39,438 | WARNING  | src.fetcher | GLW — yfinance market cap/EV lookup failed: Too Many Requests. Rate limited. Try after a while.. Leaving market data as None.
2026-06-16 16:33:39,440 | INFO     | src.fetcher | Processing 169/172: TEL
2026-06-16 16:33:47,698 | WARNING  | src.fetcher | TEL — yfinance market cap/EV lookup failed: Too Many Requests. Rate limited. Try after a while.. Leaving market data as None.
2026-06-16 16:33:47,702 | INFO     | src.fetcher | Processing 170/172: APH
2026-06-16 16:33:55,915 | WARNING  | src.fetcher | APH — yfinance market cap/EV lookup failed: Too Many Requests. Rate limited. Try after a while.. Leaving market data as None.
2026-06-16 16:33:55,916 | INFO     | src.fetcher | Processing 171/172: KEYS
2026-06-16 16:34:03,045 | WARNING  | src.fetcher | KEYS — yfinance market cap/EV lookup failed: Too Many Requests. Rate limited. Try after a while.. Leaving market data as None.
2026-06-16 16:34:03,048 | INFO     | src.fetcher | Processing 172/172: FFIV
2026-06-16 16:34:08,791 | WARNING  | src.fetcher | FFIV — yfinance market cap/EV lookup failed: Too Many Requests. Rate limited. Try after a while.. Leaving market data as None.
2026-06-16 16:34:08,794 | INFO     | src.data_quality | Data quality report written to outputs/data_quality_report.txt
2026-06-16 17:08:22,533 | INFO     | src.data_quality | Data quality report written to /private/var/folders/g_/mmp1t2z93x57zkd20bmq6pn40000gn/T/pytest-of-xiaoweizhang/pytest-7/test_report_contains_all_field0/outputs/data_quality_report.txt
2026-06-16 17:08:22,534 | INFO     | src.data_quality | Data quality report written to /private/var/folders/g_/mmp1t2z93x57zkd20bmq6pn40000gn/T/pytest-of-xiaoweizhang/pytest-7/test_missing_rate_calculation0/outputs/data_quality_report.txt
2026-06-16 17:08:22,535 | INFO     | src.data_quality | Data quality report written to /private/var/folders/g_/mmp1t2z93x57zkd20bmq6pn40000gn/T/pytest-of-xiaoweizhang/pytest-7/test_report_file_written0/outputs/data_quality_report.txt
2026-06-16 17:08:22,537 | INFO     | src.data_quality | Data quality report written to /private/var/folders/g_/mmp1t2z93x57zkd20bmq6pn40000gn/T/pytest-of-xiaoweizhang/pytest-7/test_short_description_count0/outputs/data_quality_report.txt
2026-06-16 17:08:22,539 | INFO     | src.fetcher | Processing 1/1: AAA
2026-06-16 17:08:22,539 | INFO     | src.fetcher | AAA — loaded from cache
2026-06-16 17:08:22,541 | INFO     | src.fetcher | Processing 1/1: BBB
2026-06-16 17:08:22,543 | WARNING  | src.fetcher | BBB — attempt 1 failed: 'standard_concept'. Retrying...
2026-06-16 17:08:23,545 | WARNING  | src.fetcher | BBB — attempt 2 failed: 'standard_concept'. Retrying...
2026-06-16 17:08:25,553 | ERROR    | src.fetcher | BBB — failed after 3 retries: 'standard_concept'
2026-06-16 17:08:25,565 | WARNING  | src.fetcher | CCC — attempt 1 failed: EDGAR down. Retrying...
2026-06-16 17:08:25,566 | WARNING  | src.fetcher | CCC — attempt 2 failed: EDGAR down. Retrying...
2026-06-16 17:08:25,569 | INFO     | src.fetcher | Processing 1/1: DDD
2026-06-16 17:08:25,569 | WARNING  | src.fetcher | DDD — attempt 1 failed: EDGAR down. Retrying...
2026-06-16 17:08:25,570 | WARNING  | src.fetcher | DDD — attempt 2 failed: EDGAR down. Retrying...
2026-06-16 17:08:25,570 | ERROR    | src.fetcher | DDD — failed after 3 retries: EDGAR down
2026-06-16 17:08:25,572 | WARNING  | src.fetcher | EEE — ev_ebitda outlier (150), setting None
2026-06-16 17:08:25,574 | WARNING  | src.fetcher | FFF — ev_ebitda outlier (-3), setting None
2026-06-16 17:08:25,578 | INFO     | src.fetcher | Processing 1/1: GGG
2026-06-16 17:08:25,579 | WARNING  | src.fetcher | GGG — attempt 1 failed: 'standard_concept'. Retrying...
2026-06-16 17:08:26,586 | WARNING  | src.fetcher | GGG — attempt 2 failed: 'standard_concept'. Retrying...
2026-06-16 17:08:28,593 | ERROR    | src.fetcher | GGG — failed after 3 retries: 'standard_concept'
2026-06-16 17:08:28,668 | INFO     | src.fetcher | Processing 1/1: HHH2
2026-06-16 17:08:28,669 | WARNING  | src.fetcher | HHH2 — FMP market cap/sector lookup failed: FMP down. Leaving market data as None.
2026-06-16 17:08:28,671 | INFO     | src.fetcher | Processing 1/1: HHH
2026-06-16 17:08:28,674 | INFO     | src.fetcher | Processing 1/2: III
2026-06-16 17:08:28,675 | WARNING  | src.fetcher | III — attempt 1 failed: 'standard_concept'. Retrying...
2026-06-16 17:08:28,676 | WARNING  | src.fetcher | III — attempt 2 failed: 'standard_concept'. Retrying...
2026-06-16 17:08:28,676 | ERROR    | src.fetcher | III — failed after 3 retries: 'standard_concept'
2026-06-16 17:08:28,676 | INFO     | src.fetcher | Processing 2/2: JJJ
2026-06-16 17:08:28,677 | WARNING  | src.fetcher | JJJ — attempt 1 failed: 'standard_concept'. Retrying...
2026-06-16 17:08:28,677 | WARNING  | src.fetcher | JJJ — attempt 2 failed: 'standard_concept'. Retrying...
2026-06-16 17:08:28,678 | ERROR    | src.fetcher | JJJ — failed after 3 retries: 'standard_concept'
2026-06-16 17:08:28,703 | INFO     | src.fetcher | Processing 1/1: KKK
2026-06-16 17:08:28,703 | WARNING  | src.fetcher | KKK — attempt 1 failed: 'standard_concept'. Retrying...
2026-06-16 17:08:29,712 | WARNING  | src.fetcher | KKK — attempt 2 failed: 'standard_concept'. Retrying...
2026-06-16 17:08:31,718 | ERROR    | src.fetcher | KKK — failed after 3 retries: 'standard_concept'
2026-06-16 17:08:31,728 | INFO     | src.fetcher | Processing 1/1: LLL
2026-06-16 17:08:31,729 | WARNING  | src.fetcher | LLL — attempt 1 failed: 'standard_concept'. Retrying...
2026-06-16 17:08:32,738 | WARNING  | src.fetcher | LLL — attempt 2 failed: 'standard_concept'. Retrying...
2026-06-16 17:08:34,745 | ERROR    | src.fetcher | LLL — failed after 3 retries: 'standard_concept'
2026-06-16 17:08:34,755 | INFO     | src.fetcher | Processing 1/1: MMM2
2026-06-16 17:08:34,756 | WARNING  | src.fetcher | MMM2 — attempt 1 failed: 'standard_concept'. Retrying...
2026-06-16 17:08:35,765 | WARNING  | src.fetcher | MMM2 — attempt 2 failed: 'standard_concept'. Retrying...
2026-06-16 17:08:37,772 | ERROR    | src.fetcher | MMM2 — failed after 3 retries: 'standard_concept'
2026-06-16 17:08:37,775 | WARNING  | src.universe_builder | AAA — failed to fetch market cap: FMP down. Keeping ticker.
2026-06-16 17:08:37,777 | WARNING  | src.universe_builder | BBB — market cap not available. Keeping ticker.
2026-06-16 17:08:37,779 | INFO     | src.universe_builder | CCC — market cap 100000000 below $200000000, filtering out
2026-06-16 17:13:28,827 | INFO     | src.data_quality | Data quality report written to /private/var/folders/g_/mmp1t2z93x57zkd20bmq6pn40000gn/T/pytest-of-xiaoweizhang/pytest-8/test_report_contains_all_field0/outputs/data_quality_report.txt
2026-06-16 17:13:28,828 | INFO     | src.data_quality | Data quality report written to /private/var/folders/g_/mmp1t2z93x57zkd20bmq6pn40000gn/T/pytest-of-xiaoweizhang/pytest-8/test_missing_rate_calculation0/outputs/data_quality_report.txt
2026-06-16 17:13:28,829 | INFO     | src.data_quality | Data quality report written to /private/var/folders/g_/mmp1t2z93x57zkd20bmq6pn40000gn/T/pytest-of-xiaoweizhang/pytest-8/test_report_file_written0/outputs/data_quality_report.txt
2026-06-16 17:13:28,830 | INFO     | src.data_quality | Data quality report written to /private/var/folders/g_/mmp1t2z93x57zkd20bmq6pn40000gn/T/pytest-of-xiaoweizhang/pytest-8/test_short_description_count0/outputs/data_quality_report.txt
2026-06-16 17:13:28,832 | INFO     | src.fetcher | Processing 1/1: AAA
2026-06-16 17:13:28,832 | INFO     | src.fetcher | AAA — loaded from cache
2026-06-16 17:13:28,834 | INFO     | src.fetcher | Processing 1/1: BBB
2026-06-16 17:13:28,837 | WARNING  | src.fetcher | BBB — debt/cash not available from EDGAR XBRL, setting net_debt None
2026-06-16 17:13:28,839 | WARNING  | src.fetcher | CCC — attempt 1 failed: EDGAR down. Retrying...
2026-06-16 17:13:28,840 | WARNING  | src.fetcher | CCC — attempt 2 failed: EDGAR down. Retrying...
2026-06-16 17:13:28,841 | INFO     | src.fetcher | Processing 1/1: DDD
2026-06-16 17:13:28,841 | WARNING  | src.fetcher | DDD — attempt 1 failed: EDGAR down. Retrying...
2026-06-16 17:13:28,842 | WARNING  | src.fetcher | DDD — attempt 2 failed: EDGAR down. Retrying...
2026-06-16 17:13:28,842 | ERROR    | src.fetcher | DDD — failed after 3 retries: EDGAR down
2026-06-16 17:13:28,843 | WARNING  | src.fetcher | EEE — ev_ebitda outlier (150), setting None
2026-06-16 17:13:28,844 | WARNING  | src.fetcher | FFF — ev_ebitda outlier (-3), setting None
2026-06-16 17:13:28,846 | INFO     | src.fetcher | Processing 1/1: GGG
2026-06-16 17:13:28,847 | WARNING  | src.fetcher | GGG — debt/cash not available from EDGAR XBRL, setting net_debt None
2026-06-16 17:13:28,847 | WARNING  | src.fetcher | GGG — FMP market cap/sector lookup failed: FMP down. Leaving market data as None.
2026-06-16 17:13:28,849 | INFO     | src.fetcher | Processing 1/1: HHH2
2026-06-16 17:13:28,850 | WARNING  | src.fetcher | HHH2 — FMP market cap/sector lookup failed: FMP down. Leaving market data as None.
2026-06-16 17:13:28,852 | INFO     | src.fetcher | Processing 1/1: HHH
2026-06-16 17:13:28,854 | INFO     | src.fetcher | Processing 1/2: III
2026-06-16 17:13:28,855 | WARNING  | src.fetcher | III — debt/cash not available from EDGAR XBRL, setting net_debt None
2026-06-16 17:13:28,855 | INFO     | src.fetcher | Processing 2/2: JJJ
2026-06-16 17:13:28,856 | WARNING  | src.fetcher | JJJ — debt/cash not available from EDGAR XBRL, setting net_debt None
2026-06-16 17:13:28,857 | INFO     | src.fetcher | Processing 1/1: KKK
2026-06-16 17:13:28,858 | WARNING  | src.fetcher | KKK — debt/cash not available from EDGAR XBRL, setting net_debt None
2026-06-16 17:13:28,860 | INFO     | src.fetcher | Processing 1/1: LLL
2026-06-16 17:13:28,861 | WARNING  | src.fetcher | LLL — debt/cash not available from EDGAR XBRL, setting net_debt None
2026-06-16 17:13:28,863 | INFO     | src.fetcher | Processing 1/1: MMM2
2026-06-16 17:13:28,864 | WARNING  | src.fetcher | MMM2 — debt/cash not available from EDGAR XBRL, setting net_debt None
2026-06-16 17:13:28,865 | WARNING  | src.universe_builder | AAA — failed to fetch market cap: FMP down. Keeping ticker.
2026-06-16 17:13:28,866 | WARNING  | src.universe_builder | BBB — market cap not available. Keeping ticker.
2026-06-16 17:13:28,868 | INFO     | src.universe_builder | CCC — market cap 100000000 below $200000000, filtering out
2026-06-16 17:13:44,212 | INFO     | src.fetcher | Processing 1/3: MMM
2026-06-16 17:13:50,225 | INFO     | src.fetcher | Processing 2/3: HON
2026-06-16 17:13:51,820 | WARNING  | src.fetcher | HON — EBITDA not available (operating income or D&A missing), setting None
2026-06-16 17:13:59,959 | INFO     | src.fetcher | Processing 3/3: CAT
2026-06-16 17:17:50,888 | INFO     | src.universe_builder | Industrials (20) — 104 candidates found, 104 new tickers added after de-dup
2026-06-16 17:17:50,888 | INFO     | src.universe_builder | Healthcare Equipment (35) — 35 candidates found, 35 new tickers added after de-dup
2026-06-16 17:17:50,888 | INFO     | src.universe_builder | Technology Hardware (45) — 33 candidates found, 33 new tickers added after de-dup
2026-06-16 17:17:50,888 | INFO     | src.universe_builder | Merged universe before market cap filter: 172 tickers across 3 industries
2026-06-16 17:18:23,832 | WARNING  | src.universe_builder | MOG.A — market cap not available. Keeping ticker.
2026-06-16 17:18:34,414 | INFO     | src.universe_builder | KBAL — market cap 0 below $200000000, filtering out
2026-06-16 17:21:06,891 | INFO     | src.universe_builder | DIGI — market cap 6728 below $200000000, filtering out
2026-06-16 17:21:08,192 | INFO     | src.universe_builder | LIQT — market cap 9042881 below $200000000, filtering out
2026-06-16 17:21:09,393 | INFO     | src.universe_builder | PCTI — market cap 135281664 below $200000000, filtering out
2026-06-16 17:21:11,873 | INFO     | src.universe_builder | SMSI — market cap 12687555 below $200000000, filtering out
2026-06-16 17:21:15,530 | INFO     | src.universe_builder | TTEC — market cap 113860612 below $200000000, filtering out
2026-06-16 17:21:16,728 | INFO     | src.universe_builder | UTSI — market cap 28292448 below $200000000, filtering out
2026-06-16 17:21:24,245 | INFO     | src.universe_builder | 165 candidates remain after market cap filter
2026-06-16 17:21:24,247 | INFO     | src.fetcher | Processing 1/165: MMM
2026-06-16 17:21:30,780 | INFO     | src.fetcher | Processing 2/165: HON
2026-06-16 17:21:32,580 | WARNING  | src.fetcher | HON — EBITDA not available (operating income or D&A missing), setting None
2026-06-16 17:21:41,022 | INFO     | src.fetcher | Processing 3/165: GE
2026-06-16 17:21:41,973 | WARNING  | src.fetcher | GE — EBITDA not available (operating income or D&A missing), setting None
2026-06-16 17:21:45,349 | INFO     | src.fetcher | Processing 4/165: EMR
2026-06-16 17:21:46,113 | WARNING  | src.fetcher | EMR — EBITDA not available (operating income or D&A missing), setting None
2026-06-16 17:21:50,299 | INFO     | src.fetcher | Processing 5/165: ITW
2026-06-16 17:21:54,814 | INFO     | src.fetcher | Processing 6/165: PH
2026-06-16 17:21:55,484 | WARNING  | src.fetcher | PH — EBITDA not available (operating income or D&A missing), setting None
2026-06-16 17:21:59,895 | INFO     | src.fetcher | Processing 7/165: ROK
2026-06-16 17:22:00,607 | WARNING  | src.fetcher | ROK — EBITDA not available (operating income or D&A missing), setting None
2026-06-16 17:22:05,186 | INFO     | src.fetcher | Processing 8/165: AME
2026-06-16 17:22:09,465 | INFO     | src.fetcher | Processing 9/165: IEX
2026-06-16 17:22:15,712 | INFO     | src.fetcher | Processing 10/165: GNRC
2026-06-16 17:22:19,863 | INFO     | src.fetcher | Processing 11/165: SWK
2026-06-16 17:22:20,618 | WARNING  | src.fetcher | SWK — EBITDA not available (operating income or D&A missing), setting None
2026-06-16 17:22:25,110 | INFO     | src.fetcher | Processing 12/165: PNR
2026-06-16 17:22:30,097 | INFO     | src.fetcher | Processing 13/165: RRX
2026-06-16 17:22:35,334 | INFO     | src.fetcher | Processing 14/165: XYL
2026-06-16 17:22:40,941 | INFO     | src.fetcher | Processing 15/165: FELE
2026-06-16 17:22:45,218 | INFO     | src.fetcher | Processing 16/165: TT
2026-06-16 17:22:50,265 | WARNING  | src.fetcher | TT — gross_margin outlier (1.6383905749487615), setting None
2026-06-16 17:22:50,267 | INFO     | src.fetcher | Processing 17/165: IR
2026-06-16 17:22:55,201 | INFO     | src.fetcher | Processing 18/165: CARR
2026-06-16 17:22:59,974 | WARNING  | src.fetcher | CARR — gross_margin outlier (1.741389616958661), setting None
2026-06-16 17:22:59,975 | INFO     | src.fetcher | Processing 19/165: OTIS
2026-06-16 17:23:05,143 | INFO     | src.fetcher | Processing 20/165: LMT
2026-06-16 17:23:10,458 | INFO     | src.fetcher | Processing 21/165: RTX
2026-06-16 17:23:16,533 | INFO     | src.fetcher | Processing 22/165: GD
2026-06-16 17:23:21,635 | WARNING  | src.fetcher | GD — gross_margin outlier (1.848696479543292), setting None
2026-06-16 17:23:21,636 | INFO     | src.fetcher | Processing 23/165: NOC
2026-06-16 17:23:27,819 | INFO     | src.fetcher | Processing 24/165: LHX
2026-06-16 17:23:32,521 | WARNING  | src.fetcher | LHX — gross_margin outlier (1.7427395380745483), setting None
2026-06-16 17:23:32,522 | INFO     | src.fetcher | Processing 25/165: TDG
2026-06-16 17:23:36,538 | INFO     | src.fetcher | Processing 26/165: HII
2026-06-16 17:23:42,414 | INFO     | src.fetcher | Processing 27/165: MOG.A
2026-06-16 17:23:43,579 | WARNING  | src.fetcher | MOG.A — EBITDA not available (operating income or D&A missing), setting None
2026-06-16 17:23:50,560 | WARNING  | src.fetcher | MOG.A — FMP returned no profile data. Leaving market data as None.
2026-06-16 17:23:50,561 | INFO     | src.fetcher | Processing 28/165: HEI
2026-06-16 17:23:56,242 | INFO     | src.fetcher | Processing 29/165: ESAB
2026-06-16 17:24:00,272 | INFO     | src.fetcher | Processing 30/165: ITT
2026-06-16 17:24:05,942 | INFO     | src.fetcher | Processing 31/165: WTS
2026-06-16 17:24:12,379 | INFO     | src.fetcher | Processing 32/165: RXN
2026-06-16 17:24:13,408 | WARNING  | src.fetcher | RXN — attempt 1 failed: Company not found: 'RXN'
  Tip: Search by name with find_company("...") or pass a CIK directly.. Retrying...
2026-06-16 17:24:14,419 | WARNING  | src.fetcher | RXN — attempt 2 failed: Company not found: 'RXN'
  Tip: Search by name with find_company("...") or pass a CIK directly.. Retrying...
2026-06-16 17:24:16,429 | ERROR    | src.fetcher | RXN — failed after 3 retries: Company not found: 'RXN'
  Tip: Search by name with find_company("...") or pass a CIK directly.
2026-06-16 17:24:16,431 | INFO     | src.fetcher | Processing 33/165: ACCO
2026-06-16 17:24:22,669 | INFO     | src.fetcher | Processing 34/165: LYTS
2026-06-16 17:24:25,786 | INFO     | src.fetcher | Processing 35/165: GFF
2026-06-16 17:24:31,778 | INFO     | src.fetcher | Processing 36/165: ASTE
2026-06-16 17:24:36,298 | INFO     | src.fetcher | Processing 37/165: HCSG
2026-06-16 17:24:37,044 | WARNING  | src.fetcher | HCSG — EBITDA not available (operating income or D&A missing), setting None
2026-06-16 17:24:40,907 | INFO     | src.fetcher | Processing 38/165: HI
2026-06-16 17:24:40,921 | WARNING  | src.fetcher | HI — attempt 1 failed: Company not found: 'HI'
  Similar: 'HIT' (Health In Tech, Inc.), 'HIX' (WESTERN ASSET HIGH INCOME FUND II INC.), 'HIO' (WESTERN ASSET HIGH INCOME OPPORTUNITY FUND INC.)
  Tip: Search by name with find_company("...") or pass a CIK directly.. Retrying...
2026-06-16 17:24:41,942 | WARNING  | src.fetcher | HI — attempt 2 failed: Company not found: 'HI'
  Similar: 'HIT' (Health In Tech, Inc.), 'HIX' (WESTERN ASSET HIGH INCOME FUND II INC.), 'HIO' (WESTERN ASSET HIGH INCOME OPPORTUNITY FUND INC.)
  Tip: Search by name with find_company("...") or pass a CIK directly.. Retrying...
2026-06-16 17:24:43,961 | ERROR    | src.fetcher | HI — failed after 3 retries: Company not found: 'HI'
  Similar: 'HIT' (Health In Tech, Inc.), 'HIX' (WESTERN ASSET HIGH INCOME FUND II INC.), 'HIO' (WESTERN ASSET HIGH INCOME OPPORTUNITY FUND INC.)
  Tip: Search by name with find_company("...") or pass a CIK directly.
2026-06-16 17:24:43,962 | INFO     | src.fetcher | Processing 39/165: CSWI
2026-06-16 17:24:43,968 | WARNING  | src.fetcher | CSWI — attempt 1 failed: Company not found: 'CSWI'
  Tip: Search by name with find_company("...") or pass a CIK directly.. Retrying...
2026-06-16 17:24:44,984 | WARNING  | src.fetcher | CSWI — attempt 2 failed: Company not found: 'CSWI'
  Tip: Search by name with find_company("...") or pass a CIK directly.. Retrying...
2026-06-16 17:24:46,996 | ERROR    | src.fetcher | CSWI — failed after 3 retries: Company not found: 'CSWI'
  Tip: Search by name with find_company("...") or pass a CIK directly.
2026-06-16 17:24:46,997 | INFO     | src.fetcher | Processing 40/165: NVT
2026-06-16 17:24:51,521 | INFO     | src.fetcher | Processing 41/165: TRMK
2026-06-16 17:24:53,195 | WARNING  | src.fetcher | TRMK — Revenue not available from EDGAR XBRL, setting None
2026-06-16 17:24:53,196 | WARNING  | src.fetcher | TRMK — EBITDA not available (operating income or D&A missing), setting None
2026-06-16 17:24:53,196 | WARNING  | src.fetcher | TRMK — gross profit not available from EDGAR XBRL, setting None
2026-06-16 17:25:04,580 | INFO     | src.fetcher | Processing 42/165: DXPE
2026-06-16 17:25:09,696 | INFO     | src.fetcher | Processing 43/165: CAT
2026-06-16 17:25:18,554 | INFO     | src.fetcher | Processing 44/165: DE
2026-06-16 17:25:19,899 | WARNING  | src.fetcher | DE — EBITDA not available (operating income or D&A missing), setting None
2026-06-16 17:25:27,134 | INFO     | src.fetcher | Processing 45/165: PCAR
2026-06-16 17:25:28,492 | WARNING  | src.fetcher | PCAR — EBITDA not available (operating income or D&A missing), setting None
2026-06-16 17:25:35,995 | INFO     | src.fetcher | Processing 46/165: CMI
2026-06-16 17:25:43,544 | INFO     | src.fetcher | Processing 47/165: DOV
2026-06-16 17:25:49,104 | INFO     | src.fetcher | Processing 48/165: AOS
2026-06-16 17:25:49,687 | WARNING  | src.fetcher | AOS — EBITDA not available (operating income or D&A missing), setting None
2026-06-16 17:25:52,546 | INFO     | src.fetcher | Processing 49/165: ALLE
2026-06-16 17:25:57,031 | INFO     | src.fetcher | Processing 50/165: MAS
2026-06-16 17:26:01,254 | INFO     | src.fetcher | Processing 51/165: JCI
2026-06-16 17:26:01,962 | WARNING  | src.fetcher | JCI — EBITDA not available (operating income or D&A missing), setting None
2026-06-16 17:26:07,550 | INFO     | src.fetcher | Processing 52/165: LII
2026-06-16 17:26:12,994 | INFO     | src.fetcher | Processing 53/165: PWR
2026-06-16 17:26:17,993 | WARNING  | src.fetcher | PWR — FMP market cap/sector lookup failed: 429 Client Error: Too Many Requests for url: https://financialmodelingprep.com/stable/profile?symbol=PWR&apikey=7LfEu5HY5DFA3EMgxFtGZRhsYZin25JN. Leaving market data as None.
2026-06-16 17:26:17,999 | INFO     | src.fetcher | Processing 54/165: FAST
2026-06-16 17:26:21,621 | WARNING  | src.fetcher | FAST — FMP market cap/sector lookup failed: 429 Client Error: Too Many Requests for url: https://financialmodelingprep.com/stable/profile?symbol=FAST&apikey=7LfEu5HY5DFA3EMgxFtGZRhsYZin25JN. Leaving market data as None.
2026-06-16 17:26:21,623 | INFO     | src.fetcher | Processing 55/165: GWW
2026-06-16 17:26:25,016 | WARNING  | src.fetcher | GWW — FMP market cap/sector lookup failed: 429 Client Error: Too Many Requests for url: https://financialmodelingprep.com/stable/profile?symbol=GWW&apikey=7LfEu5HY5DFA3EMgxFtGZRhsYZin25JN. Leaving market data as None.
2026-06-16 17:26:25,018 | INFO     | src.fetcher | Processing 56/165: WSO
2026-06-16 17:26:27,900 | WARNING  | src.fetcher | WSO — FMP market cap/sector lookup failed: 429 Client Error: Too Many Requests for url: https://financialmodelingprep.com/stable/profile?symbol=WSO&apikey=7LfEu5HY5DFA3EMgxFtGZRhsYZin25JN. Leaving market data as None.
2026-06-16 17:26:27,902 | INFO     | src.fetcher | Processing 57/165: AIT
2026-06-16 17:26:31,955 | WARNING  | src.fetcher | AIT — FMP market cap/sector lookup failed: 429 Client Error: Too Many Requests for url: https://financialmodelingprep.com/stable/profile?symbol=AIT&apikey=7LfEu5HY5DFA3EMgxFtGZRhsYZin25JN. Leaving market data as None.
2026-06-16 17:26:31,960 | INFO     | src.fetcher | Processing 58/165: MSM
2026-06-16 17:26:35,359 | WARNING  | src.fetcher | MSM — FMP market cap/sector lookup failed: 429 Client Error: Too Many Requests for url: https://financialmodelingprep.com/stable/profile?symbol=MSM&apikey=7LfEu5HY5DFA3EMgxFtGZRhsYZin25JN. Leaving market data as None.
2026-06-16 17:26:35,363 | INFO     | src.fetcher | Processing 59/165: SITE
2026-06-16 17:26:36,077 | WARNING  | src.fetcher | SITE — EBITDA not available (operating income or D&A missing), setting None
2026-06-16 17:26:39,989 | WARNING  | src.fetcher | SITE — FMP market cap/sector lookup failed: 429 Client Error: Too Many Requests for url: https://financialmodelingprep.com/stable/profile?symbol=SITE&apikey=7LfEu5HY5DFA3EMgxFtGZRhsYZin25JN. Leaving market data as None.
2026-06-16 17:26:39,992 | INFO     | src.fetcher | Processing 60/165: BLDR
2026-06-16 17:26:44,588 | WARNING  | src.fetcher | BLDR — FMP market cap/sector lookup failed: 429 Client Error: Too Many Requests for url: https://financialmodelingprep.com/stable/profile?symbol=BLDR&apikey=7LfEu5HY5DFA3EMgxFtGZRhsYZin25JN. Leaving market data as None.
2026-06-16 17:26:44,592 | INFO     | src.fetcher | Processing 61/165: EXP
2026-06-16 17:26:45,628 | WARNING  | src.fetcher | EXP — EBITDA not available (operating income or D&A missing), setting None
2026-06-16 17:26:56,199 | WARNING  | src.fetcher | EXP — FMP market cap/sector lookup failed: 429 Client Error: Too Many Requests for url: https://financialmodelingprep.com/stable/profile?symbol=EXP&apikey=7LfEu5HY5DFA3EMgxFtGZRhsYZin25JN. Leaving market data as None.
2026-06-16 17:26:56,203 | INFO     | src.fetcher | Processing 62/165: VMC
2026-06-16 17:27:02,162 | WARNING  | src.fetcher | VMC — FMP market cap/sector lookup failed: 429 Client Error: Too Many Requests for url: https://financialmodelingprep.com/stable/profile?symbol=VMC&apikey=7LfEu5HY5DFA3EMgxFtGZRhsYZin25JN. Leaving market data as None.
2026-06-16 17:27:02,167 | INFO     | src.fetcher | Processing 63/165: MLM
2026-06-16 17:27:09,328 | WARNING  | src.fetcher | MLM — FMP market cap/sector lookup failed: 429 Client Error: Too Many Requests for url: https://financialmodelingprep.com/stable/profile?symbol=MLM&apikey=7LfEu5HY5DFA3EMgxFtGZRhsYZin25JN. Leaving market data as None.
2026-06-16 17:27:09,332 | INFO     | src.fetcher | Processing 64/165: NUE
2026-06-16 17:27:10,133 | WARNING  | src.fetcher | NUE — EBITDA not available (operating income or D&A missing), setting None
2026-06-16 17:27:15,359 | WARNING  | src.fetcher | NUE — FMP market cap/sector lookup failed: 429 Client Error: Too Many Requests for url: https://financialmodelingprep.com/stable/profile?symbol=NUE&apikey=7LfEu5HY5DFA3EMgxFtGZRhsYZin25JN. Leaving market data as None.
2026-06-16 17:27:15,363 | INFO     | src.fetcher | Processing 65/165: STLD
2026-06-16 17:27:20,281 | WARNING  | src.fetcher | STLD — FMP market cap/sector lookup failed: 429 Client Error: Too Many Requests for url: https://financialmodelingprep.com/stable/profile?symbol=STLD&apikey=7LfEu5HY5DFA3EMgxFtGZRhsYZin25JN. Leaving market data as None.
2026-06-16 17:27:20,286 | INFO     | src.fetcher | Processing 66/165: X
2026-06-16 17:27:20,299 | WARNING  | src.fetcher | X — attempt 1 failed: Company not found: 'X'
  Similar: 'XP' (XP Inc.), 'XE' (X-Energy, Inc.), 'XZO' (Exzeo Group, Inc.)
  Tip: Search by name with find_company("...") or pass a CIK directly.. Retrying...
2026-06-16 17:27:21,314 | WARNING  | src.fetcher | X — attempt 2 failed: Company not found: 'X'
  Similar: 'XP' (XP Inc.), 'XE' (X-Energy, Inc.), 'XZO' (Exzeo Group, Inc.)
  Tip: Search by name with find_company("...") or pass a CIK directly.. Retrying...
2026-06-16 17:27:23,331 | ERROR    | src.fetcher | X — failed after 3 retries: Company not found: 'X'
  Similar: 'XP' (XP Inc.), 'XE' (X-Energy, Inc.), 'XZO' (Exzeo Group, Inc.)
  Tip: Search by name with find_company("...") or pass a CIK directly.
2026-06-16 17:27:23,333 | INFO     | src.fetcher | Processing 67/165: CLF
2026-06-16 17:27:30,986 | WARNING  | src.fetcher | CLF — FMP market cap/sector lookup failed: 429 Client Error: Too Many Requests for url: https://financialmodelingprep.com/stable/profile?symbol=CLF&apikey=7LfEu5HY5DFA3EMgxFtGZRhsYZin25JN. Leaving market data as None.
2026-06-16 17:27:30,989 | WARNING  | src.fetcher | CLF — gross_margin outlier (2.046211714132187), setting None
2026-06-16 17:27:30,992 | INFO     | src.fetcher | Processing 68/165: RS
2026-06-16 17:27:35,748 | WARNING  | src.fetcher | RS — FMP market cap/sector lookup failed: 429 Client Error: Too Many Requests for url: https://financialmodelingprep.com/stable/profile?symbol=RS&apikey=7LfEu5HY5DFA3EMgxFtGZRhsYZin25JN. Leaving market data as None.
2026-06-16 17:27:35,752 | INFO     | src.fetcher | Processing 69/165: ATI
2026-06-16 17:27:40,830 | WARNING  | src.fetcher | ATI — FMP market cap/sector lookup failed: 429 Client Error: Too Many Requests for url: https://financialmodelingprep.com/stable/profile?symbol=ATI&apikey=7LfEu5HY5DFA3EMgxFtGZRhsYZin25JN. Leaving market data as None.
2026-06-16 17:27:40,845 | INFO     | src.fetcher | Processing 70/165: CRS
2026-06-16 17:27:45,964 | WARNING  | src.fetcher | CRS — FMP market cap/sector lookup failed: 429 Client Error: Too Many Requests for url: https://financialmodelingprep.com/stable/profile?symbol=CRS&apikey=7LfEu5HY5DFA3EMgxFtGZRhsYZin25JN. Leaving market data as None.
2026-06-16 17:27:45,968 | INFO     | src.fetcher | Processing 71/165: KMT
2026-06-16 17:27:50,326 | WARNING  | src.fetcher | KMT — FMP market cap/sector lookup failed: 429 Client Error: Too Many Requests for url: https://financialmodelingprep.com/stable/profile?symbol=KMT&apikey=7LfEu5HY5DFA3EMgxFtGZRhsYZin25JN. Leaving market data as None.
2026-06-16 17:27:50,327 | INFO     | src.fetcher | Processing 72/165: FLS
2026-06-16 17:27:55,920 | WARNING  | src.fetcher | FLS — FMP market cap/sector lookup failed: 429 Client Error: Too Many Requests for url: https://financialmodelingprep.com/stable/profile?symbol=FLS&apikey=7LfEu5HY5DFA3EMgxFtGZRhsYZin25JN. Leaving market data as None.
2026-06-16 17:27:55,923 | INFO     | src.fetcher | Processing 73/165: CR
2026-06-16 17:28:00,758 | WARNING  | src.fetcher | CR — FMP market cap/sector lookup failed: 429 Client Error: Too Many Requests for url: https://financialmodelingprep.com/stable/profile?symbol=CR&apikey=7LfEu5HY5DFA3EMgxFtGZRhsYZin25JN. Leaving market data as None.
2026-06-16 17:28:00,762 | INFO     | src.fetcher | Processing 74/165: DCI
2026-06-16 17:28:05,280 | WARNING  | src.fetcher | DCI — FMP market cap/sector lookup failed: 429 Client Error: Too Many Requests for url: https://financialmodelingprep.com/stable/profile?symbol=DCI&apikey=7LfEu5HY5DFA3EMgxFtGZRhsYZin25JN. Leaving market data as None.
2026-06-16 17:28:05,286 | INFO     | src.fetcher | Processing 75/165: GTLS
2026-06-16 17:28:10,696 | WARNING  | src.fetcher | GTLS — FMP market cap/sector lookup failed: 429 Client Error: Too Many Requests for url: https://financialmodelingprep.com/stable/profile?symbol=GTLS&apikey=7LfEu5HY5DFA3EMgxFtGZRhsYZin25JN. Leaving market data as None.
2026-06-16 17:28:10,699 | INFO     | src.fetcher | Processing 76/165: CFX
2026-06-16 17:28:10,707 | WARNING  | src.fetcher | CFX — attempt 1 failed: Company not found: 'CFX'
  Tip: Search by name with find_company("...") or pass a CIK directly.. Retrying...
2026-06-16 17:28:11,723 | WARNING  | src.fetcher | CFX — attempt 2 failed: Company not found: 'CFX'
  Tip: Search by name with find_company("...") or pass a CIK directly.. Retrying...
2026-06-16 17:28:13,740 | ERROR    | src.fetcher | CFX — failed after 3 retries: Company not found: 'CFX'
  Tip: Search by name with find_company("...") or pass a CIK directly.
2026-06-16 17:28:13,743 | INFO     | src.fetcher | Processing 77/165: HEES
2026-06-16 17:28:13,748 | WARNING  | src.fetcher | HEES — attempt 1 failed: Company not found: 'HEES'
  Tip: Search by name with find_company("...") or pass a CIK directly.. Retrying...
2026-06-16 17:28:14,764 | WARNING  | src.fetcher | HEES — attempt 2 failed: Company not found: 'HEES'
  Tip: Search by name with find_company("...") or pass a CIK directly.. Retrying...
2026-06-16 17:28:16,778 | ERROR    | src.fetcher | HEES — failed after 3 retries: Company not found: 'HEES'
  Tip: Search by name with find_company("...") or pass a CIK directly.
2026-06-16 17:28:16,790 | INFO     | src.fetcher | Processing 78/165: TKR
2026-06-16 17:28:22,627 | WARNING  | src.fetcher | TKR — FMP market cap/sector lookup failed: 429 Client Error: Too Many Requests for url: https://financialmodelingprep.com/stable/profile?symbol=TKR&apikey=7LfEu5HY5DFA3EMgxFtGZRhsYZin25JN. Leaving market data as None.
2026-06-16 17:28:22,629 | INFO     | src.fetcher | Processing 79/165: ROLL
2026-06-16 17:28:22,637 | WARNING  | src.fetcher | ROLL — attempt 1 failed: Company not found: 'ROLL'
  Similar: 'ROL' (ROLLINS INC)
  Tip: Search by name with find_company("...") or pass a CIK directly.. Retrying...
2026-06-16 17:28:23,654 | WARNING  | src.fetcher | ROLL — attempt 2 failed: Company not found: 'ROLL'
  Similar: 'ROL' (ROLLINS INC)
  Tip: Search by name with find_company("...") or pass a CIK directly.. Retrying...
2026-06-16 17:28:25,668 | ERROR    | src.fetcher | ROLL — failed after 3 retries: Company not found: 'ROLL'
  Similar: 'ROL' (ROLLINS INC)
  Tip: Search by name with find_company("...") or pass a CIK directly.
2026-06-16 17:28:25,669 | INFO     | src.fetcher | Processing 80/165: B
2026-06-16 17:28:26,038 | WARNING  | src.fetcher | B — attempt 1 failed: 'NoneType' object has no attribute 'to_dataframe'. Retrying...
2026-06-16 17:28:27,301 | WARNING  | src.fetcher | B — attempt 2 failed: 'NoneType' object has no attribute 'to_dataframe'. Retrying...
2026-06-16 17:28:29,489 | ERROR    | src.fetcher | B — failed after 3 retries: 'NoneType' object has no attribute 'to_dataframe'
2026-06-16 17:28:29,489 | INFO     | src.fetcher | Processing 81/165: WCC
2026-06-16 17:28:34,497 | WARNING  | src.fetcher | WCC — FMP market cap/sector lookup failed: 429 Client Error: Too Many Requests for url: https://financialmodelingprep.com/stable/profile?symbol=WCC&apikey=7LfEu5HY5DFA3EMgxFtGZRhsYZin25JN. Leaving market data as None.
2026-06-16 17:28:34,500 | INFO     | src.fetcher | Processing 82/165: AYI
2026-06-16 17:28:38,826 | WARNING  | src.fetcher | AYI — FMP market cap/sector lookup failed: 429 Client Error: Too Many Requests for url: https://financialmodelingprep.com/stable/profile?symbol=AYI&apikey=7LfEu5HY5DFA3EMgxFtGZRhsYZin25JN. Leaving market data as None.
2026-06-16 17:28:38,831 | INFO     | src.fetcher | Processing 83/165: HUBB
2026-06-16 17:28:43,949 | WARNING  | src.fetcher | HUBB — FMP market cap/sector lookup failed: 429 Client Error: Too Many Requests for url: https://financialmodelingprep.com/stable/profile?symbol=HUBB&apikey=7LfEu5HY5DFA3EMgxFtGZRhsYZin25JN. Leaving market data as None.
2026-06-16 17:28:43,953 | INFO     | src.fetcher | Processing 84/165: POWL
2026-06-16 17:28:47,745 | WARNING  | src.fetcher | POWL — FMP market cap/sector lookup failed: 429 Client Error: Too Many Requests for url: https://financialmodelingprep.com/stable/profile?symbol=POWL&apikey=7LfEu5HY5DFA3EMgxFtGZRhsYZin25JN. Leaving market data as None.
2026-06-16 17:28:47,753 | INFO     | src.fetcher | Processing 85/165: THR
2026-06-16 17:28:52,229 | WARNING  | src.fetcher | THR — FMP market cap/sector lookup failed: 429 Client Error: Too Many Requests for url: https://financialmodelingprep.com/stable/profile?symbol=THR&apikey=7LfEu5HY5DFA3EMgxFtGZRhsYZin25JN. Leaving market data as None.
2026-06-16 17:28:52,232 | INFO     | src.fetcher | Processing 86/165: MWA
2026-06-16 17:28:56,933 | WARNING  | src.fetcher | MWA — FMP market cap/sector lookup failed: 429 Client Error: Too Many Requests for url: https://financialmodelingprep.com/stable/profile?symbol=MWA&apikey=7LfEu5HY5DFA3EMgxFtGZRhsYZin25JN. Leaving market data as None.
2026-06-16 17:28:56,936 | INFO     | src.fetcher | Processing 87/165: AWI
2026-06-16 17:29:03,329 | WARNING  | src.fetcher | AWI — FMP market cap/sector lookup failed: 429 Client Error: Too Many Requests for url: https://financialmodelingprep.com/stable/profile?symbol=AWI&apikey=7LfEu5HY5DFA3EMgxFtGZRhsYZin25JN. Leaving market data as None.
2026-06-16 17:29:03,332 | INFO     | src.fetcher | Processing 88/165: JBT
2026-06-16 17:29:03,342 | WARNING  | src.fetcher | JBT — attempt 1 failed: Company not found: 'JBT'
  Similar: 'JBTM' (JBT MAREL Corp)
  Tip: Search by name with find_company("...") or pass a CIK directly.. Retrying...
2026-06-16 17:29:04,351 | WARNING  | src.fetcher | JBT — attempt 2 failed: Company not found: 'JBT'
  Similar: 'JBTM' (JBT MAREL Corp)
  Tip: Search by name with find_company("...") or pass a CIK directly.. Retrying...
2026-06-16 17:29:06,369 | ERROR    | src.fetcher | JBT — failed after 3 retries: Company not found: 'JBT'
  Similar: 'JBTM' (JBT MAREL Corp)
  Tip: Search by name with find_company("...") or pass a CIK directly.
2026-06-16 17:29:06,371 | INFO     | src.fetcher | Processing 89/165: GGG
2026-06-16 17:29:11,163 | WARNING  | src.fetcher | GGG — FMP market cap/sector lookup failed: 429 Client Error: Too Many Requests for url: https://financialmodelingprep.com/stable/profile?symbol=GGG&apikey=7LfEu5HY5DFA3EMgxFtGZRhsYZin25JN. Leaving market data as None.
2026-06-16 17:29:11,165 | INFO     | src.fetcher | Processing 90/165: SPXC
2026-06-16 17:29:16,912 | WARNING  | src.fetcher | SPXC — FMP market cap/sector lookup failed: 429 Client Error: Too Many Requests for url: https://financialmodelingprep.com/stable/profile?symbol=SPXC&apikey=7LfEu5HY5DFA3EMgxFtGZRhsYZin25JN. Leaving market data as None.
2026-06-16 17:29:16,915 | INFO     | src.fetcher | Processing 91/165: CIR
2026-06-16 17:29:16,923 | WARNING  | src.fetcher | CIR — attempt 1 failed: Company not found: 'CIR'
  Similar: 'CIRX' (CIRTRAN CORP), 'CRUS' (CIRRUS LOGIC, INC.)
  Tip: Search by name with find_company("...") or pass a CIK directly.. Retrying...
2026-06-16 17:29:17,938 | WARNING  | src.fetcher | CIR — attempt 2 failed: Company not found: 'CIR'
  Similar: 'CIRX' (CIRTRAN CORP), 'CRUS' (CIRRUS LOGIC, INC.)
  Tip: Search by name with find_company("...") or pass a CIK directly.. Retrying...
2026-06-16 17:29:19,955 | ERROR    | src.fetcher | CIR — failed after 3 retries: Company not found: 'CIR'
  Similar: 'CIRX' (CIRTRAN CORP), 'CRUS' (CIRRUS LOGIC, INC.)
  Tip: Search by name with find_company("...") or pass a CIK directly.
2026-06-16 17:29:19,957 | INFO     | src.fetcher | Processing 92/165: CSL
2026-06-16 17:29:24,302 | WARNING  | src.fetcher | CSL — FMP market cap/sector lookup failed: 429 Client Error: Too Many Requests for url: https://financialmodelingprep.com/stable/profile?symbol=CSL&apikey=7LfEu5HY5DFA3EMgxFtGZRhsYZin25JN. Leaving market data as None.
2026-06-16 17:29:24,304 | INFO     | src.fetcher | Processing 93/165: EME
2026-06-16 17:29:29,353 | WARNING  | src.fetcher | EME — FMP market cap/sector lookup failed: 429 Client Error: Too Many Requests for url: https://financialmodelingprep.com/stable/profile?symbol=EME&apikey=7LfEu5HY5DFA3EMgxFtGZRhsYZin25JN. Leaving market data as None.
2026-06-16 17:29:29,357 | INFO     | src.fetcher | Processing 94/165: MTZ
2026-06-16 17:29:30,028 | WARNING  | src.fetcher | MTZ — EBITDA not available (operating income or D&A missing), setting None
2026-06-16 17:29:33,892 | WARNING  | src.fetcher | MTZ — FMP market cap/sector lookup failed: 429 Client Error: Too Many Requests for url: https://financialmodelingprep.com/stable/profile?symbol=MTZ&apikey=7LfEu5HY5DFA3EMgxFtGZRhsYZin25JN. Leaving market data as None.
2026-06-16 17:29:33,897 | INFO     | src.fetcher | Processing 95/165: BMI
2026-06-16 17:29:37,986 | WARNING  | src.fetcher | BMI — FMP market cap/sector lookup failed: 429 Client Error: Too Many Requests for url: https://financialmodelingprep.com/stable/profile?symbol=BMI&apikey=7LfEu5HY5DFA3EMgxFtGZRhsYZin25JN. Leaving market data as None.
2026-06-16 17:29:37,988 | INFO     | src.fetcher | Processing 96/165: NDSN
2026-06-16 17:29:42,517 | WARNING  | src.fetcher | NDSN — FMP market cap/sector lookup failed: 429 Client Error: Too Many Requests for url: https://financialmodelingprep.com/stable/profile?symbol=NDSN&apikey=7LfEu5HY5DFA3EMgxFtGZRhsYZin25JN. Leaving market data as None.
2026-06-16 17:29:42,521 | INFO     | src.fetcher | Processing 97/165: AAON
2026-06-16 17:29:46,732 | WARNING  | src.fetcher | AAON — FMP market cap/sector lookup failed: 429 Client Error: Too Many Requests for url: https://financialmodelingprep.com/stable/profile?symbol=AAON&apikey=7LfEu5HY5DFA3EMgxFtGZRhsYZin25JN. Leaving market data as None.
2026-06-16 17:29:46,737 | INFO     | src.fetcher | Processing 98/165: LECO
2026-06-16 17:29:52,079 | WARNING  | src.fetcher | LECO — FMP market cap/sector lookup failed: 429 Client Error: Too Many Requests for url: https://financialmodelingprep.com/stable/profile?symbol=LECO&apikey=7LfEu5HY5DFA3EMgxFtGZRhsYZin25JN. Leaving market data as None.
2026-06-16 17:29:52,082 | INFO     | src.fetcher | Processing 99/165: KAMN
2026-06-16 17:29:52,090 | WARNING  | src.fetcher | KAMN — attempt 1 failed: Company not found: 'KAMN'
  Tip: Search by name with find_company("...") or pass a CIK directly.. Retrying...
2026-06-16 17:29:53,105 | WARNING  | src.fetcher | KAMN — attempt 2 failed: Company not found: 'KAMN'
  Tip: Search by name with find_company("...") or pass a CIK directly.. Retrying...
2026-06-16 17:29:55,112 | ERROR    | src.fetcher | KAMN — failed after 3 retries: Company not found: 'KAMN'
  Tip: Search by name with find_company("...") or pass a CIK directly.
2026-06-16 17:29:55,113 | INFO     | src.fetcher | Processing 100/165: CW
2026-06-16 17:29:59,756 | WARNING  | src.fetcher | CW — FMP market cap/sector lookup failed: 429 Client Error: Too Many Requests for url: https://financialmodelingprep.com/stable/profile?symbol=CW&apikey=7LfEu5HY5DFA3EMgxFtGZRhsYZin25JN. Leaving market data as None.
2026-06-16 17:29:59,759 | INFO     | src.fetcher | Processing 101/165: HXL
2026-06-16 17:30:04,438 | WARNING  | src.fetcher | HXL — FMP market cap/sector lookup failed: 429 Client Error: Too Many Requests for url: https://financialmodelingprep.com/stable/profile?symbol=HXL&apikey=7LfEu5HY5DFA3EMgxFtGZRhsYZin25JN. Leaving market data as None.
2026-06-16 17:30:04,439 | INFO     | src.fetcher | Processing 102/165: TXT
2026-06-16 17:30:05,165 | WARNING  | src.fetcher | TXT — EBITDA not available (operating income or D&A missing), setting None
2026-06-16 17:30:09,293 | WARNING  | src.fetcher | TXT — FMP market cap/sector lookup failed: 429 Client Error: Too Many Requests for url: https://financialmodelingprep.com/stable/profile?symbol=TXT&apikey=7LfEu5HY5DFA3EMgxFtGZRhsYZin25JN. Leaving market data as None.
2026-06-16 17:30:09,318 | INFO     | src.fetcher | Processing 103/165: SPR
2026-06-16 17:30:09,326 | WARNING  | src.fetcher | SPR — attempt 1 failed: Company not found: 'SPR'
  Similar: 'SPRU' (SPRUCE POWER HOLDING CORP), 'SPRS' (SURGE COMPONENTS INC), 'SPRO' (Spero Therapeutics, Inc.)
  Tip: Search by name with find_company("...") or pass a CIK directly.. Retrying...
2026-06-16 17:30:10,338 | WARNING  | src.fetcher | SPR — attempt 2 failed: Company not found: 'SPR'
  Similar: 'SPRU' (SPRUCE POWER HOLDING CORP), 'SPRS' (SURGE COMPONENTS INC), 'SPRO' (Spero Therapeutics, Inc.)
  Tip: Search by name with find_company("...") or pass a CIK directly.. Retrying...
2026-06-16 17:30:12,349 | ERROR    | src.fetcher | SPR — failed after 3 retries: Company not found: 'SPR'
  Similar: 'SPRU' (SPRUCE POWER HOLDING CORP), 'SPRS' (SURGE COMPONENTS INC), 'SPRO' (Spero Therapeutics, Inc.)
  Tip: Search by name with find_company("...") or pass a CIK directly.
2026-06-16 17:30:12,350 | INFO     | src.fetcher | Processing 104/165: ABT
2026-06-16 17:30:17,018 | WARNING  | src.fetcher | ABT — FMP market cap/sector lookup failed: 429 Client Error: Too Many Requests for url: https://financialmodelingprep.com/stable/profile?symbol=ABT&apikey=7LfEu5HY5DFA3EMgxFtGZRhsYZin25JN. Leaving market data as None.
2026-06-16 17:30:17,019 | INFO     | src.fetcher | Processing 105/165: MDT
2026-06-16 17:30:23,400 | WARNING  | src.fetcher | MDT — FMP market cap/sector lookup failed: 429 Client Error: Too Many Requests for url: https://financialmodelingprep.com/stable/profile?symbol=MDT&apikey=7LfEu5HY5DFA3EMgxFtGZRhsYZin25JN. Leaving market data as None.
2026-06-16 17:30:23,403 | INFO     | src.fetcher | Processing 106/165: SYK
2026-06-16 17:30:31,748 | WARNING  | src.fetcher | SYK — FMP market cap/sector lookup failed: 429 Client Error: Too Many Requests for url: https://financialmodelingprep.com/stable/profile?symbol=SYK&apikey=7LfEu5HY5DFA3EMgxFtGZRhsYZin25JN. Leaving market data as None.
2026-06-16 17:30:31,750 | INFO     | src.fetcher | Processing 107/165: BSX
2026-06-16 17:30:36,971 | WARNING  | src.fetcher | BSX — FMP market cap/sector lookup failed: 429 Client Error: Too Many Requests for url: https://financialmodelingprep.com/stable/profile?symbol=BSX&apikey=7LfEu5HY5DFA3EMgxFtGZRhsYZin25JN. Leaving market data as None.
2026-06-16 17:30:36,973 | INFO     | src.fetcher | Processing 108/165: ZBH
2026-06-16 17:30:44,452 | WARNING  | src.fetcher | ZBH — FMP market cap/sector lookup failed: 429 Client Error: Too Many Requests for url: https://financialmodelingprep.com/stable/profile?symbol=ZBH&apikey=7LfEu5HY5DFA3EMgxFtGZRhsYZin25JN. Leaving market data as None.
2026-06-16 17:30:44,455 | INFO     | src.fetcher | Processing 109/165: EW
2026-06-16 17:30:50,080 | WARNING  | src.fetcher | EW — FMP market cap/sector lookup failed: 429 Client Error: Too Many Requests for url: https://financialmodelingprep.com/stable/profile?symbol=EW&apikey=7LfEu5HY5DFA3EMgxFtGZRhsYZin25JN. Leaving market data as None.
2026-06-16 17:30:50,081 | INFO     | src.fetcher | Processing 110/165: HOLX
2026-06-16 17:30:50,088 | WARNING  | src.fetcher | HOLX — attempt 1 failed: Company not found: 'HOLX'
  Tip: Search by name with find_company("...") or pass a CIK directly.. Retrying...
2026-06-16 17:30:51,099 | WARNING  | src.fetcher | HOLX — attempt 2 failed: Company not found: 'HOLX'
  Tip: Search by name with find_company("...") or pass a CIK directly.. Retrying...
2026-06-16 17:30:53,111 | ERROR    | src.fetcher | HOLX — failed after 3 retries: Company not found: 'HOLX'
  Tip: Search by name with find_company("...") or pass a CIK directly.
2026-06-16 17:30:53,113 | INFO     | src.fetcher | Processing 111/165: DXCM
2026-06-16 17:30:58,446 | WARNING  | src.fetcher | DXCM — FMP market cap/sector lookup failed: 429 Client Error: Too Many Requests for url: https://financialmodelingprep.com/stable/profile?symbol=DXCM&apikey=7LfEu5HY5DFA3EMgxFtGZRhsYZin25JN. Leaving market data as None.
2026-06-16 17:30:58,448 | INFO     | src.fetcher | Processing 112/165: ISRG
2026-06-16 17:30:59,289 | WARNING  | src.fetcher | ISRG — EBITDA not available (operating income or D&A missing), setting None
2026-06-16 17:31:03,544 | WARNING  | src.fetcher | ISRG — FMP market cap/sector lookup failed: 429 Client Error: Too Many Requests for url: https://financialmodelingprep.com/stable/profile?symbol=ISRG&apikey=7LfEu5HY5DFA3EMgxFtGZRhsYZin25JN. Leaving market data as None.
2026-06-16 17:31:03,548 | INFO     | src.fetcher | Processing 113/165: RMD
2026-06-16 17:31:08,313 | WARNING  | src.fetcher | RMD — FMP market cap/sector lookup failed: 429 Client Error: Too Many Requests for url: https://financialmodelingprep.com/stable/profile?symbol=RMD&apikey=7LfEu5HY5DFA3EMgxFtGZRhsYZin25JN. Leaving market data as None.
2026-06-16 17:31:08,320 | INFO     | src.fetcher | Processing 114/165: BAX
2026-06-16 17:31:13,684 | WARNING  | src.fetcher | BAX — FMP market cap/sector lookup failed: 429 Client Error: Too Many Requests for url: https://financialmodelingprep.com/stable/profile?symbol=BAX&apikey=7LfEu5HY5DFA3EMgxFtGZRhsYZin25JN. Leaving market data as None.
2026-06-16 17:31:13,689 | INFO     | src.fetcher | Processing 115/165: BDX
2026-06-16 17:31:18,820 | WARNING  | src.fetcher | BDX — FMP market cap/sector lookup failed: 429 Client Error: Too Many Requests for url: https://financialmodelingprep.com/stable/profile?symbol=BDX&apikey=7LfEu5HY5DFA3EMgxFtGZRhsYZin25JN. Leaving market data as None.
2026-06-16 17:31:18,824 | INFO     | src.fetcher | Processing 116/165: HAE
2026-06-16 17:31:24,050 | WARNING  | src.fetcher | HAE — FMP market cap/sector lookup failed: 429 Client Error: Too Many Requests for url: https://financialmodelingprep.com/stable/profile?symbol=HAE&apikey=7LfEu5HY5DFA3EMgxFtGZRhsYZin25JN. Leaving market data as None.
2026-06-16 17:31:24,055 | INFO     | src.fetcher | Processing 117/165: ICUI
2026-06-16 17:31:29,005 | WARNING  | src.fetcher | ICUI — FMP market cap/sector lookup failed: 429 Client Error: Too Many Requests for url: https://financialmodelingprep.com/stable/profile?symbol=ICUI&apikey=7LfEu5HY5DFA3EMgxFtGZRhsYZin25JN. Leaving market data as None.
2026-06-16 17:31:29,008 | INFO     | src.fetcher | Processing 118/165: AMED
2026-06-16 17:31:29,018 | WARNING  | src.fetcher | AMED — attempt 1 failed: Company not found: 'AMED'
  Tip: Search by name with find_company("...") or pass a CIK directly.. Retrying...
2026-06-16 17:31:30,031 | WARNING  | src.fetcher | AMED — attempt 2 failed: Company not found: 'AMED'
  Tip: Search by name with find_company("...") or pass a CIK directly.. Retrying...
2026-06-16 17:31:32,048 | ERROR    | src.fetcher | AMED — failed after 3 retries: Company not found: 'AMED'
  Tip: Search by name with find_company("...") or pass a CIK directly.
2026-06-16 17:31:32,050 | INFO     | src.fetcher | Processing 119/165: NVCR
2026-06-16 17:31:36,525 | WARNING  | src.fetcher | NVCR — FMP market cap/sector lookup failed: 429 Client Error: Too Many Requests for url: https://financialmodelingprep.com/stable/profile?symbol=NVCR&apikey=7LfEu5HY5DFA3EMgxFtGZRhsYZin25JN. Leaving market data as None.
2026-06-16 17:31:36,527 | INFO     | src.fetcher | Processing 120/165: RGEN
2026-06-16 17:31:42,121 | WARNING  | src.fetcher | RGEN — FMP market cap/sector lookup failed: 429 Client Error: Too Many Requests for url: https://financialmodelingprep.com/stable/profile?symbol=RGEN&apikey=7LfEu5HY5DFA3EMgxFtGZRhsYZin25JN. Leaving market data as None.
2026-06-16 17:31:42,127 | INFO     | src.fetcher | Processing 121/165: IART
2026-06-16 17:31:46,605 | WARNING  | src.fetcher | IART — FMP market cap/sector lookup failed: 429 Client Error: Too Many Requests for url: https://financialmodelingprep.com/stable/profile?symbol=IART&apikey=7LfEu5HY5DFA3EMgxFtGZRhsYZin25JN. Leaving market data as None.
2026-06-16 17:31:46,606 | INFO     | src.fetcher | Processing 122/165: MMSI
2026-06-16 17:31:52,375 | WARNING  | src.fetcher | MMSI — FMP market cap/sector lookup failed: 429 Client Error: Too Many Requests for url: https://financialmodelingprep.com/stable/profile?symbol=MMSI&apikey=7LfEu5HY5DFA3EMgxFtGZRhsYZin25JN. Leaving market data as None.
2026-06-16 17:31:52,382 | INFO     | src.fetcher | Processing 123/165: PEN
2026-06-16 17:31:56,563 | WARNING  | src.fetcher | PEN — FMP market cap/sector lookup failed: 429 Client Error: Too Many Requests for url: https://financialmodelingprep.com/stable/profile?symbol=PEN&apikey=7LfEu5HY5DFA3EMgxFtGZRhsYZin25JN. Leaving market data as None.
2026-06-16 17:31:56,564 | INFO     | src.fetcher | Processing 124/165: OSIS
2026-06-16 17:32:01,270 | WARNING  | src.fetcher | OSIS — FMP market cap/sector lookup failed: 429 Client Error: Too Many Requests for url: https://financialmodelingprep.com/stable/profile?symbol=OSIS&apikey=7LfEu5HY5DFA3EMgxFtGZRhsYZin25JN. Leaving market data as None.
2026-06-16 17:32:01,272 | INFO     | src.fetcher | Processing 125/165: ATRC
2026-06-16 17:32:04,807 | WARNING  | src.fetcher | ATRC — FMP market cap/sector lookup failed: 429 Client Error: Too Many Requests for url: https://financialmodelingprep.com/stable/profile?symbol=ATRC&apikey=7LfEu5HY5DFA3EMgxFtGZRhsYZin25JN. Leaving market data as None.
2026-06-16 17:32:04,809 | INFO     | src.fetcher | Processing 126/165: NTRA
2026-06-16 17:32:09,704 | WARNING  | src.fetcher | NTRA — FMP market cap/sector lookup failed: 429 Client Error: Too Many Requests for url: https://financialmodelingprep.com/stable/profile?symbol=NTRA&apikey=7LfEu5HY5DFA3EMgxFtGZRhsYZin25JN. Leaving market data as None.
2026-06-16 17:32:09,712 | INFO     | src.fetcher | Processing 127/165: INSP
2026-06-16 17:32:13,866 | WARNING  | src.fetcher | INSP — FMP market cap/sector lookup failed: 429 Client Error: Too Many Requests for url: https://financialmodelingprep.com/stable/profile?symbol=INSP&apikey=7LfEu5HY5DFA3EMgxFtGZRhsYZin25JN. Leaving market data as None.
2026-06-16 17:32:13,868 | INFO     | src.fetcher | Processing 128/165: SWAV
2026-06-16 17:32:13,874 | WARNING  | src.fetcher | SWAV — attempt 1 failed: Company not found: 'SWAV'
  Tip: Search by name with find_company("...") or pass a CIK directly.. Retrying...
2026-06-16 17:32:14,888 | WARNING  | src.fetcher | SWAV — attempt 2 failed: Company not found: 'SWAV'
  Tip: Search by name with find_company("...") or pass a CIK directly.. Retrying...
2026-06-16 17:32:16,902 | ERROR    | src.fetcher | SWAV — failed after 3 retries: Company not found: 'SWAV'
  Tip: Search by name with find_company("...") or pass a CIK directly.
2026-06-16 17:32:16,904 | INFO     | src.fetcher | Processing 129/165: AXNX
2026-06-16 17:32:16,909 | WARNING  | src.fetcher | AXNX — attempt 1 failed: Company not found: 'AXNX'
  Tip: Search by name with find_company("...") or pass a CIK directly.. Retrying...
2026-06-16 17:32:17,927 | WARNING  | src.fetcher | AXNX — attempt 2 failed: Company not found: 'AXNX'
  Tip: Search by name with find_company("...") or pass a CIK directly.. Retrying...
2026-06-16 17:32:19,942 | ERROR    | src.fetcher | AXNX — failed after 3 retries: Company not found: 'AXNX'
  Tip: Search by name with find_company("...") or pass a CIK directly.
2026-06-16 17:32:19,944 | INFO     | src.fetcher | Processing 130/165: TNDM
2026-06-16 17:32:23,860 | WARNING  | src.fetcher | TNDM — FMP market cap/sector lookup failed: 429 Client Error: Too Many Requests for url: https://financialmodelingprep.com/stable/profile?symbol=TNDM&apikey=7LfEu5HY5DFA3EMgxFtGZRhsYZin25JN. Leaving market data as None.
2026-06-16 17:32:23,861 | INFO     | src.fetcher | Processing 131/165: NVST
2026-06-16 17:32:28,909 | WARNING  | src.fetcher | NVST — FMP market cap/sector lookup failed: 429 Client Error: Too Many Requests for url: https://financialmodelingprep.com/stable/profile?symbol=NVST&apikey=7LfEu5HY5DFA3EMgxFtGZRhsYZin25JN. Leaving market data as None.
2026-06-16 17:32:28,912 | INFO     | src.fetcher | Processing 132/165: ALGN
2026-06-16 17:32:33,686 | WARNING  | src.fetcher | ALGN — FMP market cap/sector lookup failed: 429 Client Error: Too Many Requests for url: https://financialmodelingprep.com/stable/profile?symbol=ALGN&apikey=7LfEu5HY5DFA3EMgxFtGZRhsYZin25JN. Leaving market data as None.
2026-06-16 17:32:33,690 | INFO     | src.fetcher | Processing 133/165: VRTX
2026-06-16 17:32:39,760 | WARNING  | src.fetcher | VRTX — FMP market cap/sector lookup failed: 429 Client Error: Too Many Requests for url: https://financialmodelingprep.com/stable/profile?symbol=VRTX&apikey=7LfEu5HY5DFA3EMgxFtGZRhsYZin25JN. Leaving market data as None.
2026-06-16 17:32:39,763 | INFO     | src.fetcher | Processing 134/165: GMED
2026-06-16 17:32:43,684 | WARNING  | src.fetcher | GMED — FMP market cap/sector lookup failed: 429 Client Error: Too Many Requests for url: https://financialmodelingprep.com/stable/profile?symbol=GMED&apikey=7LfEu5HY5DFA3EMgxFtGZRhsYZin25JN. Leaving market data as None.
2026-06-16 17:32:43,685 | INFO     | src.fetcher | Processing 135/165: CNMD
2026-06-16 17:32:47,644 | WARNING  | src.fetcher | CNMD — FMP market cap/sector lookup failed: 429 Client Error: Too Many Requests for url: https://financialmodelingprep.com/stable/profile?symbol=CNMD&apikey=7LfEu5HY5DFA3EMgxFtGZRhsYZin25JN. Leaving market data as None.
2026-06-16 17:32:47,648 | INFO     | src.fetcher | Processing 136/165: STE
2026-06-16 17:32:52,616 | WARNING  | src.fetcher | STE — FMP market cap/sector lookup failed: 429 Client Error: Too Many Requests for url: https://financialmodelingprep.com/stable/profile?symbol=STE&apikey=7LfEu5HY5DFA3EMgxFtGZRhsYZin25JN. Leaving market data as None.
2026-06-16 17:32:52,620 | INFO     | src.fetcher | Processing 137/165: TFX
2026-06-16 17:32:57,239 | WARNING  | src.fetcher | TFX — FMP market cap/sector lookup failed: 429 Client Error: Too Many Requests for url: https://financialmodelingprep.com/stable/profile?symbol=TFX&apikey=7LfEu5HY5DFA3EMgxFtGZRhsYZin25JN. Leaving market data as None.
2026-06-16 17:32:57,246 | INFO     | src.fetcher | Processing 138/165: XRAY
2026-06-16 17:33:03,384 | WARNING  | src.fetcher | XRAY — FMP market cap/sector lookup failed: 429 Client Error: Too Many Requests for url: https://financialmodelingprep.com/stable/profile?symbol=XRAY&apikey=7LfEu5HY5DFA3EMgxFtGZRhsYZin25JN. Leaving market data as None.
2026-06-16 17:33:03,390 | INFO     | src.fetcher | Processing 139/165: AAPL
2026-06-16 17:33:06,766 | WARNING  | src.fetcher | AAPL — FMP market cap/sector lookup failed: 429 Client Error: Too Many Requests for url: https://financialmodelingprep.com/stable/profile?symbol=AAPL&apikey=7LfEu5HY5DFA3EMgxFtGZRhsYZin25JN. Leaving market data as None.
2026-06-16 17:33:06,769 | INFO     | src.fetcher | Processing 140/165: DELL
2026-06-16 17:33:12,577 | WARNING  | src.fetcher | DELL — FMP market cap/sector lookup failed: 429 Client Error: Too Many Requests for url: https://financialmodelingprep.com/stable/profile?symbol=DELL&apikey=7LfEu5HY5DFA3EMgxFtGZRhsYZin25JN. Leaving market data as None.
2026-06-16 17:33:12,582 | INFO     | src.fetcher | Processing 141/165: HPQ
2026-06-16 17:33:18,471 | WARNING  | src.fetcher | HPQ — FMP market cap/sector lookup failed: 429 Client Error: Too Many Requests for url: https://financialmodelingprep.com/stable/profile?symbol=HPQ&apikey=7LfEu5HY5DFA3EMgxFtGZRhsYZin25JN. Leaving market data as None.
2026-06-16 17:33:18,475 | INFO     | src.fetcher | Processing 142/165: HPE
2026-06-16 17:33:26,079 | WARNING  | src.fetcher | HPE — FMP market cap/sector lookup failed: 429 Client Error: Too Many Requests for url: https://financialmodelingprep.com/stable/profile?symbol=HPE&apikey=7LfEu5HY5DFA3EMgxFtGZRhsYZin25JN. Leaving market data as None.
2026-06-16 17:33:26,084 | INFO     | src.fetcher | Processing 143/165: NTAP
2026-06-16 17:33:32,555 | WARNING  | src.fetcher | NTAP — FMP market cap/sector lookup failed: 429 Client Error: Too Many Requests for url: https://financialmodelingprep.com/stable/profile?symbol=NTAP&apikey=7LfEu5HY5DFA3EMgxFtGZRhsYZin25JN. Leaving market data as None.
2026-06-16 17:33:32,558 | INFO     | src.fetcher | Processing 144/165: STX
2026-06-16 17:33:37,131 | WARNING  | src.fetcher | STX — FMP market cap/sector lookup failed: 429 Client Error: Too Many Requests for url: https://financialmodelingprep.com/stable/profile?symbol=STX&apikey=7LfEu5HY5DFA3EMgxFtGZRhsYZin25JN. Leaving market data as None.
2026-06-16 17:33:37,134 | INFO     | src.fetcher | Processing 145/165: WDC
2026-06-16 17:33:41,943 | WARNING  | src.fetcher | WDC — FMP market cap/sector lookup failed: 429 Client Error: Too Many Requests for url: https://financialmodelingprep.com/stable/profile?symbol=WDC&apikey=7LfEu5HY5DFA3EMgxFtGZRhsYZin25JN. Leaving market data as None.
2026-06-16 17:33:41,947 | INFO     | src.fetcher | Processing 146/165: PSTG
2026-06-16 17:33:41,955 | WARNING  | src.fetcher | PSTG — attempt 1 failed: Company not found: 'PSTG'
  Tip: Search by name with find_company("...") or pass a CIK directly.. Retrying...
2026-06-16 17:33:42,966 | WARNING  | src.fetcher | PSTG — attempt 2 failed: Company not found: 'PSTG'
  Tip: Search by name with find_company("...") or pass a CIK directly.. Retrying...
2026-06-16 17:33:44,979 | ERROR    | src.fetcher | PSTG — failed after 3 retries: Company not found: 'PSTG'
  Tip: Search by name with find_company("...") or pass a CIK directly.
2026-06-16 17:33:44,980 | INFO     | src.fetcher | Processing 147/165: SMCI
2026-06-16 17:33:45,778 | WARNING  | src.fetcher | SMCI — EBITDA not available (operating income or D&A missing), setting None
2026-06-16 17:33:51,214 | WARNING  | src.fetcher | SMCI — FMP market cap/sector lookup failed: 429 Client Error: Too Many Requests for url: https://financialmodelingprep.com/stable/profile?symbol=SMCI&apikey=7LfEu5HY5DFA3EMgxFtGZRhsYZin25JN. Leaving market data as None.
2026-06-16 17:33:51,218 | INFO     | src.fetcher | Processing 148/165: JNPR
2026-06-16 17:33:51,227 | WARNING  | src.fetcher | JNPR — attempt 1 failed: Company not found: 'JNPR'
  Tip: Search by name with find_company("...") or pass a CIK directly.. Retrying...
2026-06-16 17:33:52,246 | WARNING  | src.fetcher | JNPR — attempt 2 failed: Company not found: 'JNPR'
  Tip: Search by name with find_company("...") or pass a CIK directly.. Retrying...
2026-06-16 17:33:54,258 | ERROR    | src.fetcher | JNPR — failed after 3 retries: Company not found: 'JNPR'
  Tip: Search by name with find_company("...") or pass a CIK directly.
2026-06-16 17:33:54,258 | INFO     | src.fetcher | Processing 149/165: CSCO
2026-06-16 17:33:55,253 | WARNING  | src.fetcher | CSCO — EBITDA not available (operating income or D&A missing), setting None
2026-06-16 17:34:00,758 | WARNING  | src.fetcher | CSCO — FMP market cap/sector lookup failed: 429 Client Error: Too Many Requests for url: https://financialmodelingprep.com/stable/profile?symbol=CSCO&apikey=7LfEu5HY5DFA3EMgxFtGZRhsYZin25JN. Leaving market data as None.
2026-06-16 17:34:00,763 | INFO     | src.fetcher | Processing 150/165: ANET
2026-06-16 17:34:04,723 | WARNING  | src.fetcher | ANET — FMP market cap/sector lookup failed: 429 Client Error: Too Many Requests for url: https://financialmodelingprep.com/stable/profile?symbol=ANET&apikey=7LfEu5HY5DFA3EMgxFtGZRhsYZin25JN. Leaving market data as None.
2026-06-16 17:34:04,729 | INFO     | src.fetcher | Processing 151/165: CIEN
2026-06-16 17:34:09,741 | WARNING  | src.fetcher | CIEN — FMP market cap/sector lookup failed: 429 Client Error: Too Many Requests for url: https://financialmodelingprep.com/stable/profile?symbol=CIEN&apikey=7LfEu5HY5DFA3EMgxFtGZRhsYZin25JN. Leaving market data as None.
2026-06-16 17:34:09,745 | INFO     | src.fetcher | Processing 152/165: VIAV
2026-06-16 17:34:14,566 | WARNING  | src.fetcher | VIAV — FMP market cap/sector lookup failed: 429 Client Error: Too Many Requests for url: https://financialmodelingprep.com/stable/profile?symbol=VIAV&apikey=7LfEu5HY5DFA3EMgxFtGZRhsYZin25JN. Leaving market data as None.
2026-06-16 17:34:14,568 | INFO     | src.fetcher | Processing 153/165: CLFD
2026-06-16 17:34:18,133 | WARNING  | src.fetcher | CLFD — FMP market cap/sector lookup failed: 429 Client Error: Too Many Requests for url: https://financialmodelingprep.com/stable/profile?symbol=CLFD&apikey=7LfEu5HY5DFA3EMgxFtGZRhsYZin25JN. Leaving market data as None.
2026-06-16 17:34:18,138 | INFO     | src.fetcher | Processing 154/165: ATEN
2026-06-16 17:34:22,334 | WARNING  | src.fetcher | ATEN — FMP market cap/sector lookup failed: 429 Client Error: Too Many Requests for url: https://financialmodelingprep.com/stable/profile?symbol=ATEN&apikey=7LfEu5HY5DFA3EMgxFtGZRhsYZin25JN. Leaving market data as None.
2026-06-16 17:34:22,337 | INFO     | src.fetcher | Processing 155/165: ARLO
2026-06-16 17:34:26,327 | WARNING  | src.fetcher | ARLO — FMP market cap/sector lookup failed: 429 Client Error: Too Many Requests for url: https://financialmodelingprep.com/stable/profile?symbol=ARLO&apikey=7LfEu5HY5DFA3EMgxFtGZRhsYZin25JN. Leaving market data as None.
2026-06-16 17:34:26,344 | INFO     | src.fetcher | Processing 156/165: CALX
2026-06-16 17:34:30,241 | WARNING  | src.fetcher | CALX — FMP market cap/sector lookup failed: 429 Client Error: Too Many Requests for url: https://financialmodelingprep.com/stable/profile?symbol=CALX&apikey=7LfEu5HY5DFA3EMgxFtGZRhsYZin25JN. Leaving market data as None.
2026-06-16 17:34:30,248 | INFO     | src.fetcher | Processing 157/165: SIFY
2026-06-16 17:34:31,567 | WARNING  | src.fetcher | SIFY — EBITDA not available (operating income or D&A missing), setting None
2026-06-16 17:34:32,844 | WARNING  | src.fetcher | SIFY — FMP market cap/sector lookup failed: 429 Client Error: Too Many Requests for url: https://financialmodelingprep.com/stable/profile?symbol=SIFY&apikey=7LfEu5HY5DFA3EMgxFtGZRhsYZin25JN. Leaving market data as None.
2026-06-16 17:34:32,846 | INFO     | src.fetcher | Processing 158/165: SPOK
2026-06-16 17:34:36,452 | WARNING  | src.fetcher | SPOK — FMP market cap/sector lookup failed: 429 Client Error: Too Many Requests for url: https://financialmodelingprep.com/stable/profile?symbol=SPOK&apikey=7LfEu5HY5DFA3EMgxFtGZRhsYZin25JN. Leaving market data as None.
2026-06-16 17:34:36,453 | INFO     | src.fetcher | Processing 159/165: SYNA
2026-06-16 17:34:40,275 | WARNING  | src.fetcher | SYNA — FMP market cap/sector lookup failed: 429 Client Error: Too Many Requests for url: https://financialmodelingprep.com/stable/profile?symbol=SYNA&apikey=7LfEu5HY5DFA3EMgxFtGZRhsYZin25JN. Leaving market data as None.
2026-06-16 17:34:40,280 | INFO     | src.fetcher | Processing 160/165: VNET
2026-06-16 17:34:41,244 | WARNING  | src.fetcher | VNET — Revenue not available from EDGAR XBRL, setting None
2026-06-16 17:34:42,635 | WARNING  | src.fetcher | VNET — FMP market cap/sector lookup failed: 429 Client Error: Too Many Requests for url: https://financialmodelingprep.com/stable/profile?symbol=VNET&apikey=7LfEu5HY5DFA3EMgxFtGZRhsYZin25JN. Leaving market data as None.
2026-06-16 17:34:42,638 | INFO     | src.fetcher | Processing 161/165: GLW
2026-06-16 17:34:48,031 | WARNING  | src.fetcher | GLW — FMP market cap/sector lookup failed: 429 Client Error: Too Many Requests for url: https://financialmodelingprep.com/stable/profile?symbol=GLW&apikey=7LfEu5HY5DFA3EMgxFtGZRhsYZin25JN. Leaving market data as None.
2026-06-16 17:34:48,034 | INFO     | src.fetcher | Processing 162/165: TEL
2026-06-16 17:34:54,293 | WARNING  | src.fetcher | TEL — FMP market cap/sector lookup failed: 429 Client Error: Too Many Requests for url: https://financialmodelingprep.com/stable/profile?symbol=TEL&apikey=7LfEu5HY5DFA3EMgxFtGZRhsYZin25JN. Leaving market data as None.
2026-06-16 17:34:54,295 | INFO     | src.fetcher | Processing 163/165: APH
2026-06-16 17:35:01,503 | WARNING  | src.fetcher | APH — FMP market cap/sector lookup failed: 429 Client Error: Too Many Requests for url: https://financialmodelingprep.com/stable/profile?symbol=APH&apikey=7LfEu5HY5DFA3EMgxFtGZRhsYZin25JN. Leaving market data as None.
2026-06-16 17:35:01,504 | INFO     | src.fetcher | Processing 164/165: KEYS
2026-06-16 17:35:06,884 | WARNING  | src.fetcher | KEYS — FMP market cap/sector lookup failed: 429 Client Error: Too Many Requests for url: https://financialmodelingprep.com/stable/profile?symbol=KEYS&apikey=7LfEu5HY5DFA3EMgxFtGZRhsYZin25JN. Leaving market data as None.
2026-06-16 17:35:06,887 | INFO     | src.fetcher | Processing 165/165: FFIV
2026-06-16 17:35:10,715 | WARNING  | src.fetcher | FFIV — FMP market cap/sector lookup failed: 429 Client Error: Too Many Requests for url: https://financialmodelingprep.com/stable/profile?symbol=FFIV&apikey=7LfEu5HY5DFA3EMgxFtGZRhsYZin25JN. Leaving market data as None.
2026-06-16 17:35:10,723 | INFO     | src.data_quality | Data quality report written to outputs/data_quality_report.txt
2026-06-16 17:46:47,024 | INFO     | src.data_quality | Data quality report written to /private/var/folders/g_/mmp1t2z93x57zkd20bmq6pn40000gn/T/pytest-of-xiaoweizhang/pytest-9/test_report_contains_all_field0/outputs/data_quality_report.txt
2026-06-16 17:46:47,026 | INFO     | src.data_quality | Data quality report written to /private/var/folders/g_/mmp1t2z93x57zkd20bmq6pn40000gn/T/pytest-of-xiaoweizhang/pytest-9/test_missing_rate_calculation0/outputs/data_quality_report.txt
2026-06-16 17:46:47,026 | INFO     | src.data_quality | Data quality report written to /private/var/folders/g_/mmp1t2z93x57zkd20bmq6pn40000gn/T/pytest-of-xiaoweizhang/pytest-9/test_report_file_written0/outputs/data_quality_report.txt
2026-06-16 17:46:47,027 | INFO     | src.data_quality | Data quality report written to /private/var/folders/g_/mmp1t2z93x57zkd20bmq6pn40000gn/T/pytest-of-xiaoweizhang/pytest-9/test_short_description_count0/outputs/data_quality_report.txt
2026-06-16 17:46:47,029 | INFO     | src.fetcher | Processing 1/1: AAA
2026-06-16 17:46:47,029 | INFO     | src.fetcher | AAA — loaded from cache
2026-06-16 17:46:47,031 | INFO     | src.fetcher | Processing 1/1: BBB
2026-06-16 17:46:47,032 | WARNING  | src.fetcher | BBB — debt/cash not available from EDGAR XBRL, setting net_debt None
2026-06-16 17:46:47,033 | WARNING  | src.fetcher | CCC — attempt 1 failed: EDGAR down. Retrying...
2026-06-16 17:46:47,033 | WARNING  | src.fetcher | CCC — attempt 2 failed: EDGAR down. Retrying...
2026-06-16 17:46:47,035 | INFO     | src.fetcher | Processing 1/1: DDD
2026-06-16 17:46:47,035 | WARNING  | src.fetcher | DDD — attempt 1 failed: EDGAR down. Retrying...
2026-06-16 17:46:47,035 | WARNING  | src.fetcher | DDD — attempt 2 failed: EDGAR down. Retrying...
2026-06-16 17:46:47,035 | ERROR    | src.fetcher | DDD — failed after 3 retries: EDGAR down
2026-06-16 17:46:47,036 | WARNING  | src.fetcher | EEE — ev_ebitda outlier (150), setting None
2026-06-16 17:46:47,037 | WARNING  | src.fetcher | FFF — ev_ebitda outlier (-3), setting None
2026-06-16 17:46:47,038 | INFO     | src.fetcher | Processing 1/1: GGG
2026-06-16 17:46:47,039 | WARNING  | src.fetcher | GGG — debt/cash not available from EDGAR XBRL, setting net_debt None
2026-06-16 17:46:47,039 | WARNING  | src.fetcher | GGG — FMP market cap/sector lookup failed: FMP down. Leaving market data as None.
2026-06-16 17:46:47,040 | INFO     | src.fetcher | Processing 1/1: HHH2
2026-06-16 17:46:47,041 | WARNING  | src.fetcher | HHH2 — FMP market cap/sector lookup failed: FMP down. Leaving market data as None.
2026-06-16 17:46:47,043 | INFO     | src.fetcher | Processing 1/1: HHH
2026-06-16 17:46:47,045 | INFO     | src.fetcher | Processing 1/2: III
2026-06-16 17:46:47,046 | WARNING  | src.fetcher | III — debt/cash not available from EDGAR XBRL, setting net_debt None
2026-06-16 17:46:47,046 | INFO     | src.fetcher | Processing 2/2: JJJ
2026-06-16 17:46:47,046 | WARNING  | src.fetcher | JJJ — debt/cash not available from EDGAR XBRL, setting net_debt None
2026-06-16 17:46:47,048 | INFO     | src.fetcher | Processing 1/1: KKK
2026-06-16 17:46:47,049 | WARNING  | src.fetcher | KKK — debt/cash not available from EDGAR XBRL, setting net_debt None
2026-06-16 17:46:47,050 | INFO     | src.fetcher | Processing 1/1: LLL
2026-06-16 17:46:47,051 | WARNING  | src.fetcher | LLL — debt/cash not available from EDGAR XBRL, setting net_debt None
2026-06-16 17:46:47,053 | INFO     | src.fetcher | Processing 1/1: MMM2
2026-06-16 17:46:47,053 | WARNING  | src.fetcher | MMM2 — debt/cash not available from EDGAR XBRL, setting net_debt None
2026-06-16 17:46:47,055 | WARNING  | src.universe_builder | AAA — failed to fetch market cap: FMP down. Keeping ticker.
2026-06-16 17:46:47,055 | WARNING  | src.universe_builder | BBB — market cap not available. Keeping ticker.
2026-06-16 17:46:47,057 | INFO     | src.universe_builder | CCC — market cap 100000000 below $200000000, filtering out
2026-06-16 18:01:13,374 | INFO     | src.data_quality | Data quality report written to /private/var/folders/g_/mmp1t2z93x57zkd20bmq6pn40000gn/T/pytest-of-xiaoweizhang/pytest-10/test_report_contains_all_field0/outputs/data_quality_report.txt
2026-06-16 18:01:13,375 | INFO     | src.data_quality | Data quality report written to /private/var/folders/g_/mmp1t2z93x57zkd20bmq6pn40000gn/T/pytest-of-xiaoweizhang/pytest-10/test_missing_rate_calculation0/outputs/data_quality_report.txt
2026-06-16 18:01:13,376 | INFO     | src.data_quality | Data quality report written to /private/var/folders/g_/mmp1t2z93x57zkd20bmq6pn40000gn/T/pytest-of-xiaoweizhang/pytest-10/test_report_file_written0/outputs/data_quality_report.txt
2026-06-16 18:01:13,377 | INFO     | src.data_quality | Data quality report written to /private/var/folders/g_/mmp1t2z93x57zkd20bmq6pn40000gn/T/pytest-of-xiaoweizhang/pytest-10/test_short_description_count0/outputs/data_quality_report.txt
2026-06-16 18:01:13,378 | INFO     | src.fetcher | Processing 1/1: AAA
2026-06-16 18:01:13,379 | INFO     | src.fetcher | AAA — loaded from cache
2026-06-16 18:01:13,380 | INFO     | src.fetcher | Processing 1/1: BBB
2026-06-16 18:01:13,381 | WARNING  | src.fetcher | BBB — debt/cash not available from EDGAR XBRL, setting net_debt None
2026-06-16 18:01:13,383 | WARNING  | src.fetcher | CCC — attempt 1 failed: EDGAR down. Retrying...
2026-06-16 18:01:13,383 | WARNING  | src.fetcher | CCC — attempt 2 failed: EDGAR down. Retrying...
2026-06-16 18:01:13,384 | INFO     | src.fetcher | Processing 1/1: DDD
2026-06-16 18:01:13,384 | WARNING  | src.fetcher | DDD — attempt 1 failed: EDGAR down. Retrying...
2026-06-16 18:01:13,385 | WARNING  | src.fetcher | DDD — attempt 2 failed: EDGAR down. Retrying...
2026-06-16 18:01:13,385 | ERROR    | src.fetcher | DDD — failed after 3 retries: EDGAR down
2026-06-16 18:01:13,386 | WARNING  | src.fetcher | EEE — ev_ebitda outlier (150), setting None
2026-06-16 18:01:13,386 | WARNING  | src.fetcher | FFF — ev_ebitda outlier (-3), setting None
2026-06-16 18:01:13,388 | INFO     | src.fetcher | Processing 1/1: GGG
2026-06-16 18:01:13,388 | WARNING  | src.fetcher | GGG — debt/cash not available from EDGAR XBRL, setting net_debt None
2026-06-16 18:01:13,389 | WARNING  | src.fetcher | GGG — FMP market cap/sector lookup failed: FMP down. Leaving market data as None.
2026-06-16 18:01:13,391 | INFO     | src.fetcher | Processing 1/1: HHH2
2026-06-16 18:01:13,392 | WARNING  | src.fetcher | HHH2 — FMP market cap/sector lookup failed: FMP down. Leaving market data as None.
2026-06-16 18:01:13,393 | INFO     | src.fetcher | Processing 1/1: HHH
2026-06-16 18:01:13,396 | INFO     | src.fetcher | Processing 1/2: III
2026-06-16 18:01:13,396 | WARNING  | src.fetcher | III — debt/cash not available from EDGAR XBRL, setting net_debt None
2026-06-16 18:01:13,397 | INFO     | src.fetcher | Processing 2/2: JJJ
2026-06-16 18:01:13,397 | WARNING  | src.fetcher | JJJ — debt/cash not available from EDGAR XBRL, setting net_debt None
2026-06-16 18:01:13,399 | INFO     | src.fetcher | Processing 1/1: KKK
2026-06-16 18:01:13,399 | WARNING  | src.fetcher | KKK — debt/cash not available from EDGAR XBRL, setting net_debt None
2026-06-16 18:01:13,401 | INFO     | src.fetcher | Processing 1/1: LLL
2026-06-16 18:01:13,402 | WARNING  | src.fetcher | LLL — debt/cash not available from EDGAR XBRL, setting net_debt None
2026-06-16 18:01:13,403 | INFO     | src.fetcher | Processing 1/1: MMM2
2026-06-16 18:01:13,404 | WARNING  | src.fetcher | MMM2 — debt/cash not available from EDGAR XBRL, setting net_debt None
2026-06-16 18:01:13,405 | INFO     | src.llm_analyzer | Analyzing AAA...
2026-06-16 18:01:13,407 | INFO     | src.llm_analyzer | Analyzing BBB...
2026-06-16 18:01:13,409 | INFO     | src.llm_analyzer | Analyzing CCC...
2026-06-16 18:01:13,409 | WARNING  | src.llm_analyzer | CCC — failed to parse LLM JSON response: Expecting value: line 1 column 1 (char 0)
2026-06-16 18:01:13,411 | INFO     | src.llm_analyzer | Analyzing DDD...
2026-06-16 18:01:13,412 | INFO     | src.llm_analyzer | Analyzing EEE...
2026-06-16 18:01:13,416 | WARNING  | src.universe_builder | AAA — failed to fetch market cap: FMP down. Keeping ticker.
2026-06-16 18:01:13,417 | WARNING  | src.universe_builder | BBB — market cap not available. Keeping ticker.
2026-06-16 18:01:13,418 | INFO     | src.universe_builder | CCC — market cap 100000000 below $200000000, filtering out
2026-06-16 18:07:13,656 | INFO     | src.data_quality | Data quality report written to /private/var/folders/g_/mmp1t2z93x57zkd20bmq6pn40000gn/T/pytest-of-xiaoweizhang/pytest-11/test_report_contains_all_field0/outputs/data_quality_report.txt
2026-06-16 18:07:13,657 | INFO     | src.data_quality | Data quality report written to /private/var/folders/g_/mmp1t2z93x57zkd20bmq6pn40000gn/T/pytest-of-xiaoweizhang/pytest-11/test_missing_rate_calculation0/outputs/data_quality_report.txt
2026-06-16 18:07:13,658 | INFO     | src.data_quality | Data quality report written to /private/var/folders/g_/mmp1t2z93x57zkd20bmq6pn40000gn/T/pytest-of-xiaoweizhang/pytest-11/test_report_file_written0/outputs/data_quality_report.txt
2026-06-16 18:07:13,659 | INFO     | src.data_quality | Data quality report written to /private/var/folders/g_/mmp1t2z93x57zkd20bmq6pn40000gn/T/pytest-of-xiaoweizhang/pytest-11/test_short_description_count0/outputs/data_quality_report.txt
2026-06-16 18:07:13,660 | INFO     | src.fetcher | Processing 1/1: AAA
2026-06-16 18:07:13,660 | INFO     | src.fetcher | AAA — loaded from cache
2026-06-16 18:07:13,662 | INFO     | src.fetcher | Processing 1/1: BBB
2026-06-16 18:07:13,663 | WARNING  | src.fetcher | BBB — debt/cash not available from EDGAR XBRL, setting net_debt None
2026-06-16 18:07:13,665 | WARNING  | src.fetcher | CCC — attempt 1 failed: EDGAR down. Retrying...
2026-06-16 18:07:13,665 | WARNING  | src.fetcher | CCC — attempt 2 failed: EDGAR down. Retrying...
2026-06-16 18:07:13,666 | INFO     | src.fetcher | Processing 1/1: DDD
2026-06-16 18:07:13,666 | WARNING  | src.fetcher | DDD — attempt 1 failed: EDGAR down. Retrying...
2026-06-16 18:07:13,667 | WARNING  | src.fetcher | DDD — attempt 2 failed: EDGAR down. Retrying...
2026-06-16 18:07:13,667 | ERROR    | src.fetcher | DDD — failed after 3 retries: EDGAR down
2026-06-16 18:07:13,668 | WARNING  | src.fetcher | EEE — ev_ebitda outlier (150), setting None
2026-06-16 18:07:13,668 | WARNING  | src.fetcher | FFF — ev_ebitda outlier (-3), setting None
2026-06-16 18:07:13,670 | INFO     | src.fetcher | Processing 1/1: GGG
2026-06-16 18:07:13,671 | WARNING  | src.fetcher | GGG — debt/cash not available from EDGAR XBRL, setting net_debt None
2026-06-16 18:07:13,671 | WARNING  | src.fetcher | GGG — FMP market cap/sector lookup failed: FMP down. Leaving market data as None.
2026-06-16 18:07:13,672 | INFO     | src.fetcher | Processing 1/1: HHH2
2026-06-16 18:07:13,673 | WARNING  | src.fetcher | HHH2 — FMP market cap/sector lookup failed: FMP down. Leaving market data as None.
2026-06-16 18:07:13,676 | INFO     | src.fetcher | Processing 1/1: HHH
2026-06-16 18:07:13,678 | INFO     | src.fetcher | Processing 1/2: III
2026-06-16 18:07:13,679 | WARNING  | src.fetcher | III — debt/cash not available from EDGAR XBRL, setting net_debt None
2026-06-16 18:07:13,679 | INFO     | src.fetcher | Processing 2/2: JJJ
2026-06-16 18:07:13,680 | WARNING  | src.fetcher | JJJ — debt/cash not available from EDGAR XBRL, setting net_debt None
2026-06-16 18:07:13,681 | INFO     | src.fetcher | Processing 1/1: KKK
2026-06-16 18:07:13,682 | WARNING  | src.fetcher | KKK — debt/cash not available from EDGAR XBRL, setting net_debt None
2026-06-16 18:07:13,684 | INFO     | src.fetcher | Processing 1/1: LLL
2026-06-16 18:07:13,684 | WARNING  | src.fetcher | LLL — debt/cash not available from EDGAR XBRL, setting net_debt None
2026-06-16 18:07:13,686 | INFO     | src.fetcher | Processing 1/1: MMM2
2026-06-16 18:07:13,687 | WARNING  | src.fetcher | MMM2 — debt/cash not available from EDGAR XBRL, setting net_debt None
2026-06-16 18:07:13,689 | INFO     | src.llm_analyzer | Analyzing AAA...
2026-06-16 18:07:13,690 | INFO     | src.llm_analyzer | Analyzing BBB...
2026-06-16 18:07:13,692 | INFO     | src.llm_analyzer | Analyzing CCC...
2026-06-16 18:07:13,692 | WARNING  | src.llm_analyzer | CCC — failed to parse LLM JSON response: Expecting value: line 1 column 1 (char 0)
2026-06-16 18:07:13,694 | INFO     | src.llm_analyzer | Analyzing DDD...
2026-06-16 18:07:13,696 | INFO     | src.llm_analyzer | Analyzing EEE...
2026-06-16 18:07:13,700 | WARNING  | src.universe_builder | AAA — failed to fetch market cap: FMP down. Keeping ticker.
2026-06-16 18:07:13,701 | WARNING  | src.universe_builder | BBB — market cap not available. Keeping ticker.
2026-06-16 18:07:13,703 | INFO     | src.universe_builder | CCC — market cap 100000000 below $200000000, filtering out
2026-06-16 18:08:21,517 | INFO     | src.llm_analyzer | Analyzing AAON...
2026-06-16 18:08:36,192 | INFO     | src.llm_analyzer | Analyzing AAPL...
2026-06-16 18:08:39,089 | INFO     | src.llm_analyzer | Analyzing ABT...
2026-06-16 18:08:42,333 | INFO     | src.llm_analyzer | Analyzing ACCO...
2026-06-16 18:08:45,335 | INFO     | src.llm_analyzer | Analyzing AIT...
2026-06-16 18:08:47,876 | INFO     | src.llm_analyzer | Analyzing ALGN...
2026-06-16 18:08:51,137 | INFO     | src.llm_analyzer | Analyzing ALLE...
2026-06-16 18:08:53,389 | INFO     | src.llm_analyzer | Analyzing AME...
2026-06-16 18:08:58,580 | INFO     | src.llm_analyzer | Analyzing ANET...
2026-06-16 18:09:00,755 | INFO     | src.llm_analyzer | Analyzing AOS...
2026-06-16 18:09:20,702 | INFO     | src.llm_analyzer | Analyzing APH...
2026-06-16 18:09:24,056 | INFO     | src.llm_analyzer | Analyzing ARLO...
2026-06-16 18:09:26,668 | INFO     | src.llm_analyzer | Analyzing ASTE...
2026-06-16 18:09:30,351 | INFO     | src.llm_analyzer | Analyzing ATEN...
2026-06-16 18:09:32,734 | INFO     | src.llm_analyzer | Analyzing ATI...
2026-06-16 18:09:35,180 | INFO     | src.llm_analyzer | Analyzing ATRC...
2026-06-16 18:09:37,852 | INFO     | src.llm_analyzer | Analyzing AWI...
2026-06-16 18:09:41,081 | INFO     | src.llm_analyzer | Analyzing AYI...
2026-06-16 18:09:43,304 | INFO     | src.llm_analyzer | Analyzing BAX...
2026-06-16 18:09:46,243 | INFO     | src.llm_analyzer | Analyzing BDX...
2026-06-16 18:16:35,488 | INFO     | src.llm_analyzer | Analyzing BLDR...
2026-06-16 18:16:37,889 | INFO     | src.llm_analyzer | Analyzing BMI...
2026-06-16 18:16:39,949 | INFO     | src.llm_analyzer | Analyzing BSX...
2026-06-16 18:16:41,979 | INFO     | src.llm_analyzer | Analyzing CALX...
2026-06-16 18:16:44,591 | INFO     | src.llm_analyzer | Analyzing CARR...
2026-06-16 18:16:47,211 | INFO     | src.llm_analyzer | Analyzing CAT...
2026-06-16 18:16:49,373 | INFO     | src.llm_analyzer | Analyzing CIEN...
2026-06-16 18:16:51,821 | INFO     | src.llm_analyzer | Analyzing CLF...
2026-06-16 18:16:53,984 | INFO     | src.llm_analyzer | Analyzing CLFD...
2026-06-16 18:16:56,184 | INFO     | src.llm_analyzer | Analyzing CMI...
2026-06-16 18:16:58,625 | INFO     | src.llm_analyzer | Analyzing CNMD...
2026-06-16 18:17:01,250 | INFO     | src.llm_analyzer | Analyzing CR...
2026-06-16 18:17:17,336 | INFO     | src.llm_analyzer | Analyzing CRS...
2026-06-16 18:17:20,127 | INFO     | src.llm_analyzer | Analyzing CSCO...
2026-06-16 18:17:22,451 | INFO     | src.llm_analyzer | Analyzing CSL...
2026-06-16 18:17:24,840 | INFO     | src.llm_analyzer | Analyzing CW...
2026-06-16 18:17:27,041 | INFO     | src.llm_analyzer | Analyzing DCI...
2026-06-16 18:17:29,646 | INFO     | src.llm_analyzer | Analyzing DE...
2026-06-16 18:17:32,974 | INFO     | src.llm_analyzer | Analyzing DELL...
2026-06-16 18:17:35,373 | INFO     | src.llm_analyzer | Analyzing DOV...
2026-06-16 18:17:38,114 | INFO     | src.llm_analyzer | Analyzing DXCM...
2026-06-16 18:17:40,771 | INFO     | src.llm_analyzer | Analyzing DXPE...
2026-06-16 18:17:43,293 | INFO     | src.llm_analyzer | Analyzing EME...
2026-06-16 18:17:45,467 | INFO     | src.llm_analyzer | Analyzing EMR...
2026-06-16 18:17:47,651 | INFO     | src.llm_analyzer | Analyzing ESAB...
2026-06-16 18:17:49,894 | INFO     | src.llm_analyzer | Analyzing EW...
2026-06-16 18:17:53,153 | INFO     | src.llm_analyzer | Analyzing EXP...
2026-06-16 18:17:55,676 | INFO     | src.llm_analyzer | Analyzing FAST...
2026-06-16 18:17:59,080 | INFO     | src.llm_analyzer | Analyzing FELE...
2026-06-16 18:18:01,695 | INFO     | src.llm_analyzer | Analyzing FFIV...
2026-06-16 18:18:04,283 | INFO     | src.llm_analyzer | Analyzing FLS...
2026-06-16 18:18:06,957 | INFO     | src.llm_analyzer | Analyzing GD...
2026-06-16 18:18:09,554 | INFO     | src.llm_analyzer | Analyzing GE...
2026-06-16 18:18:12,179 | INFO     | src.llm_analyzer | Analyzing GFF...
2026-06-16 18:18:14,540 | INFO     | src.llm_analyzer | Analyzing GGG...
2026-06-16 18:18:16,826 | INFO     | src.llm_analyzer | Analyzing GLW...
2026-06-16 18:18:19,082 | INFO     | src.llm_analyzer | Analyzing GMED...
2026-06-16 18:18:21,267 | INFO     | src.llm_analyzer | Analyzing GNRC...
2026-06-16 18:18:23,911 | INFO     | src.llm_analyzer | Analyzing GTLS...
2026-06-16 18:18:26,053 | INFO     | src.llm_analyzer | Analyzing GWW...
2026-06-16 18:18:29,065 | INFO     | src.llm_analyzer | Analyzing HAE...
2026-06-16 18:18:31,799 | INFO     | src.llm_analyzer | Analyzing HCSG...
2026-06-16 18:18:34,952 | INFO     | src.llm_analyzer | Analyzing HEI...
2026-06-16 18:18:37,388 | INFO     | src.llm_analyzer | Analyzing HII...
2026-06-16 18:18:40,116 | INFO     | src.llm_analyzer | Analyzing HON...
2026-06-16 18:18:42,491 | INFO     | src.llm_analyzer | Analyzing HPE...
2026-06-16 18:18:44,886 | INFO     | src.llm_analyzer | Analyzing HPQ...
2026-06-16 18:18:48,214 | INFO     | src.llm_analyzer | Analyzing HUBB...
2026-06-16 18:18:50,972 | INFO     | src.llm_analyzer | Analyzing HXL...
2026-06-16 18:18:53,364 | INFO     | src.llm_analyzer | Analyzing IART...
2026-06-16 18:18:55,786 | INFO     | src.llm_analyzer | Analyzing ICUI...
2026-06-16 18:18:59,798 | INFO     | src.llm_analyzer | Analyzing IEX...
2026-06-16 18:19:02,701 | INFO     | src.llm_analyzer | Analyzing INSP...
2026-06-16 18:19:05,264 | INFO     | src.llm_analyzer | Analyzing IR...
2026-06-16 18:19:09,961 | INFO     | src.llm_analyzer | Analyzing ISRG...
2026-06-16 18:29:13,728 | INFO     | src.llm_analyzer | Analyzing ITT...
2026-06-16 18:29:17,001 | INFO     | src.llm_analyzer | Analyzing ITW...
2026-06-16 18:29:20,087 | INFO     | src.llm_analyzer | Analyzing JCI...
2026-06-16 18:29:23,054 | INFO     | src.llm_analyzer | Analyzing KEYS...
2026-06-16 18:29:25,789 | INFO     | src.llm_analyzer | Analyzing KMT...
2026-06-16 18:29:28,421 | INFO     | src.llm_analyzer | Analyzing LECO...
2026-06-16 18:29:32,465 | INFO     | src.llm_analyzer | Analyzing LHX...
2026-06-16 18:29:35,034 | INFO     | src.llm_analyzer | Analyzing LII...
2026-06-16 18:29:37,325 | INFO     | src.llm_analyzer | Analyzing LMT...
2026-06-16 18:29:40,036 | INFO     | src.llm_analyzer | Analyzing LYTS...
2026-06-16 18:29:43,685 | INFO     | src.llm_analyzer | Analyzing MAS...
2026-06-16 18:29:46,587 | INFO     | src.llm_analyzer | Analyzing MDT...
2026-06-16 18:29:48,877 | INFO     | src.llm_analyzer | Analyzing MLM...
2026-06-16 18:29:51,742 | INFO     | src.llm_analyzer | Analyzing MMM...
2026-06-16 18:29:54,220 | INFO     | src.llm_analyzer | Analyzing MMSI...
2026-06-16 18:29:56,199 | INFO     | src.llm_analyzer | Analyzing MOG.A...
2026-06-16 18:29:58,384 | INFO     | src.llm_analyzer | Analyzing MSM...
2026-06-16 18:30:00,587 | INFO     | src.llm_analyzer | Analyzing MTZ...
2026-06-16 18:30:03,535 | INFO     | src.llm_analyzer | Analyzing MWA...
2026-06-16 18:30:06,819 | INFO     | src.llm_analyzer | Analyzing NDSN...
2026-06-16 18:30:08,984 | INFO     | src.llm_analyzer | Analyzing NOC...
2026-06-16 18:30:12,454 | INFO     | src.llm_analyzer | Analyzing NTAP...
2026-06-16 18:30:15,395 | INFO     | src.llm_analyzer | Analyzing NTRA...
2026-06-16 18:30:17,874 | INFO     | src.llm_analyzer | Analyzing NUE...
2026-06-16 18:30:21,016 | INFO     | src.llm_analyzer | Analyzing NVCR...
2026-06-16 18:30:24,040 | INFO     | src.llm_analyzer | Analyzing NVST...
2026-06-16 18:30:28,379 | INFO     | src.llm_analyzer | Analyzing NVT...
2026-06-16 18:30:34,737 | INFO     | src.llm_analyzer | Analyzing OSIS...
2026-06-16 18:30:37,703 | INFO     | src.llm_analyzer | Analyzing OTIS...
2026-06-16 18:30:40,570 | INFO     | src.llm_analyzer | Analyzing PCAR...
2026-06-16 18:30:43,082 | INFO     | src.llm_analyzer | Analyzing PEN...
2026-06-16 18:30:46,004 | INFO     | src.llm_analyzer | Analyzing PH...
2026-06-16 18:30:48,378 | INFO     | src.llm_analyzer | Analyzing PNR...
2026-06-16 18:30:51,460 | INFO     | src.llm_analyzer | Analyzing POWL...
2026-06-16 18:30:54,570 | INFO     | src.llm_analyzer | Analyzing PWR...
2026-06-16 18:30:56,854 | INFO     | src.llm_analyzer | Analyzing RGEN...
2026-06-16 18:30:59,935 | INFO     | src.llm_analyzer | Analyzing RMD...
2026-06-16 18:31:03,305 | INFO     | src.llm_analyzer | Analyzing ROK...
2026-06-16 18:31:05,956 | INFO     | src.llm_analyzer | Analyzing RRX...
2026-06-16 18:31:08,659 | INFO     | src.llm_analyzer | Analyzing RS...
2026-06-16 18:31:11,695 | INFO     | src.llm_analyzer | Analyzing RTX...
2026-06-16 18:31:14,318 | INFO     | src.llm_analyzer | Analyzing SITE...
2026-06-16 18:31:17,148 | INFO     | src.llm_analyzer | Analyzing SMCI...
2026-06-16 18:31:20,604 | INFO     | src.llm_analyzer | Analyzing SPOK...
2026-06-16 18:31:23,227 | INFO     | src.llm_analyzer | Analyzing SPXC...
2026-06-16 18:31:25,509 | INFO     | src.llm_analyzer | Analyzing STE...
2026-06-16 18:31:28,309 | INFO     | src.llm_analyzer | Analyzing STLD...
2026-06-16 18:31:31,880 | INFO     | src.llm_analyzer | Analyzing STX...
2026-06-16 18:31:35,050 | INFO     | src.llm_analyzer | Analyzing SWK...
2026-06-16 18:31:37,905 | INFO     | src.llm_analyzer | Analyzing SYK...
2026-06-16 18:31:40,783 | INFO     | src.llm_analyzer | Analyzing SYNA...
2026-06-16 18:31:46,026 | INFO     | src.llm_analyzer | Analyzing TDG...
2026-06-16 18:31:52,374 | INFO     | src.llm_analyzer | Analyzing TEL...
2026-06-16 18:31:56,607 | INFO     | src.llm_analyzer | Analyzing TFX...
2026-06-16 18:31:59,317 | INFO     | src.llm_analyzer | Analyzing THR...
2026-06-16 18:32:04,221 | INFO     | src.llm_analyzer | Analyzing TKR...
2026-06-16 18:32:09,508 | INFO     | src.llm_analyzer | Analyzing TNDM...
2026-06-16 18:32:12,206 | INFO     | src.llm_analyzer | Analyzing TRMK...
2026-06-16 18:32:15,453 | INFO     | src.llm_analyzer | Analyzing TT...
2026-06-16 18:32:19,852 | INFO     | src.llm_analyzer | Analyzing TXT...
2026-06-16 18:32:22,874 | INFO     | src.llm_analyzer | Analyzing VIAV...
2026-06-16 18:32:25,329 | INFO     | src.llm_analyzer | Analyzing VMC...
2026-06-16 18:32:27,897 | INFO     | src.llm_analyzer | Analyzing VRTX...
2026-06-16 18:32:31,100 | INFO     | src.llm_analyzer | Analyzing WCC...
2026-06-16 18:32:34,358 | INFO     | src.llm_analyzer | Analyzing WDC...
2026-06-16 18:32:39,105 | INFO     | src.llm_analyzer | Analyzing WSO...
2026-06-16 18:32:41,871 | INFO     | src.llm_analyzer | Analyzing WTS...
2026-06-16 18:32:45,303 | INFO     | src.llm_analyzer | Analyzing XRAY...
2026-06-16 18:32:50,088 | INFO     | src.llm_analyzer | Analyzing XYL...
2026-06-16 18:32:53,287 | INFO     | src.llm_analyzer | Analyzing ZBH...
